年,月,日,時,分,縣市,區,死,受傷,2-30,天候,光線,道路類別,速限,道路型態,事故位置,路面鋪裝,路面狀態,路面缺陷,障礙物,視距,號誌種類,號誌動作,分向設施,快車道或一般車道間,快慢車道間,路面邊線,事故類型及型態,主要肇因,受傷程度,主要傷處,保護裝備,行動電話,當事者區分,車輛用途,當事者行動狀態,駕駛資格情形,駕駛執照種類,飲酒情形,車輛撞擊部位最初,車輛撞擊部位其他,肇事因素個別,肇事因素主要,肇事逃逸,職業,旅次目的,車種,GPS緯度,GPS經度,事故類別
2023,2,1,17,0,臺中市,清水區,0,0,0,8,,,40,,,,,,,,,,,,,,,23,,,,,B03,,,1,,2,,,23,,1,21,,B03,120.575374,24.268685,3
2023,2,1,17,2,臺中市,沙鹿區,0,0,0,8,,,50,,,,,,,,,,,,,,,23,,,,,C03,,,1,,2,,,23,,1,18,,C03,120.565514,24.243244,3
2023,2,1,17,5,臺中市,北屯區,0,0,0,8,,,40,,,,,,,,,,,,,,,42,,,,,C03,,,1,,1,,,42,,1,21,,C03,120.670326,24.18471,3
2023,2,1,17,11,臺中市,太平區,0,3,0,8,1,5,50,3,1,1,5,4,5,7,4,4,5,5,5,2,16,6,2,9,1,1,C03,7,6,1,10,2,14,,6,6,1,5,9,C03,120.717421,24.119695,2
2023,2,1,17,13,臺中市,西區,0,1,0,8,1,5,50,14,9,1,5,4,5,7,4,4,5,5,5,2,17,19,2,9,1,1,C03,7,1,1,10,2,14,,19,19,1,5,8,C03,120.65426,24.150059,2
2023,2,1,17,15,臺中市,豐原區,0,3,0,8,1,5,50,14,7,1,5,4,5,7,4,4,9,4,4,2,16,10,2,9,1,1,C03,7,11,1,10,2,14,,10,10,1,22,8,C03,120.733563,24.25471,2
2023,2,1,17,16,臺中市,北區,0,1,0,8,1,5,50,4,1,1,5,4,5,7,4,4,5,5,5,2,15,6,2,9,1,1,C03,7,9,1,10,2,12,,6,6,1,21,8,C03,120.666724,24.16043,2
2023,2,1,17,16,臺中市,北屯區,0,0,0,8,,,50,,,,,,,,,,,,,,,23,,,,,B03,,,1,,2,,,23,,1,21,,B03,120.685495,24.20084,3
2023,2,1,17,17,臺中市,大里區,0,2,0,8,1,5,50,3,1,1,5,4,5,7,4,4,9,4,5,1,16,6,2,9,1,1,C03,7,5,1,10,2,12,,6,6,1,22,9,C03,120.688631,24.09136,2
2023,2,1,17,17,臺中市,沙鹿區,0,2,0,8,1,5,50,14,9,1,5,4,5,7,4,4,10,5,5,2,17,26,3,10,1,1,C03,7,9,1,10,2,12,,26,26,1,21,8,C03,120.566098,24.236445,2
2023,2,1,17,18,臺中市,太平區,0,1,0,8,1,5,50,4,1,1,5,4,5,7,1,1,10,5,5,2,3,23,3,10,1,1,B03,7,5,1,8,2,1,,23,23,1,22,5,B03,120.719896,24.156303,2
2023,2,1,17,20,臺中市,西屯區,0,3,0,8,1,5,50,4,2,1,5,4,5,7,2,1,8,3,5,1,13,23,2,9,1,1,C03,7,6,1,10,2,11,,23,23,1,22,8,C03,120.655099,24.176111,2
2023,2,1,17,20,臺中市,大肚區,0,2,0,8,2,5,30,3,1,1,5,4,5,7,4,4,10,5,5,2,16,8,3,10,1,1,C03,7,5,1,10,2,11,,8,8,1,4,8,C03,120.566033,24.125413,2
2023,2,1,17,25,臺中市,北區,0,2,0,8,3,5,50,4,1,1,5,4,5,7,1,1,10,5,5,2,12,6,2,9,3,4,C03,7,5,4,8,2,11,,6,6,1,5,8,C03,120.675707,24.169975,2
2023,2,1,17,27,臺中市,南屯區,0,2,0,8,3,5,50,14,9,1,5,4,5,7,4,4,3,4,5,2,13,16,3,10,3,4,C03,7,9,1,10,2,11,13,16,16,1,22,8,C03,120.624747,24.149002,2
2023,2,1,17,27,臺中市,西屯區,0,1,0,8,1,5,30,4,1,1,5,4,5,7,4,4,10,5,5,2,16,44,3,10,1,1,B03,7,5,1,8,2,7,,44,44,1,22,8,B03,120.616467,24.171312,2
2023,2,1,17,28,臺中市,南屯區,0,1,0,8,1,5,50,14,9,1,5,4,5,7,4,4,3,4,5,2,13,16,2,9,3,4,C03,7,9,1,10,2,11,13,16,16,1,22,8,C03,120.624702,24.149097,2
2023,2,1,17,29,臺中市,西屯區,0,0,0,8,,,50,,,,,,,,,,,,,,,23,,,,,C03,,,1,,1,,,23,23,1,22,,C03,120.624916,24.179516,3
2023,2,1,17,30,臺中市,北區,0,0,0,8,,,50,,,,,,,,,,,,,,,12,,,,,B03,,,1,,2,,,12,,1,22,,B03,120.681133,24.161348,3
2023,2,1,17,30,臺中市,北區,0,0,0,8,,,50,,,,,,,,,,,,,,,23,,,,,B03,,,1,,11,,,23,,1,22,,B03,120.670655,24.166886,3
2023,2,1,17,30,臺中市,太平區,0,0,0,8,,,30,,,,,,,,,,,,,,,6,,,,,B03,,,1,,2,,,6,,1,21,,B03,120.703644,24.112422,3
2023,2,1,17,31,臺中市,梧棲區,0,2,0,8,1,5,50,3,1,1,5,4,5,7,3,1,10,5,5,1,16,6,2,9,1,1,C03,7,5,1,10,2,12,,6,6,1,17,8,C03,120.552279,24.237807,2
2023,2,1,17,36,臺中市,南區,0,1,0,8,3,5,50,4,1,1,5,4,5,7,4,4,10,5,5,2,16,26,2,9,1,1,C03,7,5,1,10,2,12,,26,26,1,21,8,C03,120.663394,24.119716,2
2023,2,1,17,40,臺中市,南區,0,1,0,8,2,5,50,14,9,1,5,4,5,7,4,4,5,5,5,2,1,23,3,10,1,1,B03,7,9,1,8,2,2,,23,23,1,21,8,B03,120.675274,24.129536,2
2023,2,1,17,41,臺中市,西屯區,0,1,0,8,2,5,50,14,9,1,5,4,5,7,4,4,4,3,5,2,16,6,3,10,1,1,C03,7,6,1,10,2,12,,6,6,1,22,8,C03,120.641381,24.162412,2
2023,2,1,17,42,臺中市,大雅區,0,2,0,8,1,5,50,5,2,1,5,4,5,7,1,1,5,4,4,1,16,6,2,8,1,1,C03,7,5,1,10,2,11,,6,6,1,22,9,C03,120.648902,24.218069,2
2023,2,1,17,44,臺中市,南屯區,0,0,0,,,,50,,,,,,,,,,,,,,,13,,,,,B03,,,1,,2,,,13,,1,22,,B03,120.651486,24.151398,3
2023,2,1,17,48,臺中市,大里區,0,2,0,8,3,5,50,14,9,1,5,4,5,7,4,4,5,4,5,1,17,19,2,7,1,1,C03,7,1,1,10,2,11,,19,19,1,22,8,C03,120.689936,24.109818,2
2023,2,1,17,53,臺中市,西區,0,2,0,8,3,5,40,14,8,1,5,4,5,7,4,4,1,5,4,2,13,23,2,9,3,4,C03,7,9,1,10,2,11,,23,23,1,22,5,C03,120.658663,24.140149,2
2023,2,1,17,53,臺中市,北屯區,0,0,0,8,,,40,,,,,,,,,,,,,,,23,,,,,B03,,,1,,11,,,23,,1,22,,B03,120.686512,24.193214,3
2023,2,1,17,53,臺中市,豐原區,0,0,0,8,,,50,,,,,,,,,,,,,,,42,,,,,B03,,,1,,2,,,42,42,1,22,,B03,120.70916,24.250305,3
2023,2,1,17,54,臺中市,大里區,0,2,0,8,3,5,50,14,7,1,5,4,5,7,3,1,5,5,4,1,17,3,2,8,1,1,F01,7,15,8,20,2,16,,3,3,1,15,8,F01,120.687113,24.115286,2
2023,2,1,17,59,臺中市,龍井區,0,2,0,8,1,5,40,3,1,1,5,4,5,7,4,4,10,5,5,2,16,6,2,9,1,1,C03,7,5,1,10,2,12,,6,6,1,12,1,C03,120.57309,24.192048,2
2023,2,1,18,3,臺中市,大里區,0,2,0,8,3,5,50,3,4,1,5,4,5,7,2,1,1,4,4,1,13,16,2,9,1,1,C03,7,9,6,18,2,11,,16,16,1,5,8,C03,120.678098,24.104083,2
2023,2,1,18,3,臺中市,梧棲區,0,0,0,8,,,50,,,,,,,,,,,,,,,23,,,,,B03,,,1,,2,,,23,23,1,12,,B03,120.527741,24.24403,3
2023,2,1,18,4,臺中市,北屯區,0,2,0,8,3,5,50,4,1,1,5,4,5,7,2,1,10,5,5,2,16,6,2,9,1,1,C03,7,5,1,10,2,12,,6,6,1,21,8,C03,120.660546,24.188796,2
2023,2,1,18,4,臺中市,太平區,0,0,0,8,,,50,,,,,,,,,,,,,,,8,,,,,B03,,,1,,2,,,8,,1,5,,B03,120.72685,24.125713,3
2023,2,1,18,8,臺中市,北屯區,0,2,0,8,3,5,50,3,1,1,5,4,5,7,4,4,10,4,5,2,16,8,2,9,1,1,C03,7,5,1,10,2,14,,8,8,1,21,1,C03,120.760716,24.199806,2
2023,2,1,18,10,臺中市,北屯區,0,3,0,8,3,5,50,14,9,1,5,4,5,7,4,4,5,4,5,2,16,19,3,10,1,1,B03,7,1,1,8,2,1,,19,19,1,21,8,B03,120.716448,24.175293,2
2023,2,1,18,13,臺中市,東區,0,1,0,7,3,5,50,14,7,1,5,4,5,7,4,4,9,5,4,2,13,23,3,10,1,1,B03,7,9,1,8,2,1,,23,23,1,22,8,B03,120.708635,24.140625,2
2023,2,1,18,15,臺中市,北屯區,0,0,0,8,,,30,,,,,,,,,,,,,,,23,,,,,B02,,,1,,1,,,23,,1,22,,B02,120.695388,24.162126,3
2023,2,1,18,15,臺中市,烏日區,0,2,0,8,4,5,50,8,13,1,5,4,5,7,4,4,2,4,5,1,13,23,2,9,1,1,C03,7,9,1,10,2,11,,23,23,1,21,8,C03,120.64388,24.088975,2
2023,2,1,18,17,臺中市,西屯區,0,0,0,8,,,40,,,,,,,,,,,,,,,7,,,,,C03,,,1,,1,,,7,,1,22,,C03,120.65777,24.15806,3
2023,2,1,18,18,臺中市,西屯區,0,1,0,8,2,5,50,14,7,1,5,4,5,7,4,4,4,4,4,2,17,19,3,10,1,1,B03,7,1,1,8,2,8,,19,19,1,21,8,B03,120.593938,24.179228,2
2023,2,1,18,19,臺中市,西屯區,0,1,0,8,3,5,50,14,9,1,5,4,5,7,4,4,9,5,5,2,27,42,2,9,3,4,C03,7,9,1,10,2,12,,42,42,1,22,8,C03,120.607039,24.15597,2
2023,2,1,18,20,臺中市,南屯區,0,0,0,,,,50,,,,,,,,,,,,,,,6,,,,,B03,,,1,,2,,,6,,1,22,,B03,120.644753,24.143642,3
2023,2,1,18,21,臺中市,太平區,0,2,0,8,3,5,50,3,1,1,5,4,5,7,3,1,5,5,5,1,16,6,2,9,1,1,C03,7,9,1,10,2,11,,6,6,1,21,8,C03,120.721957,24.1195,2
2023,2,1,18,23,臺中市,西屯區,0,1,0,8,3,5,50,3,2,1,5,4,5,7,2,1,8,3,5,1,9,42,3,10,1,1,B01,7,5,1,4,2,4,,42,42,1,22,8,B01,120.604772,24.187601,2
2023,2,1,18,25,臺中市,北屯區,0,0,0,8,,,50,,,,,,,,,,,,,,,7,,,,,B03,,,1,,2,,,7,,1,4,,B03,120.693945,24.164634,3
2023,2,1,18,28,臺中市,西屯區,0,0,0,8,,,50,,,,,,,,,,,,,,,23,,,,,B03,,,1,,2,,,23,,1,22,,B03,120.593705,24.178664,3
2023,2,1,18,28,臺中市,大里區,0,1,0,8,3,5,50,4,1,1,5,4,5,7,1,1,5,4,5,1,17,25,3,10,1,1,B03,7,6,1,8,2,3,,25,25,1,22,8,B03,120.674283,24.114944,2
2023,2,1,18,28,臺中市,龍井區,0,0,0,8,,,60,,,,,,,,,,,,,,,7,,,,,B03,,,1,,2,,,7,,1,12,,B03,120.587248,24.185696,3
2023,2,1,18,29,臺中市,北屯區,0,2,0,8,3,5,50,4,1,1,5,4,5,7,4,4,10,5,5,2,15,6,2,9,1,1,C03,7,9,1,10,2,11,,6,6,1,21,8,C03,120.690764,24.164376,2
2023,2,1,18,30,臺中市,大雅區,0,0,0,8,,,40,,,,,,,,,,,,,,,17,,,,,B03,,,1,,2,,,17,17,1,22,,B03,120.664867,24.227147,3
2023,2,1,18,34,臺中市,豐原區,0,1,0,8,3,5,50,3,7,1,5,4,5,7,1,1,5,4,4,2,12,17,3,10,1,1,B03,7,9,1,8,2,2,,17,17,1,21,8,B03,120.707241,24.246934,2
2023,2,1,18,40,臺中市,南屯區,0,0,0,8,,,40,,,,,,,,,,,,,,,43,,,,,C03,,,1,,10,,,43,,1,5,,C03,120.647044,24.143771,3
2023,2,1,18,42,臺中市,大肚區,0,0,0,8,,,50,,,,,,,,,,,,,,,23,,,,,C03,,,1,,3,,,23,,1,12,,C03,120.5726,24.156256,3
2023,2,1,18,42,臺中市,豐原區,0,0,0,8,,,50,,,,,,,,,,,,,,,23,,,,,B03,,,1,,2,,,23,,1,22,,B03,120.722326,24.280245,3
2023,2,1,18,45,臺中市,豐原區,0,1,0,8,3,5,50,14,9,1,5,4,5,7,4,4,1,5,5,1,16,19,3,10,3,4,B03,7,1,1,8,11,8,,19,19,1,21,8,B03,120.713921,24.24922,2
2023,2,1,18,48,臺中市,大里區,0,1,0,8,3,5,50,4,1,1,5,4,5,7,2,1,5,5,5,1,12,9,3,10,1,1,B03,7,6,1,7,2,2,,9,9,1,5,8,B03,120.675046,24.103465,2
2023,2,1,18,51,臺中市,西屯區,0,0,0,8,,,40,,,,,,,,,,,,,,,17,,,,,A04,,,1,,2,,,17,,1,12,,A04,120.615019,24.18315,3
2023,2,1,18,55,臺中市,大雅區,0,1,0,8,3,5,50,4,2,1,5,4,5,7,1,1,5,5,4,1,16,6,3,10,1,1,B03,7,6,1,8,2,5,,6,6,1,22,9,B03,120.630205,24.209976,2
2023,2,1,18,58,臺中市,北區,0,2,0,8,1,5,50,4,2,1,5,4,5,7,1,1,1,3,5,2,13,23,2,9,1,1,C03,7,9,1,10,2,11,,23,23,1,21,8,C03,120.691041,24.158738,2
2023,2,1,19,10,臺中市,大里區,0,0,0,8,,,40,,,,,,,,,,,,,,,9,,,,,B03,,,1,,2,,,9,,1,3,,B03,120.699976,24.093992,3
2023,2,1,19,16,臺中市,南屯區,0,5,0,8,3,5,50,3,2,1,5,4,5,7,2,1,4,3,4,2,16,26,2,9,1,1,B03,7,9,1,8,2,1,,27,26,1,22,8,B03,120.633946,24.158891,2
2023,2,1,19,18,臺中市,北屯區,0,1,0,8,3,5,50,14,9,1,5,4,5,7,4,4,1,4,5,2,17,7,3,10,1,1,B03,7,7,1,8,2,15,,7,7,1,18,7,B03,120.700909,24.179267,2
2023,2,1,19,20,臺中市,南區,0,1,0,8,1,5,50,4,1,1,5,4,5,7,2,1,10,5,5,2,16,23,3,10,3,4,B12,7,6,1,8,2,5,,23,23,1,5,8,B12,120.679528,24.12348,2
2023,2,1,19,26,臺中市,南區,0,0,0,,,,40,,,,,,,,,,,,,,,6,,,,,C03,,,1,,2,,,6,,1,5,,C03,120.661716,24.109198,3
2023,2,1,19,29,臺中市,大里區,0,0,0,8,,,50,,,,,,,,,,,,,,,12,,,,,B03,,,1,,1,,,12,,1,22,,B03,120.679077,24.111432,3
2023,2,1,19,34,臺中市,西屯區,0,2,0,8,3,5,50,3,9,1,5,4,5,7,2,1,1,3,5,1,13,23,2,9,1,1,C03,7,9,1,10,2,11,,23,23,1,22,8,C03,120.641904,24.159453,2
2023,2,1,19,39,臺中市,豐原區,0,0,0,8,,,50,,,,,,,,,,,,,,,17,,,,,B03,,,1,,2,,,17,,1,22,,B03,120.719844,24.247726,3
2023,2,1,19,49,臺中市,南區,0,0,0,8,,,50,,,,,,,,,,,,,,,23,,,,,B03,,,1,,2,,,23,,1,22,,B03,120.656842,24.119345,3
2023,2,1,19,53,臺中市,西屯區,0,0,0,8,,,50,,,,,,,,,,,,,,,1,,,,,C03,,,1,,2,,,1,1,1,22,,C03,120.620633,24.187751,3
2023,2,1,19,54,臺中市,梧棲區,0,1,0,8,4,5,50,4,1,1,5,4,5,7,1,1,10,5,5,2,16,23,2,9,1,1,C03,7,9,1,10,2,11,13,23,23,1,12,8,C03,120.530109,24.25375,2
2023,2,1,20,7,臺中市,梧棲區,0,0,0,8,,,40,,,,,,,,,,,,,,,12,,,,,B03,,,1,,2,,,12,,1,12,,B03,120.529659,24.253483,3
2023,2,1,20,10,臺中市,西屯區,0,0,0,8,,,50,,,,,,,,,,,,,,,23,,,,,B03,,,1,,2,,,23,,1,12,,B03,120.611345,24.184376,3
2023,2,1,20,10,臺中市,烏日區,0,1,0,8,3,5,60,3,8,1,5,4,5,7,4,4,1,4,4,1,12,23,2,9,1,1,C03,7,9,3,18,2,11,,23,23,1,21,8,C03,120.605118,24.108971,2
2023,2,1,20,14,臺中市,太平區,0,0,0,8,,,50,,,,,,,,,,,,,,,18,,,,,C03,,,1,,2,12,,18,18,1,21,,C03,120.71942,24.155162,3
2023,2,1,20,15,臺中市,大里區,0,0,0,8,,,50,,,,,,,,,,,,,,,23,,,,,B03,,,1,,1,,,23,,1,5,,B03,120.679655,24.110626,3
2023,2,1,20,22,臺中市,西屯區,0,0,0,8,,,40,,,,,,,,,,,,,,,19,,,,,B03,,,1,,1,,,19,,1,21,,B03,120.66127,24.164098,3
2023,2,1,20,29,臺中市,豐原區,0,0,0,8,,,50,,,,,,,,,,,,,,,16,,,,,B03,,,1,,2,,,16,,1,21,,B03,120.725079,24.241219,3
2023,2,1,20,30,臺中市,南屯區,0,0,0,,,,50,,,,,,,,,,,,,,,17,,,,,B12,,,1,,1,,,17,,1,22,,B12,120.649063,24.154597,3
2023,2,1,20,30,臺中市,神岡區,0,0,0,8,,,50,,,,,,,,,,,,,,,23,,,,,B03,,,1,,2,,,23,,1,22,,B03,120.699312,24.263923,3
2023,2,1,20,32,臺中市,南屯區,0,1,0,8,3,5,50,4,1,1,5,4,5,7,1,1,5,5,4,2,13,23,2,9,3,4,C03,7,6,1,10,2,11,,23,23,1,22,8,C03,120.612372,24.138036,2
2023,2,1,20,49,臺中市,東區,0,1,0,8,3,5,50,4,1,1,5,4,5,7,2,1,10,5,5,2,16,26,3,10,1,1,B03,7,6,1,8,2,2,,26,26,1,21,8,B03,120.69745,24.144699,2
2023,2,1,20,55,臺中市,烏日區,0,1,0,8,3,5,50,3,1,1,5,4,5,7,1,1,9,4,5,1,17,4,3,10,1,1,B12,7,9,1,8,2,15,,4,4,1,22,8,B12,120.637437,24.096761,2
2023,2,1,20,56,臺中市,北屯區,0,0,0,8,,,50,,,,,,,,,,,,,,,43,,,,,B03,,,1,,1,,,43,,1,21,,B03,120.694038,24.164152,3
2023,2,1,21,11,臺中市,沙鹿區,0,0,0,8,,,50,,,,,,,,,,,,,,,66,,,,,B03,,,1,,2,,,44,66,1,9,,B03,120.588307,24.247914,3
2023,2,1,21,13,臺中市,大里區,0,2,0,8,3,5,60,4,2,1,5,4,5,7,2,1,1,4,4,1,12,16,2,9,1,1,C03,7,9,1,10,2,12,,16,16,1,21,1,C03,120.691723,24.100535,2
2023,2,1,21,24,臺中市,北屯區,0,0,0,8,,,50,,,,,,,,,,,,,,,12,,,,,B03,,,1,,9,,,12,,1,5,,B03,120.689376,24.172884,3
2023,2,1,21,34,臺中市,南屯區,0,0,0,,,,50,,,,,,,,,,,,,,,17,,,,,B03,,,1,,1,,,17,,1,4,,B03,120.64239,24.146815,3
2023,2,1,21,34,臺中市,烏日區,0,0,0,,,,50,,,,,,,,,,,,,,,44,,,,,F03,,,8,,2,,,44,,1,21,,F03,120.62653,24.106174,4
2023,2,1,21,48,臺中市,北區,0,0,0,8,,,50,,,,,,,,,,,,,,,23,,,,,B03,,,1,,2,,,23,,1,22,,B03,120.674803,24.162084,3
2023,2,1,21,57,臺中市,西屯區,0,3,0,8,3,5,50,14,9,1,5,4,5,7,1,1,9,4,5,2,16,19,2,9,1,1,C03,7,1,1,10,2,13,,19,19,1,12,8,C03,120.594039,24.190683,2
2023,2,1,22,10,臺中市,大里區,0,1,0,8,3,5,40,11,9,1,5,4,5,7,4,4,5,5,5,2,18,42,2,9,1,1,C03,7,9,1,9,2,14,,42,42,1,18,8,C03,120.673154,24.081017,2
2023,2,1,22,26,臺中市,北區,0,0,0,8,,,30,,,,,,,,,,,,,,,12,,,,,B03,,,1,,11,,,12,,1,22,,B03,120.671081,24.170945,3
2023,2,1,22,56,臺中市,西屯區,0,0,0,8,,,50,,,,,,,,,,,,,,,23,,,,,A41,,,1,,2,,,23,,1,22,,A41,120.653453,24.198425,3
2023,2,1,23,3,臺中市,北屯區,0,0,0,8,,,50,,,,,,,,,,,,,,,23,,,,,C03,,,1,,2,,,23,,1,21,,C03,120.671298,24.197973,3
2023,2,1,23,29,臺中市,南屯區,0,1,0,8,3,5,50,4,2,1,5,4,5,7,2,1,5,4,5,2,13,23,2,9,3,4,C03,7,9,1,10,2,11,,23,23,1,4,9,C03,120.614576,24.139224,2
2023,2,1,23,36,臺中市,西區,0,0,0,8,3,5,50,14,9,1,5,4,5,7,4,4,5,5,5,2,12,23,,,,,B03,,,1,,1,,,23,,1,21,,B03,120.667765,24.151696,3
2023,2,1,23,54,臺中市,北屯區,0,1,0,8,3,5,50,4,1,1,5,4,5,7,3,1,10,5,5,2,15,6,2,9,1,1,B03,7,9,1,8,2,1,,6,6,1,21,8,B03,120.68696,24.16796,2
2023,2,1,23,55,臺中市,大雅區,0,2,0,8,4,5,30,4,1,1,5,4,5,7,3,1,5,5,5,1,15,6,2,9,1,1,C03,7,9,1,10,2,12,,6,6,1,22,9,C03,120.644547,24.234914,2
2023,2,1,23,56,臺中市,神岡區,0,1,0,8,3,5,50,14,7,1,5,4,5,7,4,4,9,4,4,2,27,23,2,8,1,1,C03,7,9,1,10,2,11,,23,23,1,22,8,C03,120.660544,24.270808,2
2023,2,2,0,20,臺中市,西區,0,0,0,,,,50,,,,,,,,,,,,,,,12,,,,,B03,,,1,,2,,,12,,1,20,,B03,120.672285,24.146735,3
2023,2,2,0,26,臺中市,北區,0,1,0,8,3,5,40,14,8,1,5,4,5,7,4,4,1,4,4,2,12,19,3,10,1,1,B03,7,1,1,7,2,8,,19,19,1,22,8,B03,120.675809,24.159715,2
2023,2,2,1,28,臺中市,中區,0,2,0,8,3,5,50,4,1,1,5,4,5,7,4,4,10,5,5,2,16,6,2,9,3,4,C03,7,9,1,10,2,11,,6,6,1,21,8,C03,120.6788,24.146108,2
2023,2,2,1,35,臺中市,西屯區,0,0,0,8,,,50,,,,,,,,,,,,,,,23,,,,,C03,,,1,,1,,,23,23,1,22,,C03,120.646811,24.174918,3
2023,2,2,2,13,臺中市,西屯區,0,0,0,8,,,40,,,,,,,,,,,,,,,25,,,,,B03,,,1,,1,,,25,25,1,22,,B03,120.619136,24.181425,3
2023,2,2,6,20,臺中市,西屯區,0,0,0,8,,,50,,,,,,,,,,,,,,,23,,,,,B03,,,1,,2,,,23,,1,22,,B03,120.623708,24.18623,3
2023,2,2,6,44,臺中市,西屯區,0,0,0,8,,,50,,,,,,,,,,,,,,,12,,,,,B03,,,1,,1,,,12,,1,22,,B03,120.663065,24.17354,3
2023,2,2,6,54,臺中市,太平區,0,1,0,8,1,5,50,3,1,1,5,4,5,7,4,4,10,5,5,2,16,44,2,9,1,1,C03,7,4,1,10,2,11,,1,44,1,21,8,C03,120.732924,24.117312,2
2023,2,2,6,56,臺中市,南屯區,0,1,0,8,1,5,50,4,1,1,5,4,5,7,1,1,10,5,5,2,17,7,2,9,1,1,C03,7,8,1,10,2,12,,7,7,1,18,1,C03,120.636315,24.147058,2
2023,2,2,7,4,臺中市,西屯區,0,0,0,8,,,50,,,,,,,,,,,,,,,6,,,,,B11,,,1,,2,,,6,,1,4,,B11,120.638858,24.187328,3
2023,2,2,7,7,臺中市,北區,0,0,0,8,,,50,,,,,,,,,,,,,,,23,,,,,B03,,,1,,11,,,23,,2,22,,B03,120.698304,24.155297,3
2023,2,2,7,15,臺中市,霧峰區,0,0,0,8,,,50,,,,,,,,,,,,,,,12,,,,,B03,,,1,,2,,,12,,1,2,,B03,120.66442,24.05991,3
2023,2,2,7,20,臺中市,烏日區,0,1,0,8,1,5,50,4,1,1,5,4,5,7,2,1,1,4,5,1,11,8,2,9,1,1,C03,7,5,1,10,2,11,14,8,8,1,21,8,C03,120.618109,24.105677,2
2023,2,2,7,25,臺中市,梧棲區,0,0,0,8,,,50,,,,,,,,,,,,,,,17,,,,,B12,,,1,,2,,,17,,1,3,,B12,120.528786,24.248587,3
2023,2,2,7,26,臺中市,清水區,0,0,0,8,,,50,,,,,,,,,,,,,,,6,,,,,B03,,,1,,2,,,6,,1,5,,B03,120.537615,24.268798,3
2023,2,2,7,29,臺中市,太平區,0,2,0,8,1,5,50,3,1,1,5,4,5,7,1,1,10,5,5,2,17,19,2,8,1,1,C03,7,1,1,10,2,12,,19,19,1,20,8,C03,120.713526,24.14438,2
2023,2,2,7,34,臺中市,西屯區,0,1,0,8,1,5,50,4,1,1,5,4,5,7,1,1,10,5,5,2,17,42,2,9,3,4,C03,7,9,1,10,2,15,,42,42,1,22,9,C03,120.643884,24.160549,2
2023,2,2,7,35,臺中市,太平區,0,2,0,8,1,5,50,4,1,1,5,4,5,7,4,4,10,5,5,2,16,14,2,9,1,1,C03,7,5,1,10,2,11,,6,14,1,21,8,C03,120.716345,24.141799,2
2023,2,2,7,35,臺中市,太平區,0,1,0,8,1,5,50,4,1,1,5,4,5,7,2,1,10,5,5,2,12,23,3,10,1,1,C03,7,9,1,10,2,12,,23,23,1,21,8,C03,120.716187,24.133508,2
2023,2,2,7,35,臺中市,梧棲區,0,0,0,8,,,40,,,,,,,,,,,,,,,26,,,,,B03,,,1,,2,,,26,,1,22,,B03,120.552072,24.257874,3
2023,2,2,7,36,臺中市,烏日區,0,1,0,8,1,5,50,4,1,1,5,4,5,7,1,1,10,5,5,2,12,17,3,10,1,1,B12,7,6,1,8,2,2,,17,17,1,22,8,B12,120.649351,24.093632,2
2023,2,2,7,38,臺中市,南區,0,1,0,8,1,5,50,14,9,1,5,4,5,7,4,4,2,5,5,2,13,16,2,9,1,1,C03,7,9,1,10,2,11,,16,16,1,3,5,C03,120.649517,24.121512,2
2023,2,2,7,38,臺中市,梧棲區,0,2,0,8,1,5,30,4,1,1,5,4,5,7,4,4,10,5,5,2,15,6,2,9,3,4,C03,7,9,1,10,2,11,,6,6,1,22,8,C03,120.546306,24.252421,2
2023,2,2,7,40,臺中市,大里區,0,0,0,8,,,50,,,,,,,,,,,,,,,19,,,,,C03,,,1,,2,,,19,,1,21,,C03,120.715918,24.095501,3
2023,2,2,7,41,臺中市,龍井區,0,1,0,8,1,5,50,14,9,1,5,4,5,7,4,4,5,5,5,1,16,26,2,9,1,1,C03,7,4,1,10,2,12,,26,26,1,22,8,C03,120.580025,24.174965,2
2023,2,2,7,45,臺中市,石岡區,0,0,0,8,1,5,70,3,9,1,5,4,5,7,3,1,1,5,5,1,13,23,,,,,C03,,,1,,2,,,23,,1,22,,C03,120.767319,24.275873,3
2023,2,2,7,49,臺中市,東勢區,0,1,0,8,1,5,50,3,2,1,5,4,5,7,4,4,5,5,5,1,17,40,3,10,1,1,B03,7,13,1,8,2,4,,40,40,1,22,8,B03,120.829847,24.252543,2
2023,2,2,7,50,臺中市,大雅區,0,2,0,8,1,5,30,3,2,1,5,4,5,7,4,4,10,5,5,2,17,5,2,8,1,1,F02,7,9,8,20,2,16,,5,5,1,22,8,F02,120.631511,24.216915,2
2023,2,2,7,50,臺中市,東區,0,1,0,8,1,5,50,4,1,1,5,4,5,7,2,1,10,5,5,2,16,1,3,10,1,1,C03,7,9,1,10,3,12,,1,1,1,22,8,C03,120.689322,24.134394,2
2023,2,2,7,50,臺中市,大里區,0,0,0,8,1,5,50,14,9,1,5,4,5,7,1,1,5,5,5,2,13,16,,,,,B03,,,1,,2,,,16,16,1,22,,B03,120.679084,24.095516,3
2023,2,2,7,51,臺中市,豐原區,0,0,0,8,,,50,,,,,,,,,,,,,,,6,,,,,B03,,,1,,2,,,6,,1,4,,B03,120.704344,24.231788,3