年,月,日,時,分,縣市,區,死,受傷,2-30,天候,光線,道路類別,速限,道路型態,事故位置,路面鋪裝,路面狀態,路面缺陷,障礙物,視距,號誌種類,號誌動作,分向設施,快車道或一般車道間,快慢車道間,路面邊線,事故類型及型態,主要肇因,受傷程度,主要傷處,保護裝備,行動電話,當事者區分,車輛用途,當事者行動狀態,駕駛資格情形,駕駛執照種類,飲酒情形,車輛撞擊部位最初,車輛撞擊部位其他,肇事因素個別,肇事因素主要,肇事逃逸,職業,旅次目的,車種,GPS緯度,GPS經度,事故類別
2023,2,2,7,53,臺中市,大雅區,0,2,0,8,1,5,50,3,2,1,5,4,5,7,1,1,5,5,5,1,13,23,2,9,1,1,C03,7,9,1,10,2,11,,23,23,1,22,8,C03,120.645897,24.211719,2
2023,2,2,7,54,臺中市,南區,0,0,0,8,,,50,,,,,,,,,,,,,,,23,,,,,B03,,,1,,2,,,23,,1,5,,B03,120.670185,24.125517,3
2023,2,2,7,54,臺中市,烏日區,0,0,0,8,,,30,,,,,,,,,,,,,,,17,,,,,B03,,,1,,2,,,17,,1,21,,B03,120.638012,24.070856,3
2023,2,2,7,55,臺中市,西屯區,0,1,0,8,1,5,50,14,9,1,5,4,5,7,4,4,8,4,4,1,16,6,3,10,1,4,B03,7,5,1,8,2,1,,6,6,1,4,8,B03,120.610286,24.200148,2
2023,2,2,7,56,臺中市,后里區,0,1,0,7,1,5,40,3,1,1,5,4,5,1,4,4,10,5,5,1,11,6,3,10,1,1,B03,7,5,1,8,2,4,,6,6,1,3,1,B03,120.695929,24.308225,2
2023,2,2,8,0,臺中市,大雅區,0,1,0,8,1,5,50,4,1,1,5,4,5,7,1,1,10,5,5,2,17,19,3,10,1,1,B03,7,1,1,8,2,7,,19,19,1,22,8,B03,120.664485,24.233821,2
2023,2,2,8,0,臺中市,北區,0,2,0,8,1,5,50,3,1,1,5,4,5,7,4,4,10,5,5,2,16,8,3,10,1,1,B03,7,5,1,8,2,5,,8,8,1,5,8,B03,120.681031,24.151858,2
2023,2,2,8,3,臺中市,大雅區,0,0,0,8,,,50,,,,,,,,,,,,,,,18,,,,,B03,,,1,,2,,,18,,1,22,,B03,120.652594,24.223946,3
2023,2,2,8,3,臺中市,北屯區,0,1,0,8,1,5,50,4,1,1,5,4,5,7,2,1,10,5,5,2,17,42,2,9,3,4,C03,7,9,1,10,2,14,,23,42,1,21,8,C03,120.721058,24.175948,2
2023,2,2,8,4,臺中市,太平區,0,1,0,8,1,5,50,3,1,1,5,4,5,7,4,4,10,5,5,2,12,1,3,10,1,1,C03,7,4,3,18,2,13,,1,1,1,21,8,C03,120.720232,24.132598,2
2023,2,2,8,6,臺中市,中區,0,2,0,8,1,5,50,4,1,1,5,4,5,7,4,4,10,4,5,2,16,8,2,9,1,1,C03,7,5,1,10,2,14,,8,8,1,5,8,C03,120.681026,24.142476,2
2023,2,2,8,7,臺中市,豐原區,0,0,0,8,,,30,,,,,,,,,,,,,,,19,,,,,B03,,,1,,2,,,19,19,1,22,,B03,120.718399,24.252838,3
2023,2,2,8,10,臺中市,北屯區,0,1,0,8,1,5,50,14,9,1,5,4,5,7,4,4,5,2,5,2,13,23,2,9,1,1,C03,7,9,1,10,2,11,,23,23,1,5,8,C03,120.744083,24.185936,2
2023,2,2,8,12,臺中市,北屯區,0,0,0,8,,,50,,,,,,,,,,,,,,,23,,,,,B03,,,1,,2,,,23,,1,5,,B03,120.665854,24.186439,3
2023,2,2,8,12,臺中市,北屯區,0,1,0,8,1,5,50,4,1,1,5,4,5,7,2,1,10,5,5,2,17,6,3,10,1,1,B03,7,5,1,8,2,6,,6,6,1,5,1,B03,120.669954,24.176559,2
2023,2,2,8,14,臺中市,梧棲區,0,1,0,8,1,5,50,4,1,1,5,4,5,7,4,4,10,5,5,1,17,23,3,10,3,4,B03,7,5,1,8,2,8,,23,23,1,22,8,B03,120.53298,24.258365,2
2023,2,2,8,15,臺中市,西區,0,2,0,8,1,5,40,4,1,1,5,4,5,7,4,4,10,5,4,2,16,17,2,9,1,1,C03,7,6,1,10,2,12,,17,17,1,21,8,C03,120.670454,24.152824,2
2023,2,2,8,15,臺中市,東區,0,1,0,8,1,5,50,4,1,1,5,4,5,7,1,1,10,5,5,2,12,42,2,9,1,1,C03,7,5,1,10,2,12,,42,42,1,5,8,C03,120.697901,24.147944,2
2023,2,2,8,15,臺中市,西屯區,0,1,0,8,1,5,50,3,1,1,5,4,5,7,4,4,5,4,5,2,15,6,2,8,1,1,C03,7,9,1,10,2,11,,6,6,1,22,9,C03,120.652089,24.191177,2
2023,2,2,8,15,臺中市,龍井區,0,0,0,,,,50,,,,,,,,,,,,,,,44,,,,,B03,,,1,,1,,,44,44,1,5,,B03,120.573832,24.184924,3
2023,2,2,8,18,臺中市,大甲區,0,0,0,8,,,50,,,,,,,,,,,,,,,23,,,,,B03,,,1,,2,,,23,,1,22,,B03,120.655899,24.381554,3
2023,2,2,8,20,臺中市,神岡區,0,1,0,8,1,5,50,14,9,1,5,4,5,7,4,4,5,5,5,1,16,10,3,10,3,4,B03,7,11,1,8,2,8,,10,10,1,22,9,B03,120.683553,24.269184,2
2023,2,2,8,27,臺中市,南屯區,0,0,0,8,,,30,,,,,,,,,,,,,,,16,,,,,C03,,,1,,2,,,16,16,1,22,,C03,120.619718,24.158373,3
2023,2,2,8,30,臺中市,北屯區,0,0,0,8,,,50,,,,,,,,,,,,,,,23,,,,,B12,,,1,,1,,,23,,1,22,,B12,120.691794,24.162876,3
2023,2,2,8,32,臺中市,北屯區,0,0,0,8,,,50,,,,,,,,,,,,,,,23,,,,,B03,,,1,8,1,,,23,23,1,21,,B03,120.719626,24.163114,3
2023,2,2,8,39,臺中市,北區,0,0,0,8,,,50,,,,,,,,,,,,,,,23,,,,,C03,,,1,,2,,,23,,1,22,,C03,120.666498,24.154727,3
2023,2,2,8,43,臺中市,西屯區,0,1,0,8,1,5,50,4,1,1,5,4,5,7,1,1,10,5,5,2,13,16,3,10,1,1,B12,7,9,1,10,2,1,,16,16,1,22,8,B12,120.657117,24.157119,2
2023,2,2,8,43,臺中市,沙鹿區,0,1,0,8,1,5,50,4,1,1,5,4,5,7,1,1,10,5,5,2,16,26,2,9,1,1,C03,7,5,1,10,2,13,,26,26,1,17,8,C03,120.559327,24.236398,2
2023,2,2,8,45,臺中市,潭子區,0,0,0,8,,,60,,,,,,,,,,,,,,,18,,,,,B03,,,1,,2,,,18,,1,22,,B03,120.702706,24.195861,3
2023,2,2,8,48,臺中市,大肚區,0,1,0,8,1,5,50,14,9,1,5,4,5,7,4,4,5,5,5,1,17,40,3,10,1,1,B03,7,14,1,8,2,4,,40,40,1,22,7,B03,120.578867,24.168453,2
2023,2,2,8,50,臺中市,東區,0,2,0,8,1,5,50,4,1,1,5,4,5,7,1,1,10,5,5,2,16,6,2,9,1,1,C03,7,5,1,10,2,12,,6,6,1,22,8,C03,120.703889,24.144417,2
2023,2,2,8,58,臺中市,西屯區,0,0,0,8,,,50,,,,,,,,,,,,,,,42,,,,,B03,,,1,,1,,,42,,1,22,,B03,120.644268,24.171377,3
2023,2,2,8,58,臺中市,大里區,0,0,0,8,,,50,,,,,,,,,,,,,,,16,,,,,B03,,,1,,2,,,16,16,1,22,,B03,120.696329,24.11111,3
2023,2,2,9,2,臺中市,南區,0,0,0,,,,40,,,,,,,,,,,,,,,23,,,,,F01,,,1,,2,,,23,,1,22,,F01,120.681105,24.133658,3
2023,2,2,9,4,臺中市,西區,0,2,0,8,1,5,50,4,1,1,5,4,5,7,2,1,10,5,5,2,12,1,2,9,1,1,C03,7,4,1,10,2,14,,1,1,1,4,8,C03,120.671236,24.145493,2
2023,2,2,9,6,臺中市,南屯區,0,0,0,,,,50,,,,,,,,,,,,,,,42,,,,,B03,,,1,,1,,,42,,1,22,,B03,120.634932,24.130926,3
2023,2,2,9,6,臺中市,南屯區,0,2,0,8,1,5,40,14,8,1,5,4,5,7,4,4,1,4,4,2,16,6,3,10,1,1,C03,7,6,1,10,2,12,,6,6,1,22,8,C03,120.645763,24.151374,2
2023,2,2,9,10,臺中市,西屯區,0,1,0,8,1,5,40,14,8,1,5,4,5,7,4,4,1,5,4,2,16,6,3,10,1,1,C03,7,6,1,10,1,12,,6,6,1,4,8,C03,120.649914,24.162699,2
2023,2,2,9,11,臺中市,太平區,0,1,0,8,1,5,50,14,9,1,5,4,5,7,4,4,5,5,5,1,18,23,2,9,3,4,C03,7,9,1,10,2,12,,23,23,1,9,8,C03,120.723335,24.136605,2
2023,2,2,9,11,臺中市,太平區,0,0,0,8,,,50,,,,,,,,,,,,,,,42,,,,,B02,,,1,,2,,,42,,1,21,,B02,120.715954,24.113759,3
2023,2,2,9,18,臺中市,西屯區,0,1,0,8,1,5,50,3,1,1,5,4,5,7,2,1,10,5,5,2,16,6,3,10,1,1,B03,7,6,1,8,2,2,,6,6,1,22,8,B03,120.647743,24.196006,2
2023,2,2,9,20,臺中市,西區,0,0,0,8,,,50,,,,,,,,,,,,,,,23,,,,,B03,,,1,,1,,,23,,1,5,,B03,120.666537,24.140562,3
2023,2,2,9,20,臺中市,南屯區,0,0,0,,,,50,,,,,,,,,,,,,,,23,,,,,B11,,,1,,1,,,23,,1,22,,B11,120.635454,24.136087,3
2023,2,2,9,20,臺中市,霧峰區,0,0,0,8,,,40,,,,,,,,,,,,,,,23,,,,,B03,,,1,,2,,,23,,1,22,,B03,120.663757,24.076653,3
2023,2,2,9,24,臺中市,梧棲區,0,0,0,8,,,40,,,,,,,,,,,,,,,16,,,,,B12,,,1,,1,,,16,,1,22,,B12,120.526418,24.22255,3
2023,2,2,9,26,臺中市,南屯區,0,3,0,8,1,5,50,4,1,1,5,4,5,7,1,1,10,5,5,2,19,42,2,9,1,1,B03,7,5,4,10,9,1,,42,42,2,22,8,B03,120.643831,24.154635,2
2023,2,2,9,29,臺中市,南屯區,0,1,0,8,1,5,60,4,1,1,5,4,5,7,1,1,3,4,3,2,17,23,3,10,1,1,B03,7,8,1,8,1,1,,23,23,1,22,8,B03,120.623436,24.135648,2
2023,2,2,9,33,臺中市,南屯區,0,0,0,,,,50,,,,,,,,,,,,,,,16,,,,,B12,,,1,,1,,,16,,1,22,,B12,120.646808,24.148836,3
2023,2,2,9,35,臺中市,北屯區,0,1,0,8,1,5,50,14,9,1,5,4,5,7,4,4,1,4,5,2,12,7,3,10,1,1,B12,7,9,1,8,2,2,,44,7,1,22,8,B12,120.689771,24.171879,2
2023,2,2,9,35,臺中市,北屯區,0,1,0,8,1,5,50,3,1,1,5,4,5,7,4,4,10,5,5,2,17,23,2,9,3,4,C03,7,9,1,10,2,11,,23,23,1,21,8,C03,120.722712,24.181017,2
2023,2,2,9,35,臺中市,西屯區,0,1,0,8,1,5,50,14,9,1,5,4,5,7,4,4,1,4,5,2,17,42,4,11,3,4,B03,7,21,3,18,9,15,,42,42,1,22,9,B03,120.646488,24.15743,2
2023,2,2,9,40,臺中市,沙鹿區,0,0,0,8,1,5,50,4,7,1,5,4,5,7,1,1,1,3,5,1,12,7,,,,,B03,,,1,,2,,,7,,1,22,,B03,120.597591,24.249998,3
2023,2,2,9,41,臺中市,北屯區,0,0,0,8,,,70,,,,,,,,,,,,,,,16,,,,,B12,,,1,,1,,,16,,1,5,,B12,120.646623,24.19618,3
2023,2,2,9,50,臺中市,北屯區,0,2,0,8,1,5,50,4,1,1,5,4,5,7,3,1,10,5,5,2,15,6,2,9,1,1,C03,7,9,1,10,2,11,,6,6,1,5,8,C03,120.69065,24.168751,2
2023,2,2,9,53,臺中市,北屯區,0,0,0,8,,,50,,,,,,,,,,,,,,,16,,,,,C03,,,1,,2,,,16,16,1,5,,C03,120.671595,24.175305,3
2023,2,2,9,56,臺中市,西區,0,0,0,8,,,50,,,,,,,,,,,,,,,18,,,,,B02,,,1,,1,,,18,,1,5,,B02,120.662734,24.144426,3
2023,2,2,10,0,臺中市,西屯區,0,0,0,8,,,50,,,,,,,,,,,,,,,17,,,,,B03,,,1,,1,,,17,,1,22,,B03,120.640188,24.166025,3
2023,2,2,10,2,臺中市,東勢區,0,0,0,8,1,5,50,3,9,1,5,4,5,7,4,4,10,5,5,2,15,23,,,,,B03,,,1,,2,,,23,,1,22,,B03,120.810169,24.284586,3
2023,2,2,10,3,臺中市,西區,0,1,0,8,1,5,50,14,9,1,5,4,1,7,4,4,5,5,5,2,28,23,2,9,1,1,C03,7,9,1,9,2,11,,23,23,1,21,8,C03,120.656612,24.150739,2
2023,2,2,10,6,臺中市,西屯區,0,1,0,8,1,5,50,4,1,1,5,4,5,7,3,1,10,5,5,2,13,23,2,9,1,1,C03,7,9,1,10,2,11,,23,23,1,22,8,C03,120.643906,24.191628,2
2023,2,2,10,10,臺中市,大雅區,0,1,0,8,1,5,30,3,2,1,5,4,5,7,4,4,10,5,5,1,16,23,3,10,1,1,C03,7,9,6,18,2,11,,23,23,1,22,8,C03,120.621089,24.235924,2
2023,2,2,10,12,臺中市,大甲區,0,2,0,8,1,5,50,14,9,1,5,4,5,7,4,4,10,5,5,1,12,19,2,9,1,1,C03,7,1,1,10,2,11,,19,19,1,22,7,C03,120.624874,24.348459,2
2023,2,2,10,18,臺中市,霧峰區,0,1,0,8,1,5,60,3,9,1,5,4,5,7,3,3,9,4,5,1,19,42,2,8,1,1,F03,7,15,8,20,8,16,,42,42,1,20,9,F03,120.710845,24.080516,2
2023,2,2,10,18,臺中市,梧棲區,0,0,0,8,,,50,,,,,,,,,,,,,,,23,,,,,B03,,,1,,1,,,23,,1,22,,B03,120.543448,24.245613,3
2023,2,2,10,19,臺中市,東區,0,0,0,,,,40,,,,,,,,,,,,,,,23,,,,,B03,,,1,,2,,,23,,1,5,,B03,120.683608,24.12448,3
2023,2,2,10,20,臺中市,北屯區,0,0,0,8,,,50,,,,,,,,,,,,,,,12,,,,,B03,,,1,,1,,,12,,1,5,,B03,120.68774,24.20544,3
2023,2,2,10,22,臺中市,豐原區,0,0,0,8,,,50,,,,,,,,,,,,,,,23,,,,,B03,,,1,,2,,,23,,1,22,,B03,120.739153,24.272218,3
2023,2,2,10,23,臺中市,北區,0,1,0,8,1,5,50,4,1,1,5,4,5,7,4,4,5,5,5,2,15,6,2,9,1,1,C03,7,9,1,10,2,12,,6,6,1,5,8,C03,120.683309,24.159728,2
2023,2,2,10,25,臺中市,西區,0,1,0,8,1,5,50,14,9,1,5,4,5,7,4,4,5,4,5,2,13,23,2,8,1,1,C03,7,9,1,10,1,11,,23,23,1,21,8,C03,120.657006,24.150844,2
2023,2,2,10,25,臺中市,西區,0,0,0,8,,,50,,,,,,,,,,,,,,,6,,,,,B03,,,1,,1,,,6,,1,5,,B03,120.660951,24.159175,3
2023,2,2,10,25,臺中市,清水區,0,0,0,8,,,50,,,,,,,,,,,,,,,17,,,,,A32,,,1,,1,,,17,,1,10,,A32,120.536452,24.281275,3
2023,2,2,10,25,臺中市,沙鹿區,0,1,0,8,1,5,50,3,1,1,5,4,5,7,4,4,2,4,5,2,17,6,2,9,1,1,C04,7,6,1,10,2,14,,6,6,1,19,9,C04,120.558983,24.238935,2
2023,2,2,10,26,臺中市,太平區,0,0,0,8,,,50,,,,,,,,,,,,,,,23,,,,,B03,,,1,,1,,,23,,1,21,,B03,120.712859,24.143922,3
2023,2,2,10,28,臺中市,西屯區,0,1,0,8,1,5,50,4,1,1,5,4,5,7,1,1,10,5,5,2,16,6,3,10,3,4,B03,7,6,1,8,2,6,,6,6,1,22,8,B03,120.641711,24.178176,2
2023,2,2,10,44,臺中市,東區,0,1,0,8,1,5,50,4,1,1,5,4,5,7,4,4,9,4,2,2,16,6,3,10,1,1,B03,7,9,1,8,2,1,,6,6,1,5,1,B03,120.706007,24.141072,2
2023,2,2,10,49,臺中市,北屯區,0,1,0,8,1,5,50,4,1,1,5,4,5,7,1,1,10,5,5,2,15,25,2,9,1,1,C03,7,9,4,8,2,14,,25,25,1,22,8,C03,120.676136,24.200773,2
2023,2,2,10,50,臺中市,南區,0,0,0,8,,,50,,,,,,,,,,,,,,,19,,,,,B03,,,6,,2,,,19,,1,22,,B03,120.650304,24.111349,3
2023,2,2,10,51,臺中市,豐原區,0,0,0,8,,,30,,,,,,,,,,,,,,,19,,,,,B03,,,1,,2,,,19,,1,4,,B03,120.721908,24.248061,3
2023,2,2,10,51,臺中市,豐原區,0,2,0,8,1,5,50,4,2,1,5,4,5,7,1,1,3,4,5,1,17,23,2,9,1,1,C03,7,9,1,10,2,11,,23,16,1,22,8,C03,120.729763,24.243619,2
2023,2,2,10,52,臺中市,北區,0,1,0,7,1,5,50,14,7,1,5,4,5,7,4,4,1,4,5,2,13,23,3,10,1,1,C03,7,9,1,10,2,11,,23,23,1,5,8,C03,120.67731,24.163345,2
2023,2,2,11,0,臺中市,潭子區,0,1,0,8,1,5,40,4,2,1,5,4,5,7,4,4,10,5,5,2,17,6,3,10,1,1,B12,7,9,1,8,2,4,,14,6,1,22,8,B12,120.675368,24.203959,2
2023,2,2,11,0,臺中市,太平區,0,0,0,8,,,30,,,,,,,,,,,,,,,43,,,,,B03,,,1,,1,,,43,,1,21,,B03,120.733656,24.149817,3
2023,2,2,11,0,臺中市,神岡區,0,0,0,8,,,50,,,,,,,,,,,,,,,6,,,,,C03,,,1,,2,,,6,,1,12,,C03,120.682777,24.246118,3
2023,2,2,11,4,臺中市,太平區,0,0,0,8,,,50,,,,,,,,,,,,,,,16,,,,,B03,,,1,,2,,,16,,1,21,,B03,120.716197,24.14961,3
2023,2,2,11,7,臺中市,南區,0,0,0,8,,,50,,,,,,,,,,,,,,,12,,,,,B11,,,1,,2,,,12,,1,10,,B11,120.65458,24.114819,3
2023,2,2,11,9,臺中市,西屯區,0,1,0,8,1,5,50,14,9,1,5,4,5,7,4,4,1,4,5,2,17,44,3,10,3,4,B03,7,9,1,8,2,7,,44,44,1,22,9,B03,120.602785,24.184786,2
2023,2,2,11,10,臺中市,大雅區,0,0,0,8,,,50,,,,,,,,,,,,,,,12,,,,,B03,,,1,,2,,,12,,1,22,,B03,120.647094,24.222019,3
2023,2,2,11,12,臺中市,中區,0,0,0,8,,,50,,,,,,,,,,,,,,,42,,,,,B02,,,3,,1,,,42,,1,22,,B02,120.682726,24.136289,3
2023,2,2,11,15,臺中市,大雅區,0,1,0,8,1,5,30,3,1,1,5,4,5,7,4,4,10,5,5,2,11,6,3,10,1,1,B12,7,5,1,7,2,6,,6,6,1,22,9,B12,120.664351,24.243134,2
2023,2,2,11,15,臺中市,霧峰區,0,0,0,8,,,30,,,,,,,,,,,,,,,19,,,,,A41,,,1,,2,,,19,,1,21,,A41,120.649092,24.086446,3
2023,2,2,11,21,臺中市,東區,0,0,0,8,,,50,,,,,,,,,,,,,,,23,,,,,B03,,,1,,2,,,23,,1,5,,B03,120.693932,24.151727,3
2023,2,2,11,21,臺中市,北屯區,0,1,0,8,1,5,50,4,1,1,5,4,5,7,2,1,10,5,5,2,16,6,3,10,1,1,B03,7,6,6,8,2,5,,6,6,1,5,8,B03,120.67837,24.184174,2
2023,2,2,11,27,臺中市,太平區,0,2,0,8,1,5,50,3,1,1,5,4,5,7,4,4,10,5,5,2,16,26,2,9,3,4,C03,7,9,6,18,2,11,,26,26,1,9,8,C03,120.714437,24.143416,2
2023,2,2,11,27,臺中市,沙鹿區,0,0,0,8,,,50,,,,,,,,,,,,,,,23,,,,,B03,,,1,,2,,,23,,1,21,,B03,120.560491,24.236149,3
2023,2,2,11,28,臺中市,南屯區,0,0,0,8,,,50,,,,,,,,,,,,,,,42,,,,,B02,,,1,,1,,,42,,1,22,,B02,120.623134,24.1493,3
2023,2,2,11,29,臺中市,龍井區,0,0,0,8,,,50,,,,,,,,,,,,,,,19,,,,,B03,,,1,,2,,,19,,1,12,,B03,120.543403,24.173285,3
2023,2,2,11,30,臺中市,后里區,0,1,0,8,1,5,50,4,1,1,5,4,5,7,1,1,10,5,5,2,12,6,3,10,1,1,B03,7,6,1,8,2,2,,6,6,1,21,3,B03,120.724134,24.315178,2
2023,2,2,11,31,臺中市,霧峰區,0,0,0,8,,,40,,,,,,,,,,,,,,,26,,,,,B03,,,1,,2,,,26,,1,22,,B03,120.662758,24.062358,3
2023,2,2,11,34,臺中市,北屯區,0,1,0,8,1,5,50,4,1,1,5,4,5,7,1,1,10,5,5,2,16,8,3,10,1,1,C03,7,5,1,10,2,12,,8,8,1,5,8,C03,120.676208,24.197961,2
2023,2,2,11,41,臺中市,霧峰區,0,1,0,8,1,5,60,14,9,1,5,4,5,7,4,4,1,3,1,1,12,17,3,10,1,1,B03,7,9,1,8,2,5,,17,17,1,20,9,B03,120.695989,24.054125,2
2023,2,2,11,42,臺中市,南屯區,0,0,0,8,,,50,,,,,,,,,,,,,,,17,,,,,B03,,,1,,2,,,17,17,1,22,,B03,120.633258,24.124265,3
2023,2,2,11,44,臺中市,大里區,0,0,0,8,1,5,30,3,1,1,5,4,5,7,4,4,10,5,5,2,11,6,,,,,B03,,,1,,1,,,6,,1,22,,B03,120.700721,24.108758,3
2023,2,2,11,55,臺中市,清水區,0,0,0,8,,,50,,,,,,,,,,,,,,,26,,,,,B03,,,1,,2,,,26,,1,22,,B03,120.576467,24.264567,3
2023,2,2,11,56,臺中市,北屯區,0,2,0,8,1,5,40,14,8,1,5,4,5,7,4,4,1,4,4,1,17,4,2,9,1,1,C03,7,9,1,10,2,11,,4,4,1,22,8,C03,120.707545,24.164528,2
2023,2,2,12,0,臺中市,西區,0,0,0,8,,,30,,,,,,,,,,,,,,,17,,,,,B12,,,1,,2,,,17,17,1,22,,B12,120.656186,24.152014,3
2023,2,2,12,1,臺中市,大肚區,0,1,0,8,1,5,30,9,9,1,5,4,5,7,4,4,10,5,5,2,10,5,3,10,1,1,C03,7,9,1,9,2,11,,5,5,1,18,8,C03,120.549106,24.149786,2
2023,2,2,12,2,臺中市,神岡區,0,0,0,8,,,50,,,,,,,,,,,,,,,42,,,,,B12,,,1,,1,,,42,,1,21,,B12,120.697002,24.235787,3
2023,2,2,12,3,臺中市,龍井區,0,0,0,8,,,50,,,,,,,,,,,,,,,12,,,,,B12,,,1,,2,,,12,,1,12,,B12,120.518086,24.208398,3
2023,2,2,12,5,臺中市,北屯區,0,1,0,8,1,5,30,4,1,1,5,4,5,7,4,4,10,5,5,2,15,6,3,10,1,1,B03,7,9,1,8,2,8,10,6,6,1,5,8,B03,120.692225,24.183693,2
2023,2,2,12,6,臺中市,西區,0,2,0,8,1,5,50,3,1,1,5,4,5,7,4,4,10,5,5,2,16,7,2,9,1,1,C03,7,7,1,10,2,13,,7,7,1,21,8,C03,120.668193,24.150864,2
2023,2,2,12,9,臺中市,外埔區,0,1,0,8,1,5,50,11,9,1,5,4,5,7,4,4,4,4,5,1,20,43,2,9,1,1,C03,7,9,1,10,7,11,,43,43,1,4,8,C03,120.675719,24.344047,2
2023,2,2,12,11,臺中市,太平區,0,0,0,8,,,50,,,,,,,,,,,,,,,42,,,,,B03,,,1,,2,,,42,,1,21,,B03,120.715485,24.152172,3
2023,2,2,12,13,臺中市,西屯區,0,0,0,8,,,50,,,,,,,,,,,,,,,16,,,,,B03,,,1,,2,,,16,16,1,4,,B03,120.637166,24.170318,3
2023,2,2,12,13,臺中市,烏日區,0,1,0,8,1,5,60,15,22,1,5,4,5,7,4,4,1,4,1,1,12,26,2,9,1,1,C03,7,8,1,10,11,13,,26,26,1,21,8,C03,120.583956,24.111692,2
2023,2,2,12,15,臺中市,神岡區,0,2,0,8,1,5,50,5,1,1,5,4,5,7,1,1,1,4,4,2,17,6,2,9,1,1,C03,7,5,1,10,2,11,,6,6,1,12,8,C03,120.657015,24.264366,2
2023,2,2,12,17,臺中市,南屯區,0,0,0,8,,,40,,,,,,,,,,,,,,,23,,,,,B12,,,1,8,9,,,23,23,1,12,,B12,120.640886,24.148335,3
2023,2,2,12,17,臺中市,太平區,0,1,0,8,1,5,50,14,7,1,5,4,5,7,4,4,5,4,4,2,12,1,3,10,1,1,B01,7,4,1,4,2,2,,1,1,1,21,8,B01,120.720936,24.117909,2
2023,2,2,12,19,臺中市,西屯區,0,0,0,8,,,30,,,,,,,,,,,,,,,23,,,,,B03,,,1,,2,,,23,,1,22,,B03,120.639702,24.177677,3
2023,2,2,12,19,臺中市,烏日區,0,1,0,8,1,5,50,4,1,1,5,4,5,7,1,1,1,2,3,1,16,25,3,10,1,1,B12,7,6,1,3,2,5,,25,25,1,21,8,B12,120.612653,24.102875,2
2023,2,2,12,22,臺中市,梧棲區,0,1,0,8,1,5,50,4,13,1,5,4,5,7,4,4,5,5,5,1,17,43,2,9,1,1,C03,7,5,1,10,2,11,,43,43,1,4,8,C03,120.537473,24.245255,2
2023,2,2,12,25,臺中市,西區,0,1,0,8,1,5,50,14,9,1,5,4,5,7,4,4,3,4,5,2,17,42,2,9,1,1,C03,7,15,1,10,2,11,,42,42,1,21,8,C03,120.666635,24.14066,2
2023,2,2,12,25,臺中市,東區,0,1,0,8,1,5,50,3,1,1,5,4,5,7,4,4,5,4,5,2,18,23,2,9,1,1,C03,7,9,1,10,2,12,,23,23,1,5,8,C03,120.688632,24.136741,2
2023,2,2,12,25,臺中市,南屯區,0,1,0,8,1,5,50,4,9,1,5,4,5,7,1,1,9,5,5,2,17,16,2,9,1,1,C03,7,9,1,10,1,11,,16,16,1,22,9,C03,120.646456,24.12953,2
2023,2,2,12,28,臺中市,北區,0,2,0,8,1,5,50,4,1,1,5,4,5,7,1,1,10,5,5,2,16,6,2,9,1,1,C03,7,5,1,10,2,12,,6,6,1,5,8,C03,120.680829,24.167105,2
2023,2,2,12,30,臺中市,清水區,0,0,0,,,,50,,,,,,,,,,,,,,,18,,,,,B03,,,1,,1,,,18,18,1,5,,B03,120.53815,24.269202,3
2023,2,2,12,37,臺中市,西屯區,0,0,0,8,,,50,,,,,,,,,,,,,,,23,,,,,B02,,,1,,1,,,23,,1,22,,B02,120.659221,24.193745,3
2023,2,2,12,37,臺中市,大甲區,0,0,0,8,,,50,,,,,,,,,,,,,,,17,,,,,B12,,,1,,1,,,17,,1,22,,B12,120.65165,24.382517,3
2023,2,2,12,40,臺中市,西屯區,0,0,0,8,,,50,,,,,,,,,,,,,,,12,,,,,B03,,,1,,1,,,12,,1,4,,B03,120.644465,24.157441,3
2023,2,2,12,40,臺中市,龍井區,0,2,0,8,1,5,60,14,7,1,5,4,5,7,4,4,1,4,3,2,16,7,3,10,1,1,A31,7,8,1,1,2,5,,7,7,1,12,8,A31,120.538389,24.219314,2
2023,2,2,12,41,臺中市,北屯區,0,0,0,8,,,30,,,,,,,,,,,,,,,5,,,,,B03,,,1,,1,,,5,5,1,5,,B03,120.715307,24.177379,3
2023,2,2,12,43,臺中市,西屯區,0,2,0,8,1,5,30,3,1,1,5,4,5,7,4,4,5,4,4,2,16,4,2,8,1,1,C03,7,5,1,10,2,11,14,4,4,1,22,8,C03,120.655738,24.165339,2
2023,2,2,12,47,臺中市,大里區,0,0,0,8,,,50,,,,,,,,,,,,,,,16,,,,,C03,,,1,,2,,,16,,1,22,,C03,120.68952,24.110073,3
2023,2,2,12,49,臺中市,大里區,0,1,0,8,1,5,50,4,1,1,5,4,5,7,4,4,5,5,4,2,13,23,2,8,1,1,C03,7,9,1,10,2,11,,23,23,1,22,9,C03,120.682649,24.107051,2
2023,2,2,12,54,臺中市,大肚區,0,1,0,8,1,5,30,4,1,1,5,4,5,7,1,1,10,5,5,2,15,42,3,10,1,1,C03,7,9,1,10,2,11,,42,25,1,21,8,C03,120.543687,24.159571,2
2023,2,2,12,55,臺中市,烏日區,0,0,0,8,,,50,,,,,,,,,,,,,,,18,,,,,A12,,,1,,2,,,18,18,1,22,,A12,120.619517,24.098773,4
2023,2,2,12,57,臺中市,大甲區,0,0,0,8,,,30,,,,,,,,,,,,,,,23,,,,,B03,,,1,,1,,,23,,1,22,,B03,120.653405,24.392195,3