年,月,日,時,分,縣市,區,死,受傷,2-30,天候,光線,道路類別,速限,道路型態,事故位置,路面鋪裝,路面狀態,路面缺陷,障礙物,視距,號誌種類,號誌動作,分向設施,快車道或一般車道間,快慢車道間,路面邊線,事故類型及型態,主要肇因,受傷程度,主要傷處,保護裝備,行動電話,當事者區分,車輛用途,當事者行動狀態,駕駛資格情形,駕駛執照種類,飲酒情形,車輛撞擊部位最初,車輛撞擊部位其他,肇事因素個別,肇事因素主要,肇事逃逸,職業,旅次目的,車種,GPS緯度,GPS經度,事故類別
2023,2,2,13,7,臺中市,西屯區,0,0,0,8,,,50,,,,,,,,,,,,,,,23,,,,,B03,,,1,,1,,,23,,1,22,,B03,120.645545,24.172416,3
2023,2,2,13,7,臺中市,大里區,0,1,0,8,1,5,50,14,9,1,5,4,5,7,4,4,5,4,5,1,17,6,3,10,1,1,B03,7,6,1,8,2,4,,6,6,1,22,8,B03,120.689461,24.117623,2
2023,2,2,13,14,臺中市,沙鹿區,0,1,0,8,1,5,50,3,1,1,5,4,5,7,4,4,10,5,5,2,17,19,2,9,1,1,C03,7,1,3,18,2,14,,19,19,1,21,8,C03,120.560006,24.238967,2
2023,2,2,13,15,臺中市,后里區,0,1,0,8,1,5,30,14,9,1,5,4,5,7,4,4,5,5,5,1,16,17,3,10,1,1,B02,7,9,1,8,2,7,,17,17,1,4,8,B02,120.741303,24.320545,2
2023,2,2,13,16,臺中市,南區,0,2,0,8,1,5,50,4,1,1,5,4,5,7,1,1,10,5,5,2,13,16,2,9,1,1,C03,7,9,1,10,2,11,,16,16,1,22,8,C03,120.652649,24.117966,2
2023,2,2,13,18,臺中市,神岡區,0,1,0,8,1,5,50,4,2,1,5,4,5,7,1,1,10,5,5,2,10,23,3,10,1,1,B03,7,9,1,8,2,8,,23,23,1,22,8,B03,120.682554,24.24353,2
2023,2,2,13,20,臺中市,西屯區,0,1,0,8,1,5,50,4,1,1,5,4,5,7,4,4,8,4,4,1,16,6,3,10,1,4,B03,7,5,1,8,2,2,,6,6,1,4,8,B03,120.666843,24.174191,2
2023,2,2,13,22,臺中市,東區,0,2,0,8,1,5,50,3,1,1,5,4,5,7,2,1,10,5,5,2,17,6,2,9,1,1,C03,7,9,1,10,2,14,,43,6,1,22,8,C03,120.695061,24.138831,2
2023,2,2,13,22,臺中市,南區,0,1,0,8,1,5,40,11,6,1,5,4,5,7,4,4,1,5,5,2,12,23,3,10,1,1,B03,7,14,1,8,2,8,,23,23,1,5,5,B03,120.647398,24.109898,2
2023,2,2,13,25,臺中市,烏日區,0,3,0,8,1,5,50,14,9,1,5,4,5,7,4,4,5,5,5,2,11,4,2,7,1,1,C03,7,9,1,10,2,11,12,4,4,1,21,8,C03,120.583864,24.111764,2
2023,2,2,13,25,臺中市,神岡區,0,0,0,8,,,50,,,,,,,,,,,,,,,23,,,,,B03,,,1,,1,,,23,,1,12,,B03,120.661146,24.258925,3
2023,2,2,13,29,臺中市,北屯區,0,0,0,8,,,50,,,,,,,,,,,,,,,26,,,,,B03,,,1,8,1,,,26,26,1,21,,B03,120.707272,24.187738,3
2023,2,2,13,30,臺中市,烏日區,0,0,0,8,1,8,無,17,22,2,5,4,5,7,4,4,10,5,5,2,34,12,,,,,B12,,,1,,2,,,12,,1,10,,B12,120.660249,24.059015,3
2023,2,2,13,30,臺中市,沙鹿區,0,0,0,8,,,50,,,,,,,,,,,,,,,23,,,,,B12,,,1,,2,,,23,,1,21,,B12,120.55892,24.234515,3
2023,2,2,13,32,臺中市,神岡區,0,0,0,8,,,60,,,,,,,,,,,,,,,7,,,,,B03,,,1,,2,,,7,,1,22,,B03,120.709698,24.260776,3
2023,2,2,13,34,臺中市,南區,0,1,0,8,1,5,50,14,7,1,5,4,5,7,4,4,1,4,5,2,12,7,2,9,1,1,C03,7,7,1,10,2,14,,7,7,1,5,8,C03,120.653454,24.116983,2
2023,2,2,13,39,臺中市,北區,0,2,0,8,1,5,50,4,1,1,5,4,5,7,1,1,10,5,5,2,15,25,2,8,1,1,C03,7,9,4,8,2,14,,25,25,1,22,9,C03,120.678148,24.167061,2
2023,2,2,13,40,臺中市,北屯區,0,0,0,8,,,50,,,,,,,,,,,,,,,7,,,,,B03,,,1,,1,,,7,7,1,5,,B03,120.692403,24.18349,3
2023,2,2,13,41,臺中市,北區,0,1,0,8,1,5,50,4,1,1,5,4,5,7,1,1,1,4,5,2,16,8,3,10,1,1,B03,7,5,1,8,2,3,,8,8,1,5,8,B03,120.671456,24.17374,2
2023,2,2,13,42,臺中市,西屯區,0,0,0,8,,,50,,,,,,,,,,,,,,,6,,,,,B03,,,1,,2,,,6,6,1,22,,B03,120.661444,24.16976,3
2023,2,2,13,43,臺中市,南區,0,0,0,8,,,50,,,,,,,,,,,,,,,23,,,,,B03,,,1,,2,,,23,,1,22,,B03,120.658399,24.117778,3
2023,2,2,13,46,臺中市,大肚區,0,1,0,8,1,5,50,4,1,1,5,4,5,7,4,4,10,5,5,2,15,6,3,10,1,1,C03,7,9,1,10,2,12,,6,6,1,19,8,C03,120.540006,24.156356,2
2023,2,2,13,47,臺中市,大里區,0,2,0,8,1,5,50,4,1,1,5,4,5,7,1,1,5,5,5,1,16,6,2,9,1,1,C03,7,5,1,10,2,14,,6,6,1,22,9,C03,120.680081,24.095624,2
2023,2,2,13,48,臺中市,南區,0,2,0,8,1,5,50,4,1,1,5,4,5,7,2,1,5,4,4,2,15,25,3,10,1,1,B03,7,9,1,8,2,8,,25,25,1,18,5,B03,120.670752,24.114803,2
2023,2,2,13,51,臺中市,潭子區,0,1,0,8,1,5,60,3,1,1,5,4,5,7,2,1,1,3,4,1,12,6,3,10,1,1,C03,7,6,1,10,2,12,,6,6,1,22,9,C03,120.708662,24.2299,2
2023,2,2,13,52,臺中市,西屯區,0,2,0,8,1,5,50,3,1,1,5,4,5,7,4,4,10,5,5,2,16,9,2,8,1,1,C03,7,6,1,10,2,12,,9,9,1,18,8,C03,120.647666,24.166751,2
2023,2,2,13,54,臺中市,大里區,0,1,0,8,1,5,50,4,1,1,5,4,5,7,1,1,5,2,5,1,16,8,2,9,1,1,C03,7,5,1,10,1,12,,8,8,1,22,9,C03,120.674512,24.113521,2
2023,2,2,13,58,臺中市,東區,0,0,0,,,,40,,,,,,,,,,,,,,,23,,,,,B03,,,1,,2,,,23,,1,5,,B03,120.68988,24.131695,3
2023,2,2,13,58,臺中市,太平區,0,1,0,8,1,5,50,4,2,1,5,4,5,7,3,1,5,5,4,2,16,7,3,10,3,4,B12,7,7,1,8,2,4,,7,7,1,9,8,B12,120.71867,24.131549,2
2023,2,2,14,0,臺中市,南屯區,0,0,0,8,,,50,,,,,,,,,,,,,,,7,,,,,B03,,,1,,2,,,7,,1,22,,B03,120.631994,24.145144,3
2023,2,2,14,8,臺中市,西區,0,1,0,8,1,5,50,4,1,1,5,4,5,7,1,1,10,5,5,2,17,6,3,10,3,4,B03,7,6,1,8,2,2,,6,6,1,22,5,B03,120.652997,24.146726,2
2023,2,2,14,10,臺中市,北屯區,0,1,0,8,1,5,50,4,4,1,5,4,5,7,1,1,10,5,5,2,13,23,3,10,1,1,A02,7,9,1,1,2,1,,23,23,1,5,8,A02,120.685093,24.169721,2
2023,2,2,14,12,臺中市,大里區,0,3,0,8,1,5,50,14,8,1,5,4,5,7,4,4,3,4,4,1,17,6,3,10,1,1,B03,7,8,1,8,2,6,,6,6,1,22,8,B03,120.690613,24.101036,2
2023,2,2,14,12,臺中市,豐原區,0,1,0,8,1,5,50,4,1,1,5,4,5,7,2,1,10,5,5,2,17,26,2,9,1,1,C03,7,9,1,10,2,14,,26,26,1,22,8,C03,120.708811,24.25052,2
2023,2,2,14,13,臺中市,北區,0,0,0,8,,,50,,,,,,,,,,,,,,,6,,,,,C03,,,1,,1,,,6,,1,21,,C03,120.673889,24.17383,3
2023,2,2,14,14,臺中市,北屯區,0,1,0,8,1,5,50,4,1,1,5,4,5,7,2,1,10,5,5,2,13,16,2,9,1,1,C03,7,9,1,10,2,11,,16,16,1,21,8,C03,120.686216,24.181487,2
2023,2,2,14,15,臺中市,西區,0,1,0,8,1,5,40,4,7,1,5,4,5,7,1,1,5,5,4,2,12,7,2,9,1,1,C04,7,7,1,10,2,13,,7,7,1,21,8,C04,120.672788,24.141275,2
2023,2,2,14,15,臺中市,北區,0,0,0,8,,,50,,,,,,,,,,,,,,,26,,,,,B03,,,1,,1,,,26,,1,5,,B03,120.687711,24.159168,3
2023,2,2,14,16,臺中市,西區,0,0,0,8,,,50,,,,,,,,,,,,,,,7,,,,,A11,,,1,3,1,,,7,7,1,10,,A11,120.661217,24.159815,3
2023,2,2,14,16,臺中市,南屯區,0,0,0,8,,,60,,,,,,,,,,,,,,,42,,,,,B03,,,6,,2,,,42,42,1,22,,B03,120.585178,24.166976,3
2023,2,2,14,22,臺中市,太平區,0,0,0,8,,,50,,,,,,,,,,,,,,,7,,,,,C03,,,1,,1,,,7,,1,21,,C03,120.71665,24.150227,3
2023,2,2,14,27,臺中市,南區,0,1,0,8,1,5,50,3,1,1,5,4,5,7,3,1,10,5,5,2,13,16,3,10,1,1,B03,7,5,1,8,2,1,,16,16,1,22,8,B03,120.669472,24.112875,2
2023,2,2,14,30,臺中市,西屯區,0,0,0,8,,,50,,,,,,,,,,,,,,,12,,,,,B12,,,1,,1,,,12,,1,4,,B12,120.654179,24.156344,3
2023,2,2,14,30,臺中市,神岡區,0,0,0,8,,,30,,,,,,,,,,,,,,,16,,,,,B03,,,1,,2,,,16,,1,12,,B03,120.669471,24.269614,3
2023,2,2,14,35,臺中市,太平區,0,0,0,8,,,40,,,,,,,,,,,,,,,42,,,,,B03,,,1,,2,,,42,,1,21,,B03,120.707115,24.129138,3
2023,2,2,14,36,臺中市,北屯區,0,1,0,8,1,5,50,14,9,1,5,4,5,7,4,4,1,4,5,2,17,42,3,10,3,4,B02,7,15,1,8,2,5,,42,42,1,21,8,B02,120.669728,24.173637,2
2023,2,2,14,36,臺中市,龍井區,0,0,0,8,,,50,,,,,,,,,,,,,,,16,,,,,C03,,,1,,2,,,16,,1,5,,C03,120.590003,24.180475,3
2023,2,2,14,38,臺中市,南區,0,0,0,,,,50,,,,,,,,,,,,,,,23,,,,,B03,,,1,,1,,,23,,1,5,,B03,120.658222,24.117703,3
2023,2,2,14,38,臺中市,大里區,0,1,0,8,1,5,50,4,1,1,5,4,5,7,1,1,1,2,4,1,17,44,3,10,1,1,C03,7,6,1,10,1,15,,44,44,1,22,9,C03,120.682361,24.104503,2
2023,2,2,14,40,臺中市,南區,0,0,0,8,,,50,,,,,,,,,,,,,,,7,,,,,B03,,,1,,2,,,7,,1,22,,B03,120.658571,24.117856,3
2023,2,2,14,40,臺中市,清水區,0,1,0,8,1,5,50,3,1,1,5,4,5,7,4,4,1,2,5,2,16,23,2,9,1,1,C03,7,9,3,18,2,11,,23,23,1,22,8,C03,120.552194,24.294536,2
2023,2,2,14,41,臺中市,大里區,0,1,0,8,1,5,50,14,9,1,5,4,5,7,1,1,5,5,5,1,17,40,3,10,1,1,B03,7,14,1,8,2,6,,40,40,1,22,8,B03,120.678508,24.11501,2
2023,2,2,14,53,臺中市,大里區,0,1,0,8,1,5,50,11,9,1,5,4,5,7,4,4,9,5,5,1,18,42,2,9,1,1,C03,7,9,2,18,2,12,,42,42,1,22,5,C03,120.683749,24.071538,2
2023,2,2,14,54,臺中市,豐原區,0,1,0,8,1,5,60,14,9,1,5,4,5,7,1,1,1,4,5,2,13,16,2,9,1,1,C03,7,9,1,10,2,11,,16,16,1,22,8,C03,120.714351,24.23693,2
2023,2,2,14,55,臺中市,大肚區,0,0,0,8,,,50,,,,,,,,,,,,,,,6,,,,,B12,,,1,,2,,,6,,1,3,,B12,120.575786,24.162435,3
2023,2,2,14,55,臺中市,大甲區,0,0,0,8,,,50,,,,,,,,,,,,,,,42,,,,,B12,,,1,,1,,,42,42,1,4,,B12,120.655715,24.382093,3
2023,2,2,14,56,臺中市,龍井區,0,0,0,8,,,40,,,,,,,,,,,,,,,23,,,,,C03,,,1,,2,,,23,,1,1,,C03,120.586246,24.186071,3
2023,2,2,14,58,臺中市,后里區,0,1,0,8,1,5,50,14,9,1,5,4,5,7,4,4,5,3,5,1,29,43,2,9,1,1,C03,7,15,1,10,2,11,,43,43,1,4,8,C03,120.709617,24.303543,2
2023,2,2,14,59,臺中市,豐原區,0,0,0,8,,,50,,,,,,,,,,,,,,,16,,,,,B03,,,1,,2,,,16,,2,22,,B03,120.720297,24.263627,3
2023,2,2,15,0,臺中市,神岡區,0,0,0,8,,,50,,,,,,,,,,,,,,,11,,,,,B03,,,1,,1,,,11,,1,22,,B03,120.656871,24.263753,3
2023,2,2,15,3,臺中市,大里區,0,0,0,8,,,50,,,,,,,,,,,,,,,6,,,,,C03,,,1,,11,,,6,,1,20,,C03,120.68388,24.100671,3
2023,2,2,15,5,臺中市,西屯區,0,0,0,8,,,50,,,,,,,,,,,,,,,7,,,,,A12,,,,,9,,,7,,1,12,,A12,120.606561,24.161383,3
2023,2,2,15,5,臺中市,大里區,0,0,0,8,,,50,,,,,,,,,,,,,,,23,,,,,C03,,,1,,2,,,23,,1,22,,C03,120.690211,24.11299,3
2023,2,2,15,10,臺中市,東區,0,0,0,8,1,5,50,4,1,1,5,4,5,7,4,4,10,5,5,2,15,6,3,10,1,1,C04,7,9,3,18,2,11,,6,6,1,22,8,C04,120.689456,24.132076,3
2023,2,2,15,12,臺中市,北屯區,0,1,0,8,1,5,50,4,1,1,5,4,5,7,1,1,10,5,5,2,16,6,3,10,1,1,B03,7,6,1,8,2,5,,6,6,1,21,8,B03,120.686018,24.18165,2
2023,2,2,15,15,臺中市,清水區,0,0,0,8,,,50,,,,,,,,,,,,,,,26,,,,,B03,,,1,,2,,,26,,1,21,,B03,120.564014,24.235821,3
2023,2,2,15,15,臺中市,清水區,0,0,0,,,,50,,,,,,,,,,,,,,,6,,,,,B03,,,1,,2,,,6,,1,5,,B03,120.55362,24.294226,3
2023,2,2,15,16,臺中市,西區,0,0,0,8,,,50,,,,,,,,,,,,,,,23,,,,,B03,,,1,,1,,,23,,1,22,,B03,120.666736,24.141067,3
2023,2,2,15,16,臺中市,烏日區,0,1,0,8,1,5,50,3,1,1,5,4,5,7,4,4,5,5,5,2,14,12,3,10,1,1,B12,7,2,1,8,2,7,,12,12,1,22,8,B12,120.626841,24.101923,2
2023,2,2,15,17,臺中市,大里區,0,2,0,8,1,5,50,14,9,1,5,4,5,7,4,4,9,5,5,1,13,23,2,9,3,4,C03,7,9,3,18,2,11,,23,23,1,20,8,C03,120.689718,24.09224,2
2023,2,2,15,30,臺中市,西屯區,0,0,0,8,1,5,50,14,7,1,5,4,5,7,4,4,5,5,4,2,13,16,3,10,1,1,B01,7,9,1,4,2,1,,16,16,1,10,4,B01,120.651357,24.164153,3
2023,2,2,15,33,臺中市,東區,0,1,0,8,2,5,50,14,9,1,5,4,5,7,4,4,5,4,4,2,16,6,3,10,1,1,B03,7,6,1,8,2,5,,6,6,1,22,8,B03,120.692235,24.133081,2
2023,2,2,15,40,臺中市,清水區,0,0,0,8,,,70,,,,,,,,,,,,,,,23,,,,,B03,,,1,,2,,,23,,1,22,,B03,120.552455,24.293777,3
2023,2,2,15,41,臺中市,大里區,0,0,0,8,,,50,,,,,,,,,,,,,,,23,,,,,B01,,,1,,2,,,23,,1,10,,B01,120.683748,24.100876,3
2023,2,2,15,43,臺中市,北屯區,0,0,0,8,,,50,,,,,,,,,,,,,,,23,,,,,B03,,,1,,2,,,23,,1,22,,B03,120.707401,24.173489,3
2023,2,2,15,47,臺中市,太平區,0,0,0,8,,,50,,,,,,,,,,,,,,,23,,,,,B03,,,1,,2,,,23,,1,9,,B03,120.738567,24.131359,3
2023,2,2,15,51,臺中市,東區,0,0,0,8,,,50,,,,,,,,,,,,,,,16,,,,,B03,,,1,8,1,,,16,16,1,21,,B03,120.692896,24.142599,3
2023,2,2,15,52,臺中市,西區,0,1,0,8,1,5,60,14,7,1,5,4,5,7,4,4,1,4,3,2,13,42,2,9,3,4,B12,7,9,1,8,2,1,,42,23,1,22,5,B12,120.661707,24.156044,2
2023,2,2,15,52,臺中市,西屯區,0,1,0,8,1,5,30,3,1,1,5,4,5,7,4,4,10,5,5,2,13,6,2,9,3,4,C03,7,5,1,10,2,13,,6,6,1,22,8,C03,120.635349,24.169426,2
2023,2,2,15,56,臺中市,西區,0,1,0,8,1,5,40,4,1,1,5,4,5,7,2,1,10,5,5,2,16,6,2,9,1,1,C03,7,9,1,10,2,14,,44,6,1,22,8,C03,120.665816,24.135236,2
2023,2,2,15,58,臺中市,東區,0,1,0,8,1,5,50,3,1,1,5,4,5,7,1,1,10,5,5,2,18,23,2,9,1,1,C03,7,9,1,10,2,14,,23,23,1,22,8,C03,120.701376,24.137958,2
2023,2,2,15,59,臺中市,西區,0,2,0,8,1,5,30,4,1,1,5,4,5,7,4,4,10,5,5,2,15,6,2,9,1,1,C03,7,9,1,10,2,14,,6,6,1,5,8,C03,120.669653,24.151979,2
2023,2,2,16,0,臺中市,大甲區,0,0,0,8,,,30,,,,,,,,,,,,,,,6,,,,,B03,,,1,,1,,,6,,1,4,,B03,120.630826,24.351723,3
2023,2,2,16,9,臺中市,西屯區,0,2,0,8,1,5,50,3,1,1,5,4,5,7,2,1,10,5,5,2,16,6,2,8,1,1,C03,7,5,1,10,2,12,,6,6,1,22,8,C03,120.637023,24.172144,2
2023,2,2,16,14,臺中市,梧棲區,0,0,0,8,,,50,,,,,,,,,,,,,,,42,,,,,B03,,,1,,2,,,42,,1,4,,B03,120.530042,24.258202,3
2023,2,2,16,16,臺中市,北屯區,0,1,0,8,1,5,50,4,1,1,5,4,5,7,1,1,10,5,5,2,16,6,3,10,1,1,B03,7,5,1,8,2,8,,6,6,1,4,8,B03,120.70314,24.169673,2
2023,2,2,16,16,臺中市,烏日區,0,0,0,8,,,50,,,,,,,,,,,,,,,17,,,,,F01,,,1,,2,,,17,,1,21,,F01,120.604535,24.10785,3
2023,2,2,16,17,臺中市,龍井區,0,2,0,8,1,5,50,4,1,1,5,4,5,7,1,1,10,5,5,2,13,23,2,9,1,1,C03,7,9,1,10,2,11,,23,23,1,20,8,C03,120.548337,24.204213,2
2023,2,2,16,19,臺中市,西區,0,1,0,8,1,5,40,3,8,1,5,4,5,7,4,4,1,4,1,2,12,17,2,9,1,1,C03,7,9,1,10,2,14,,44,17,1,22,9,C03,120.66019,24.157033,2
2023,2,2,16,20,臺中市,西區,0,0,0,8,,,1月2日,,,,,,,,,,,,,,,42,,,,,B03,,,1,,1,,,42,,1,22,,B03,120.652094,24.147754,3
2023,2,2,16,20,臺中市,南區,0,1,0,8,1,5,50,4,1,1,5,4,5,7,4,4,10,5,5,2,17,6,3,10,1,1,C03,7,5,1,10,2,11,,6,6,1,22,8,C03,120.681142,24.129275,2
2023,2,2,16,20,臺中市,太平區,0,1,0,8,1,5,50,5,1,1,5,4,5,7,1,1,10,5,5,2,16,42,2,7,1,1,F03,7,9,8,20,2,16,,42,42,1,21,8,F03,120.731629,24.140243,2
2023,2,2,16,21,臺中市,南屯區,0,1,0,8,1,5,50,4,1,1,5,4,5,7,2,1,5,5,5,2,16,8,3,10,1,1,C03,7,5,1,10,2,14,,8,8,1,22,8,C03,120.615231,24.147953,2
2023,2,2,16,26,臺中市,沙鹿區,0,1,0,8,1,5,50,4,1,1,5,4,5,7,4,4,10,5,5,2,15,6,2,9,1,1,C03,7,9,3,18,2,11,,6,6,1,21,8,C03,120.568673,24.230558,2
2023,2,2,16,30,臺中市,北區,0,0,0,8,,,30,,,,,,,,,,,,,,,12,,,,,B03,,,1,,11,,,12,,1,22,,B03,120.68123,24.164499,3
2023,2,2,16,33,臺中市,西區,0,0,0,8,,,50,,,,,,,,,,,,,,,6,,,,,B03,,,1,,1,,,6,,1,22,,B03,120.676346,24.134463,3
2023,2,2,16,37,臺中市,西屯區,0,1,0,8,1,5,50,14,9,1,5,4,5,7,4,4,1,4,5,1,17,42,2,9,1,1,C03,7,9,1,10,2,11,,42,42,1,1,9,C03,120.616584,24.174026,2
2023,2,2,16,37,臺中市,東勢區,0,1,0,8,1,5,50,14,9,1,5,4,5,7,1,1,5,4,5,1,13,16,3,10,1,1,B12,7,9,1,8,2,1,,16,16,1,22,9,B12,120.838845,24.171848,2
2023,2,2,16,40,臺中市,南區,0,2,0,8,1,5,50,4,1,1,5,4,5,7,1,1,10,5,5,2,16,6,2,9,1,1,C03,7,5,1,10,2,12,,6,6,1,21,8,C03,120.660534,24.116875,2
2023,2,2,16,40,臺中市,清水區,0,0,0,,,,30,,,,,,,,,,,,,,,23,,,,,B03,,,1,,2,,,23,,1,4,,B03,120.548754,24.269926,3
2023,2,2,16,43,臺中市,東勢區,0,2,0,8,1,5,50,14,7,1,5,4,5,7,4,4,5,4,4,2,16,19,2,9,1,1,C03,7,1,1,10,2,14,,19,19,1,5,8,C03,120.829883,24.257458,2
2023,2,2,16,44,臺中市,大安區,0,0,0,8,,,30,,,,,,,,,,,,,,,17,,,,,B12,,,1,,2,,,17,,1,10,,B12,120.591113,24.338443,3
2023,2,2,16,49,臺中市,后里區,0,0,0,8,,,50,,,,,,,,,,,,,,,23,,,,,B12,,,1,,2,,,23,,1,21,,B12,120.722305,24.308898,3
2023,2,2,16,58,臺中市,南屯區,0,0,0,,,,40,,,,,,,,,,,,,,,17,,,,,C03,,,1,,2,,,17,17,1,22,,C03,120.648496,24.151045,3
2023,2,2,16,59,臺中市,西屯區,0,0,0,8,2,5,50,3,1,1,5,4,5,7,4,4,10,5,5,2,12,7,3,10,1,1,B03,7,7,1,8,2,8,,7,7,1,4,1,B03,120.621343,24.186659,3
2023,2,2,17,1,臺中市,潭子區,0,2,0,8,1,5,40,14,7,1,5,4,5,7,4,4,5,4,4,2,2,23,2,9,1,1,C03,7,9,1,10,2,12,,23,23,1,22,8,C03,120.704869,24.213104,2
2023,2,2,17,1,臺中市,大里區,0,0,0,8,,,40,,,,,,,,,,,,,,,23,,,,,B12,,,1,,2,,,23,,1,22,,B12,120.692338,24.101949,3
2023,2,2,17,2,臺中市,霧峰區,0,1,0,8,1,5,40,4,1,1,5,4,5,7,4,4,10,5,5,2,16,6,3,10,1,1,C03,7,5,1,10,2,11,,6,6,1,3,8,C03,120.696345,24.058893,2
2023,2,2,17,3,臺中市,西屯區,0,1,0,8,1,5,30,14,9,1,5,4,5,7,2,1,10,5,5,2,17,5,3,10,3,4,C03,7,9,1,10,2,15,,5,5,1,22,8,C03,120.629382,24.204214,2
2023,2,2,17,5,臺中市,南屯區,0,1,0,8,1,5,50,14,7,1,5,4,5,7,4,4,1,4,5,2,16,6,3,10,1,1,B03,7,6,1,8,2,5,,6,6,1,22,9,B03,120.651385,24.140081,2
2023,2,2,17,8,臺中市,西屯區,0,3,0,8,1,5,50,14,9,1,5,4,5,7,4,4,1,5,5,2,13,23,3,10,1,1,B03,7,9,1,8,2,1,,23,23,1,22,8,B03,120.630055,24.171124,2
2023,2,2,17,8,臺中市,梧棲區,0,1,0,8,1,5,50,4,1,1,5,4,5,7,4,4,10,5,5,2,15,6,3,10,1,1,B12,7,9,1,8,2,1,,6,6,1,11,4,B12,120.535951,24.245174,2
2023,2,2,17,9,臺中市,大甲區,0,0,0,8,1,5,50,14,9,1,5,4,5,7,4,4,4,5,5,1,13,16,3,10,1,1,C03,7,9,1,10,1,11,,16,16,1,22,8,C03,120.65429,24.40705,3
2023,2,2,17,10,臺中市,西區,0,1,0,8,2,5,50,14,9,1,5,4,5,7,4,4,4,4,5,2,13,23,2,9,1,1,C03,7,9,1,10,2,11,,23,42,1,22,9,C03,120.663848,24.151235,2
2023,2,2,17,10,臺中市,太平區,0,0,0,8,,,50,,,,,,,,,,,,,,,1,,,,,B03,,,1,,1,,,1,,1,5,,B03,120.712807,24.149739,3
2023,2,2,17,11,臺中市,豐原區,0,1,0,8,1,5,60,11,9,1,5,4,5,7,4,4,8,3,5,1,16,42,2,9,1,1,C03,7,9,1,10,2,11,,42,42,1,22,5,C03,120.731413,24.245883,2
2023,2,2,17,13,臺中市,南區,0,0,0,8,,,50,,,,,,,,,,,,,,,43,,,,,F03,,,7,,11,,,43,,1,4,,F03,120.660208,24.123508,3
2023,2,2,17,14,臺中市,大甲區,0,0,0,,,,50,,,,,,,,,,,,,,,16,,,,,B03,,,1,,2,,,16,16,1,9,,B03,120.623799,24.349466,3
2023,2,2,17,15,臺中市,西區,0,2,0,8,1,5,50,4,1,1,5,4,5,7,1,1,10,5,5,2,13,23,2,9,3,4,C03,7,9,1,10,2,11,,23,23,1,22,5,C03,120.667305,24.140607,2
2023,2,2,17,15,臺中市,豐原區,0,0,0,8,,,50,,,,,,,,,,,,,,,44,,,,,B03,,,1,,2,,,44,,1,22,,B03,120.723621,24.24477,3
2023,2,2,17,16,臺中市,潭子區,0,0,0,8,,,40,,,,,,,,,,,,,,,23,,,,,B03,,,1,,2,,,23,,1,20,,B03,120.70719,24.200218,3
2023,2,2,17,19,臺中市,西屯區,0,0,0,8,,,50,,,,,,,,,,,,,,,42,,,,,B03,,,1,,1,,,42,,1,1,,B03,120.655692,24.199739,3
2023,2,2,17,20,臺中市,大肚區,0,1,0,8,2,5,50,3,1,1,5,4,5,7,4,4,10,5,5,2,16,1,3,10,1,1,C03,7,4,1,10,2,11,,1,1,1,9,8,C03,120.560407,24.122476,2
2023,2,2,17,21,臺中市,龍井區,0,0,0,8,,,50,,,,,,,,,,,,,,,6,,,,,C03,,,1,,2,,,6,,1,5,,C03,120.570683,24.17644,3
2023,2,2,17,25,臺中市,東區,0,1,0,8,1,5,50,3,1,1,5,4,5,7,1,1,10,5,5,2,15,25,2,9,1,1,F03,7,9,8,20,2,16,,25,25,1,22,8,F03,120.699679,24.125352,2
2023,2,2,17,25,臺中市,太平區,0,0,0,8,,,,,,,,,,,,,,,,,,6,,,,,,,,,,,,,6,,1,,,,120.725699,24.128667,3
2023,2,2,17,25,臺中市,梧棲區,0,1,0,8,1,5,40,4,1,1,5,4,5,7,4,4,5,5,5,2,15,6,2,9,1,1,C03,7,9,1,10,2,12,,6,6,1,4,8,C03,120.535635,24.255922,2
2023,2,2,17,30,臺中市,南屯區,0,1,0,8,2,5,40,14,8,1,5,4,5,7,4,4,5,4,4,2,12,42,2,9,1,1,C03,7,9,6,10,6,14,,42,42,1,3,1,C03,120.63405,24.158594,2
2023,2,2,17,30,臺中市,烏日區,0,2,0,8,2,5,50,4,2,1,5,4,5,7,1,1,5,4,4,1,13,17,2,8,1,1,C03,7,9,1,10,2,11,,17,17,1,22,8,C03,120.654779,24.095072,2
2023,2,2,17,33,臺中市,梧棲區,0,1,0,8,1,5,50,4,1,1,5,4,5,7,1,1,10,5,5,2,16,6,2,9,1,1,C03,7,5,1,10,2,11,,6,6,1,18,8,C03,120.545059,24.226991,2
2023,2,2,17,35,臺中市,霧峰區,0,0,0,8,2,5,30,14,9,1,5,4,5,7,4,4,10,5,5,1,13,16,,,,,C03,,,1,,2,,,16,,1,18,,C03,120.659877,24.071957,3
2023,2,2,17,37,臺中市,太平區,0,0,0,8,,,50,,,,,,,,,,,,,,,16,,,,,C03,,,1,,1,,,16,,1,5,,C03,120.710682,24.150275,3
2023,2,2,17,38,臺中市,北屯區,0,0,0,8,,,80,,,,,,,,,,,,,,,16,,,,,B03,,,1,,1,,,16,,1,4,,B03,120.718748,24.163484,3
2023,2,2,17,38,臺中市,梧棲區,0,1,0,8,3,5,40,3,9,1,5,4,5,7,4,4,10,5,4,1,16,6,3,10,1,1,B03,7,6,1,8,2,2,,6,6,1,4,8,B03,120.537175,24.248947,2
2023,2,2,17,39,臺中市,北屯區,0,2,0,8,1,5,50,14,9,1,5,4,5,7,4,4,1,4,5,2,16,7,2,8,1,1,C03,7,8,1,10,2,12,,7,7,1,18,8,C03,120.683774,24.200767,2