年,月,日,時,分,縣市,區,死,受傷,2-30,天候,光線,道路類別,速限,道路型態,事故位置,路面鋪裝,路面狀態,路面缺陷,障礙物,視距,號誌種類,號誌動作,分向設施,快車道或一般車道間,快慢車道間,路面邊線,事故類型及型態,主要肇因,受傷程度,主要傷處,保護裝備,行動電話,當事者區分,車輛用途,當事者行動狀態,駕駛資格情形,駕駛執照種類,飲酒情形,車輛撞擊部位最初,車輛撞擊部位其他,肇事因素個別,肇事因素主要,肇事逃逸,職業,旅次目的,車種,GPS緯度,GPS經度,事故類別
2023,2,3,14,24,臺中市,東區,0,0,0,,,,50,,,,,,,,,,,,,,,23,,,,,B03,,,1,,2,,,23,,1,5,,B03,120.689819,24.142932,3
2023,2,3,14,25,臺中市,烏日區,0,0,0,8,,,50,,,,,,,,,,,,,,,23,,,,,A04,,,1,,2,,,23,23,1,10,,A04,120.614761,24.107598,3
2023,2,3,14,25,臺中市,大肚區,0,1,0,8,1,5,50,14,8,1,5,4,5,7,4,4,1,4,4,1,12,7,3,10,1,1,A12,7,8,1,8,2,6,,7,7,1,21,8,A12,120.573399,24.119667,2
2023,2,3,14,32,臺中市,大雅區,0,1,0,8,1,5,50,3,2,1,5,4,5,7,1,1,1,5,5,1,13,23,3,10,1,1,A11,7,9,1,3,2,1,,23,23,1,10,8,A11,120.637012,24.234663,2
2023,2,3,14,47,臺中市,外埔區,0,0,0,8,,,50,,,,,,,,,,,,,,,16,,,,,B03,,,1,,2,,,16,,1,21,,B03,120.64006,24.340728,3
2023,2,3,14,48,臺中市,西區,0,1,0,8,1,5,50,14,9,1,5,4,5,7,4,4,5,4,5,2,18,16,2,9,1,1,C03,7,9,1,10,2,15,,16,16,1,22,9,C03,120.665566,24.146528,2
2023,2,3,14,50,臺中市,北屯區,0,1,0,8,1,5,50,4,2,1,5,4,5,7,2,1,10,5,5,2,16,1,2,9,1,1,C03,7,4,1,10,2,12,11,1,1,1,5,8,C03,120.680002,24.189239,2
2023,2,3,14,50,臺中市,豐原區,0,3,0,8,1,5,50,4,1,1,5,4,5,7,4,4,4,3,5,2,16,6,2,9,1,1,C03,7,1,1,10,2,14,,6,6,1,22,8,C03,120.721383,24.252545,2
2023,2,3,14,56,臺中市,東區,0,0,0,8,1,5,50,14,2,1,5,4,5,7,1,1,5,4,5,2,17,23,3,10,1,1,B03,7,11,1,8,2,5,,23,23,1,18,8,B03,120.690987,24.140036,3
2023,2,3,15,1,臺中市,西屯區,0,1,0,8,1,5,50,4,1,1,5,4,5,7,1,1,10,5,5,2,16,8,3,10,1,1,C03,7,5,1,10,1,12,,8,8,1,4,8,C03,120.639937,24.185094,2
2023,2,3,15,3,臺中市,北屯區,0,0,0,8,,,30,,,,,,,,,,,,,,,23,,,,,B03,,,1,,2,,,23,,1,21,,B03,120.67926,24.192901,3
2023,2,3,15,5,臺中市,南屯區,0,0,0,8,,,50,,,,,,,,,,,,,,,23,,,,,B03,,,1,,2,,,23,,1,22,,B03,120.630954,24.150889,3
2023,2,3,15,9,臺中市,南屯區,0,1,0,8,1,5,50,14,9,1,5,4,5,7,4,4,4,3,5,2,17,23,2,9,1,1,C03,7,8,1,10,2,14,,23,23,1,22,8,C03,120.641785,24.14679,2
2023,2,3,15,11,臺中市,北屯區,0,0,0,8,,,50,,,,,,,,,,,,,,,42,,,,,A12,,,1,,9,,,42,,1,21,,A12,120.718151,24.159717,3
2023,2,3,15,17,臺中市,大甲區,0,1,0,8,1,5,50,4,1,1,5,4,5,7,4,4,10,5,5,2,15,6,2,1,1,1,C03,7,9,1,10,2,11,12,6,6,1,4,8,C03,120.622167,24.352237,2
2023,2,3,15,18,臺中市,西區,0,2,0,8,1,5,50,4,1,1,5,4,5,7,1,1,10,5,5,2,18,42,2,9,3,4,C04,7,9,1,10,2,14,13,42,42,1,22,5,C04,120.670255,24.146337,2
2023,2,3,15,18,臺中市,南屯區,0,0,0,,,,50,,,,,,,,,,,,,,,23,,,,,B03,,,1,,2,,,23,,1,22,,B03,120.611663,24.140321,3
2023,2,3,15,24,臺中市,大里區,0,1,0,8,1,5,50,14,7,1,5,4,5,7,4,4,5,5,4,1,16,23,2,9,1,1,C03,7,9,3,18,2,12,,23,23,1,5,8,C03,120.686836,24.115241,2
2023,2,3,15,29,臺中市,北屯區,0,2,0,8,1,5,50,4,2,1,5,4,5,7,1,1,3,4,5,2,16,26,3,10,1,1,B03,7,6,1,8,2,2,,26,26,1,22,8,B03,120.701826,24.182015,2
2023,2,3,15,30,臺中市,大里區,0,0,0,8,,,50,,,,,,,,,,,,,,,12,,,,,B12,,,1,,2,,,12,,1,21,,B12,120.690731,24.078117,3
2023,2,3,15,31,臺中市,梧棲區,0,0,0,8,,,70,,,,,,,,,,,,,,,23,,,,,B03,,,1,,2,,,23,23,1,11,,B03,120.52956,24.265438,3
2023,2,3,15,39,臺中市,太平區,0,0,0,8,,,50,,,,,,,,,,,,,,,26,,,,,B12,,,1,,2,,,26,,1,21,,B12,120.724497,24.129972,3
2023,2,3,15,47,臺中市,大雅區,0,0,0,8,,,50,,,,,,,,,,,,,,,26,,,,,B03,,,1,,2,,,26,26,1,22,,B03,120.649809,24.213705,3
2023,2,3,15,48,臺中市,東勢區,0,1,0,8,1,5,50,14,9,1,5,4,5,7,4,4,5,5,5,1,17,43,2,9,3,4,B03,7,9,1,8,2,1,,43,43,1,22,8,B03,120.834963,24.245694,2
2023,2,3,15,49,臺中市,西屯區,0,1,0,8,1,5,50,3,1,1,5,4,5,7,4,4,1,4,5,1,12,9,3,10,1,1,B03,7,6,1,8,2,2,,9,9,1,1,9,B03,120.61692,24.185604,2
2023,2,3,15,52,臺中市,太平區,0,0,0,8,,,50,,,,,,,,,,,,,,,23,,,,,F03,,,8,,2,,,23,,1,20,,F03,120.732548,24.13492,3
2023,2,3,15,52,臺中市,龍井區,0,0,0,,,,40,,,,,,,,,,,,,,,7,,,,,B03,,,1,,1,,,7,,1,22,,B03,120.579408,24.190588,4
2023,2,3,15,55,臺中市,霧峰區,0,1,0,8,1,5,30,14,9,1,5,4,5,7,4,4,10,5,5,1,13,21,2,1,3,4,C03,7,9,1,10,8,11,,21,21,1,12,8,C03,120.665386,24.038238,2
2023,2,3,15,57,臺中市,烏日區,0,0,0,8,,,50,,,,,,,,,,,,,,,23,,,,,B03,,,1,,11,,,23,23,1,21,,B03,120.612372,24.110507,3
2023,2,3,15,58,臺中市,北屯區,0,1,0,7,1,5,50,3,1,1,5,4,5,7,4,4,10,5,5,2,16,9,3,10,1,1,B03,7,6,1,8,2,2,,9,9,1,21,8,B03,120.682645,24.179255,2
2023,2,3,16,5,臺中市,潭子區,0,1,0,8,1,5,50,4,1,1,5,4,5,7,1,1,10,5,5,2,15,25,3,10,1,1,C02,7,9,1,9,2,13,,25,25,1,22,8,C02,120.702513,24.194427,2
2023,2,3,16,5,臺中市,豐原區,0,2,0,8,1,5,50,4,1,1,5,4,5,7,1,1,10,5,5,2,15,25,2,9,1,1,C03,7,9,1,10,2,14,,25,25,1,22,8,C03,120.713722,24.249327,2
2023,2,3,16,7,臺中市,東區,0,2,0,8,3,5,50,4,1,1,5,4,5,7,1,1,10,5,5,2,17,43,2,9,1,1,C03,7,9,1,10,2,13,,43,43,1,22,8,C03,120.691062,24.142794,2
2023,2,3,16,8,臺中市,西屯區,0,0,0,8,,,50,,,,,,,,,,,,,,,1,,,,,C03,,,1,,1,,,1,1,1,4,,C03,120.595356,24.170579,3
2023,2,3,16,19,臺中市,西屯區,0,1,0,8,1,5,50,4,1,1,5,4,5,7,4,4,10,5,5,2,13,23,3,10,1,1,B03,7,9,1,8,2,1,,23,23,1,4,8,B03,120.633788,24.161007,2
2023,2,3,16,20,臺中市,大雅區,0,1,0,8,1,5,50,4,1,1,5,4,5,7,1,1,5,5,5,1,12,8,2,8,1,1,C03,7,5,1,10,2,14,,8,8,1,22,9,C03,120.653563,24.224096,2
2023,2,3,16,20,臺中市,南屯區,0,0,0,8,,,40,,,,,,,,,,,,,,,23,,,,,B03,,,1,,1,,,23,,1,22,,B03,120.623258,24.150981,3
2023,2,3,16,26,臺中市,西屯區,0,0,0,8,,,50,,,,,,,,,,,,,,,16,,,,,C03,,,1,,2,,,16,,1,22,,C03,120.637007,24.180761,3
2023,2,3,16,29,臺中市,南區,0,1,0,8,1,5,30,3,2,1,5,4,5,7,1,1,10,5,5,2,13,23,3,10,1,1,C03,7,9,1,10,2,11,,23,23,1,21,8,C03,120.645136,24.111885,2
2023,2,3,16,30,臺中市,西屯區,0,0,0,8,,,40,,,,,,,,,,,,,,,23,,,,,B03,,,1,,1,,,23,,1,12,,B03,120.633933,24.161155,3
2023,2,3,16,34,臺中市,南屯區,0,1,0,8,1,5,50,3,1,1,5,4,5,7,4,4,10,5,5,2,16,6,3,10,1,1,B03,7,5,1,8,2,2,,6,6,1,22,8,B03,120.645662,24.134688,2
2023,2,3,16,37,臺中市,北屯區,0,0,0,8,,,80,,,,,,,,,,,,,,,23,,,,,B03,,,1,,1,,,23,,1,21,,B03,120.720737,24.171221,3
2023,2,3,16,40,臺中市,西區,0,2,0,8,1,5,50,3,1,1,5,4,5,7,4,4,10,5,5,2,12,23,2,9,1,1,C03,7,9,1,10,2,12,,23,23,1,4,5,C03,120.664541,24.132147,2
2023,2,3,16,41,臺中市,南屯區,0,1,0,8,1,5,50,4,1,1,5,4,5,7,2,1,5,5,5,2,16,9,3,10,1,1,B03,7,6,1,8,2,6,,9,9,1,22,8,B03,120.646808,24.148836,2
2023,2,3,16,45,臺中市,西區,0,1,0,8,1,5,50,5,1,1,5,4,5,7,1,1,10,5,5,2,12,9,3,10,1,1,B03,7,6,1,8,2,6,,9,9,1,22,9,B03,120.668527,24.132092,2
2023,2,3,16,45,臺中市,大里區,0,1,0,8,1,5,60,14,12,1,5,4,5,7,4,4,1,5,4,2,16,23,2,9,1,1,C03,7,9,1,10,2,12,,23,23,1,22,1,C03,120.666536,24.105591,2
2023,2,3,16,47,臺中市,北屯區,0,1,0,8,1,5,50,3,2,1,5,4,5,7,4,4,5,4,5,2,14,12,3,10,1,1,B11,7,2,1,4,2,3,,12,12,1,22,8,B11,120.668217,24.180514,2
2023,2,3,16,48,臺中市,大甲區,0,2,0,8,1,5,50,4,1,1,5,4,5,7,4,4,10,5,5,2,15,6,2,3,1,1,B03,7,9,1,8,2,1,5,6,6,1,4,8,B03,120.620301,24.351793,2
2023,2,3,16,50,臺中市,北區,0,1,0,8,1,5,50,14,9,1,5,4,5,7,4,4,10,5,5,2,13,23,2,9,1,1,C03,7,9,1,10,2,11,,23,23,1,21,8,C03,120.678709,24.147916,2
2023,2,3,16,51,臺中市,龍井區,0,1,0,8,1,5,60,14,8,1,5,4,5,7,4,4,1,4,4,1,13,23,3,10,3,4,B11,7,9,1,4,2,1,,23,23,1,10,4,B11,120.52256,24.196441,2
2023,2,3,17,0,臺中市,西屯區,0,0,0,8,,,30,,,,,,,,,,,,,,,23,,,,,B03,,,1,,2,,,23,23,1,22,,B03,120.638271,24.180288,3
2023,2,3,17,0,臺中市,太平區,0,0,0,8,,,80,,,,,,,,,,,,,,,16,,,,,B03,,,1,,1,,,16,,1,5,,B03,120.71922,24.162597,3
2023,2,3,17,7,臺中市,烏日區,0,1,0,8,1,5,50,4,1,1,5,4,5,7,1,1,1,5,4,1,29,19,3,10,1,1,B03,7,1,3,18,2,5,,19,19,1,21,8,B03,120.621817,24.104969,2
2023,2,3,17,10,臺中市,大里區,0,2,0,8,2,5,50,4,1,1,5,4,5,7,1,1,10,5,5,2,16,6,2,9,1,1,C03,7,5,1,10,2,12,,6,6,1,18,8,C03,120.714258,24.09607,2
2023,2,3,17,16,臺中市,霧峰區,0,0,0,8,,,50,,,,,,,,,,,,,,,23,,,,,B03,,,1,,2,,,23,,1,12,,B03,120.697746,24.056875,3
2023,2,3,17,18,臺中市,大肚區,0,2,0,8,1,5,40,14,8,1,5,4,5,7,4,4,1,4,4,1,12,17,2,9,1,1,C03,7,4,1,10,2,12,,17,17,1,19,8,C03,120.553737,24.133405,2
2023,2,3,17,20,臺中市,西屯區,0,1,0,8,1,5,50,14,9,1,5,4,5,7,4,4,1,4,5,1,17,7,3,10,1,1,B03,7,7,1,8,2,7,,7,7,1,1,9,B03,120.635349,24.169426,2
2023,2,3,17,21,臺中市,豐原區,0,0,0,8,,,50,,,,,,,,,,,,,,,23,,,,,C03,,,1,,2,,,23,,1,21,,C03,120.734883,24.255603,3
2023,2,3,17,22,臺中市,龍井區,0,0,0,8,,,60,,,,,,,,,,,,,,,26,,,,,B03,,,1,,2,,,26,,1,9,,B03,120.52378,24.221921,3
2023,2,3,17,24,臺中市,南區,0,0,0,,,,30,,,,,,,,,,,,,,,6,,,,,B03,,,1,,2,,,6,,1,22,,B03,120.671781,24.116649,3
2023,2,3,17,25,臺中市,大雅區,0,0,0,8,,,50,,,,,,,,,,,,,,,23,,,,,C03,,,1,,2,,,23,,1,22,,C03,120.647267,24.224417,3
2023,2,3,17,25,臺中市,北區,0,1,0,8,1,5,50,4,1,1,5,4,5,7,1,1,1,2,4,2,16,6,3,10,1,1,B03,7,5,1,8,2,2,,6,6,1,21,8,B03,120.675469,24.160437,2
2023,2,3,17,25,臺中市,西屯區,0,0,0,8,,,50,,,,,,,,,,,,,,,23,,,,,B12,,,1,,1,,,23,,1,4,,B12,120.619639,24.187443,3
2023,2,3,17,25,臺中市,神岡區,0,0,0,8,,,60,,,,,,,,,,,,,,,7,,,,,B12,,,1,,2,,,7,,1,22,,B12,120.699301,24.236012,3
2023,2,3,17,28,臺中市,北區,0,0,0,,,,40,,,,,,,,,,,,,,,23,,,,,B03,,,1,,1,,,23,,1,5,,B03,120.687788,24.158109,3
2023,2,3,17,28,臺中市,西屯區,0,1,0,8,1,5,40,3,1,1,5,4,5,7,1,1,10,5,5,2,16,6,3,10,1,1,B03,7,6,1,8,2,2,,6,6,1,4,8,B03,120.615258,24.18292,2
2023,2,3,17,30,臺中市,北屯區,0,1,0,8,1,5,50,14,7,1,5,4,5,7,1,1,1,4,4,2,13,23,3,10,1,1,B03,7,9,1,8,1,1,,23,23,1,21,8,B03,120.718137,24.182349,2
2023,2,3,17,30,臺中市,北屯區,0,0,0,8,,,50,,,,,,,,,,,,,,,12,,,,,B03,,,1,,1,,,12,,1,21,,B03,120.688655,24.185428,3
2023,2,3,17,30,臺中市,豐原區,0,1,0,8,3,5,60,4,1,1,5,4,5,7,1,1,8,3,5,1,11,6,3,10,1,1,B03,7,5,1,8,2,1,,6,6,1,22,5,B03,120.729536,24.252421,2
2023,2,3,17,31,臺中市,大里區,0,0,0,8,,,50,,,,,,,,,,,,,,,18,,,,,B12,,,1,,9,,,18,,1,22,,B12,120.688918,24.106361,3
2023,2,3,17,34,臺中市,東勢區,0,4,0,8,1,5,20,14,8,1,5,4,5,7,4,4,9,5,5,1,18,43,2,9,3,1,F01,7,9,8,20,2,16,,43,43,1,22,8,F01,120.827063,24.271216,2
2023,2,3,17,37,臺中市,大里區,0,0,0,8,,,60,,,,,,,,,,,,,,,16,,,,,C03,,,1,,2,,,16,,1,22,,C03,120.679096,24.112335,3
2023,2,3,17,39,臺中市,西屯區,0,0,0,8,,,50,,,,,,,,,,,,,,,23,,,,,B03,,,1,,1,,,23,,1,12,,B03,120.650483,24.175518,3
2023,2,3,17,40,臺中市,豐原區,0,0,0,8,,,50,,,,,,,,,,,,,,,8,,,,,C03,,,1,,2,,,8,8,1,22,,C03,120.744471,24.254623,3
2023,2,3,17,41,臺中市,梧棲區,0,1,0,8,1,5,50,4,1,1,5,4,5,7,4,4,5,4,5,1,13,23,3,10,1,1,B03,7,9,1,8,2,8,,23,23,1,4,8,B03,120.535558,24.252857,2
2023,2,3,17,45,臺中市,北屯區,0,0,0,,,,60,,,,,,,,,,,,,,,16,,,,,B03,,,1,,1,,,16,16,1,21,,B03,120.671911,24.200937,3
2023,2,3,17,48,臺中市,烏日區,0,2,0,8,1,5,60,4,2,1,5,4,5,7,1,1,1,4,4,2,17,8,2,9,1,1,C03,7,5,1,10,2,12,,8,8,1,3,8,C03,120.623483,24.106331,2
2023,2,3,17,50,臺中市,潭子區,0,0,0,8,,,50,,,,,,,,,,,,,,,26,,,,,B03,,,1,,2,,,26,,1,22,,B03,120.703452,24.200697,3
2023,2,3,17,50,臺中市,龍井區,0,0,0,,,,30,,,,,,,,,,,,,,,17,,,,,B03,,,1,,2,,,17,,1,22,,B03,120.572224,24.179299,3
2023,2,3,17,52,臺中市,東勢區,0,2,0,8,3,5,50,3,9,1,5,4,5,7,4,4,5,4,5,1,11,4,2,9,1,1,C03,7,9,1,10,2,12,,4,4,1,22,9,C03,120.866065,24.166332,2
2023,2,3,17,59,臺中市,潭子區,0,0,0,8,,,50,,,,,,,,,,,,,,,6,,,,,B12,,,1,,2,,,6,,1,22,,B12,120.692885,24.223859,3
2023,2,3,18,0,臺中市,龍井區,0,0,0,,,,50,,,,,,,,,,,,,,,23,,,,,B03,,,1,,2,,,23,,1,5,,B03,120.537465,24.176836,3
2023,2,3,18,2,臺中市,西屯區,0,1,0,8,4,5,40,3,1,1,5,4,5,7,2,1,10,5,5,2,23,42,2,9,1,1,C03,7,9,4,11,2,11,,42,42,1,22,8,C03,120.614073,24.183604,2
2023,2,3,18,4,臺中市,西區,0,0,0,,,,50,,,,,,,,,,,,,,,23,,,,,B03,,,1,,1,,,23,,1,21,,B03,120.656035,24.141808,3
2023,2,3,18,4,臺中市,南屯區,0,0,0,,,,50,,,,,,,,,,,,,,,18,,,,,B03,,,1,,2,,,18,,1,22,,B03,120.632657,24.150768,3
2023,2,3,18,5,臺中市,南屯區,0,1,0,8,3,5,50,4,1,1,5,4,5,7,2,1,3,3,5,2,3,15,3,10,1,1,B03,7,6,1,8,2,1,,15,15,1,22,8,B03,120.632605,24.145386,2
2023,2,3,18,5,臺中市,沙鹿區,0,0,0,8,,,50,,,,,,,,,,,,,,,23,,,,,B03,,,1,,2,,,23,,1,22,,B03,120.582318,24.250084,3
2023,2,3,18,6,臺中市,西屯區,0,0,0,8,,,40,,,,,,,,,,,,,,,23,,,,,B12,,,1,,1,,,23,,1,22,,B12,120.636415,24.159681,3
2023,2,3,18,10,臺中市,豐原區,0,1,0,8,3,5,50,5,1,1,5,4,5,7,1,1,10,5,5,2,16,6,3,10,1,1,B03,7,6,1,8,2,2,,6,6,1,22,8,B03,120.720527,24.253588,2
2023,2,3,18,13,臺中市,西屯區,0,0,0,8,,,50,,,,,,,,,,,,,,,23,,,,,B03,,,1,,1,,,23,23,1,1,,B03,120.640635,24.154672,3
2023,2,3,18,14,臺中市,大甲區,0,1,0,8,3,5,50,14,9,1,5,4,5,7,4,4,5,5,5,1,2,23,3,10,1,1,B03,7,9,1,8,2,5,,23,23,1,4,8,B03,120.624296,24.345235,2
2023,2,3,18,15,臺中市,北屯區,0,2,0,8,3,5,50,14,7,1,5,4,5,7,4,4,5,4,4,2,14,12,2,8,1,1,C03,7,2,1,10,2,13,,12,12,1,22,8,C03,120.681485,24.168588,2
2023,2,3,18,15,臺中市,西屯區,0,1,0,8,3,5,50,14,7,1,5,4,5,7,1,1,1,2,3,2,17,26,3,10,1,1,A02,7,9,1,2,1,15,,23,26,1,4,8,A02,120.655936,24.159009,2
2023,2,3,18,19,臺中市,太平區,0,0,0,8,,,50,,,,,,,,,,,,,,,23,,,,,C03,,,1,,2,,,23,,1,21,,C03,120.713011,24.159021,3
2023,2,3,18,25,臺中市,南屯區,0,1,0,8,3,5,50,14,7,1,5,4,5,7,4,4,1,4,5,2,16,19,3,10,1,1,B03,7,1,1,8,2,8,,19,19,1,22,9,B03,120.605327,24.149304,2
2023,2,3,18,26,臺中市,西屯區,0,0,0,8,,,50,,,,,,,,,,,,,,,23,,,,,C03,,,1,,2,,,23,,1,22,,C03,120.650941,24.164884,3
2023,2,3,18,26,臺中市,梧棲區,0,2,0,8,3,5,30,4,1,1,5,4,5,7,4,4,10,5,5,2,16,6,2,9,1,1,C03,7,5,1,10,2,14,,6,6,1,11,8,C03,120.539482,24.246971,2
2023,2,3,18,28,臺中市,烏日區,0,0,0,8,,,50,,,,,,,,,,,,,,,23,,,,,C03,,,1,,2,,,23,,1,21,,C03,120.630243,24.100219,3
2023,2,3,18,30,臺中市,西屯區,0,0,0,8,,,50,,,,,,,,,,,,,,,23,,,,,B03,,,1,,1,,,23,,1,12,,B03,120.654781,24.15747,3
2023,2,3,18,33,臺中市,北屯區,0,3,0,8,3,5,50,4,1,1,5,4,5,7,2,1,1,2,5,2,13,16,2,9,1,1,B03,7,9,1,8,2,1,3,16,16,1,22,8,B03,120.715486,24.182309,2
2023,2,3,18,34,臺中市,西屯區,0,2,0,8,3,5,50,14,7,1,5,4,5,7,4,4,5,5,4,2,16,10,3,10,1,1,C03,7,11,1,10,2,13,12,10,26,1,2,5,C03,120.664691,24.166807,2
2023,2,3,18,39,臺中市,北區,0,0,0,8,,,50,,,,,,,,,,,,,,,12,,,,,B03,,,1,,1,,,12,,1,22,,B03,120.67807,24.168516,3
2023,2,3,18,39,臺中市,太平區,0,1,0,8,3,5,50,14,9,1,5,4,5,7,4,4,9,5,5,1,13,23,2,9,3,4,C04,7,9,3,18,2,11,,23,23,1,19,8,C04,120.725761,24.128407,2
2023,2,3,18,40,臺中市,南屯區,0,0,0,8,,,50,,,,,,,,,,,,,,,12,,,,,B03,,,1,,9,,,12,,1,22,,B03,120.613237,24.144712,3
2023,2,3,18,41,臺中市,南屯區,0,0,0,8,,,50,,,,,,,,,,,,,,,23,,,,,B03,,,1,,1,,,23,,1,5,,B03,120.650116,24.141504,3
2023,2,3,18,43,臺中市,清水區,0,2,0,8,3,5,50,14,13,1,5,4,5,7,4,4,5,5,5,1,16,26,2,9,1,1,C03,7,11,1,10,2,12,,26,26,1,21,8,C03,120.557044,24.266493,2
2023,2,3,18,45,臺中市,大里區,0,1,0,8,3,5,50,4,1,1,5,4,5,7,1,1,10,5,5,2,3,6,3,10,1,1,B03,7,6,1,8,2,1,,6,6,1,12,8,B03,120.70118,24.100283,2
2023,2,3,18,47,臺中市,北屯區,0,1,0,8,3,5,50,4,1,1,5,4,5,7,2,1,10,5,5,2,16,9,3,10,1,1,B03,7,6,1,8,2,6,,9,9,2,21,8,B03,120.67703,24.186153,2
2023,2,3,18,49,臺中市,南區,0,1,0,8,2,5,50,14,9,1,5,4,5,7,4,4,5,5,5,2,18,23,2,1,1,1,C03,7,9,1,10,2,14,,23,23,1,21,8,C03,120.665073,24.127384,2
2023,2,3,18,53,臺中市,北區,0,0,0,8,,,50,,,,,,,,,,,,,,,12,,,,,B03,,,1,,2,,,12,,1,22,,B03,120.683905,24.167698,3
2023,2,3,18,54,臺中市,東區,0,0,0,,,,50,,,,,,,,,,,,,,,16,,,,,C03,,,1,,2,,,16,16,1,22,,C03,120.684136,24.131984,3
2023,2,3,18,54,臺中市,北屯區,0,1,0,8,3,5,50,14,7,1,5,4,5,7,4,4,5,5,4,1,27,66,,,,,,,,,,,,,66,66,1,,,,120.7249,24.171898,2
2023,2,3,18,57,臺中市,沙鹿區,0,0,0,8,,,50,,,,,,,,,,,,,,,6,,,,,B03,,,1,,2,,,42,23,1,6,,B03,120.560962,24.237807,3
2023,2,3,19,0,臺中市,南區,0,0,0,8,1,5,50,14,7,1,5,4,5,7,4,4,1,4,5,2,12,7,3,10,1,1,B03,7,9,1,8,1,4,,7,7,1,22,8,B03,120.670077,24.114787,3
2023,2,3,19,0,臺中市,西屯區,0,1,0,8,3,5,40,14,8,1,5,4,5,7,4,4,5,5,4,2,29,23,2,9,3,4,C03,7,9,1,10,2,11,,23,23,1,22,8,C03,120.654533,24.176198,2
2023,2,3,19,4,臺中市,潭子區,0,2,0,8,3,5,50,3,1,1,5,4,5,7,2,1,1,4,5,2,13,23,2,8,1,1,C03,7,9,1,10,2,11,,23,23,1,9,8,C03,120.705226,24.20107,2
2023,2,3,19,7,臺中市,西區,0,1,0,8,3,5,50,4,1,1,5,4,5,7,1,1,10,5,5,2,2,15,3,10,1,1,B03,7,5,1,8,2,1,,15,15,1,22,9,B03,120.659687,24.157317,2
2023,2,3,19,8,臺中市,霧峰區,0,0,0,,,,50,,,,,,,,,,,,,,,6,,,,,B12,,,1,,2,,,6,,1,12,,B12,120.70569,24.074015,3
2023,2,3,19,12,臺中市,南屯區,0,1,0,8,3,5,50,14,9,1,5,4,5,7,2,1,1,2,4,2,16,26,3,10,1,1,B03,7,8,1,8,2,5,,26,26,1,22,8,B03,120.629299,24.151236,2
2023,2,3,19,14,臺中市,沙鹿區,0,1,0,8,3,5,40,14,8,1,5,4,5,7,4,4,1,4,1,2,23,23,2,9,1,1,C03,7,9,1,10,2,11,,23,23,1,22,8,C03,120.56996,24.20061,2
2023,2,3,19,15,臺中市,太平區,0,1,0,8,3,5,50,14,9,1,5,4,5,7,4,4,5,5,5,2,16,7,3,10,1,1,B02,7,8,1,8,2,6,,7,7,1,21,8,B02,120.717112,24.158552,2
2023,2,3,19,19,臺中市,大里區,0,0,0,8,,,50,,,,,,,,,,,,,,,16,,,,,C01,,,1,,2,,,16,,1,5,,C01,120.700325,24.116755,3
2023,2,3,19,20,臺中市,北區,0,0,0,8,,,50,,,,,,,,,,,,,,,53,,,,,H01,,,8,,10,,,53,,1,21,,H01,120.685636,24.14794,3
2023,2,3,19,24,臺中市,南屯區,0,1,0,8,3,5,50,3,1,1,5,4,5,7,4,4,4,3,5,2,16,6,3,10,1,1,B03,7,5,1,8,2,7,,6,6,1,22,8,B03,120.650006,24.14425,2
2023,2,3,19,28,臺中市,西屯區,0,0,0,8,,,30,,,,,,,,,,,,,,,17,,,,,B02,,,1,,9,,,17,,1,22,,B02,120.644591,24.175579,3
2023,2,3,19,30,臺中市,南屯區,0,1,0,8,3,5,50,4,1,1,5,4,5,7,1,1,5,5,5,2,16,19,3,10,1,1,C03,7,1,1,10,2,11,,19,19,1,22,8,C03,120.645068,24.132012,2
2023,2,3,19,37,臺中市,清水區,0,0,0,8,,,40,,,,,,,,,,,,,,,12,,,,,C03,,,1,,9,,,12,,1,21,,C03,120.575509,24.269729,3
2023,2,3,19,40,臺中市,豐原區,0,0,0,8,,,50,,,,,,,,,,,,,,,42,,,,,B12,,,1,,2,,,42,,1,22,,B12,120.725713,24.257306,3
2023,2,3,19,46,臺中市,西區,0,1,0,8,3,5,50,4,1,1,5,4,5,7,1,1,10,5,5,2,3,15,3,10,1,1,B03,7,5,1,8,2,1,,15,15,1,22,9,B03,120.659445,24.154907,2
2023,2,3,19,47,臺中市,西屯區,0,1,0,8,1,5,50,14,9,1,5,4,5,7,4,4,5,4,5,2,9,42,3,10,1,1,A04,7,15,1,1,2,2,,42,42,1,22,8,A04,120.618135,24.188224,2
2023,2,3,19,50,臺中市,南屯區,0,1,0,8,3,5,50,4,2,1,5,4,5,7,2,1,5,4,5,2,13,16,2,7,1,1,C03,7,9,1,10,2,11,,16,16,1,5,8,C03,120.638358,24.147176,2
2023,2,3,19,50,臺中市,大甲區,0,0,0,8,,,50,,,,,,,,,,,,,,,23,,,,,B03,,,1,,1,,,23,,1,21,,B03,120.641276,24.404921,3
2023,2,3,19,51,臺中市,太平區,0,1,0,8,3,5,50,14,7,1,5,4,5,7,4,4,5,5,4,2,13,16,2,9,3,4,C03,7,9,1,10,2,14,,16,16,1,5,8,C03,120.719409,24.148745,2
2023,2,3,19,53,臺中市,潭子區,0,2,0,8,3,8,30,14,22,2,5,4,5,7,4,4,10,5,5,2,11,5,2,8,1,1,C03,7,9,1,10,2,12,,5,5,1,22,1,C03,120.70284,24.222794,2
2023,2,3,19,58,臺中市,北區,0,1,0,8,3,5,50,4,2,1,5,4,5,7,1,1,1,4,4,2,16,19,3,10,1,1,B03,7,1,1,8,2,4,,19,19,1,21,8,B03,120.676852,24.155758,2