年,月,日,時,分,縣市,區,死,受傷,2-30,天候,光線,道路類別,速限,道路型態,事故位置,路面鋪裝,路面狀態,路面缺陷,障礙物,視距,號誌種類,號誌動作,分向設施,快車道或一般車道間,快慢車道間,路面邊線,事故類型及型態,主要肇因,受傷程度,主要傷處,保護裝備,行動電話,當事者區分,車輛用途,當事者行動狀態,駕駛資格情形,駕駛執照種類,飲酒情形,車輛撞擊部位最初,車輛撞擊部位其他,肇事因素個別,肇事因素主要,肇事逃逸,職業,旅次目的,車種,GPS緯度,GPS經度,事故類別
2023,2,6,0,8,臺中市,北區,0,0,0,8,,,50,,,,,,,,,,,,,,,23,,,,,B03,,,1,,1,,,23,,1,22,,B03,120.675092,24.149463,3
2023,2,6,0,21,臺中市,西屯區,0,1,0,8,3,5,50,4,1,1,5,4,5,7,1,1,10,5,5,2,12,6,3,10,1,4,B03,7,6,1,8,2,5,,6,6,1,22,8,B03,120.624894,24.179858,2
2023,2,6,0,25,臺中市,中區,0,1,0,8,3,5,50,4,1,1,5,4,5,7,2,1,10,5,5,2,17,7,2,9,1,1,C03,7,7,1,10,2,14,,7,6,1,5,7,C03,120.678815,24.147178,2
2023,2,6,0,46,臺中市,西屯區,0,2,0,8,3,5,50,4,1,1,5,4,5,7,4,4,10,5,5,2,16,6,2,9,3,4,C03,7,9,1,10,2,12,,6,6,1,22,8,C03,120.667468,24.177061,2
2023,2,6,0,47,臺中市,豐原區,0,0,0,8,,,30,,,,,,,,,,,,,,,18,,,,,B03,,,1,,2,,,18,,1,22,,B03,120.802916,24.256438,3
2023,2,6,0,58,臺中市,龍井區,0,2,0,8,3,5,30,4,1,1,5,4,5,7,3,1,10,5,5,2,15,6,3,10,1,1,B03,7,9,1,8,2,1,,6,6,1,12,8,B03,120.523394,24.20307,2
2023,2,6,1,37,臺中市,太平區,0,0,0,8,,,50,,,,,,,,,,,,,,,43,,,,,B12,,,1,,11,,,43,,1,4,,B12,120.706306,24.148561,3
2023,2,6,1,59,臺中市,沙鹿區,0,1,0,8,3,5,60,3,1,1,5,4,5,7,1,1,1,5,5,1,29,42,2,9,1,1,B03,7,15,1,8,2,1,,42,42,1,22,9,B03,120.56183,24.208285,2
2023,2,6,3,48,臺中市,梧棲區,0,0,0,8,,,50,,,,,,,,,,,,,,,19,,,,,B03,,,1,,2,,,19,,1,9,,B03,120.537029,24.25836,3
2023,2,6,5,10,臺中市,清水區,0,1,0,8,3,5,50,4,1,1,5,4,5,7,4,4,10,5,5,2,18,67,,,,,,,,,,,,,67,67,1,,,,120.566241,24.271745,2
2023,2,6,5,46,臺中市,北區,0,0,0,7,3,5,50,15,9,1,5,4,5,7,4,4,10,5,5,2,14,12,,,,,B03,,,1,,1,,,12,,1,22,,B03,120.681661,24.155392,3
2023,2,6,6,31,臺中市,西屯區,0,1,0,6,2,5,30,3,1,1,4,4,5,7,4,4,10,5,5,2,3,23,3,10,1,4,B03,7,5,1,8,2,4,,23,23,1,22,8,B03,120.663229,24.174436,2
2023,2,6,6,33,臺中市,豐原區,0,1,0,6,2,5,50,5,2,1,4,4,5,7,1,1,10,5,5,2,17,26,2,9,1,1,C03,7,14,1,10,2,11,,26,26,1,22,8,C03,120.71025,24.254926,2
2023,2,6,6,39,臺中市,潭子區,0,1,0,6,1,5,50,4,1,1,4,4,5,7,1,1,10,5,5,2,3,23,3,10,1,1,B03,7,5,1,10,2,8,,23,23,1,22,8,B03,120.691753,24.224491,2
2023,2,6,6,46,臺中市,北區,0,0,0,6,,,50,,,,,,,,,,,,,,,7,,,,,B03,,,1,,1,,,7,,1,22,,B03,120.677369,24.151142,3
2023,2,6,6,50,臺中市,西屯區,0,2,0,6,1,5,40,4,1,1,4,4,5,7,1,1,9,4,5,2,13,23,2,8,3,4,C03,7,6,1,10,2,11,,23,23,1,22,8,C03,120.640518,24.16538,2
2023,2,6,7,2,臺中市,潭子區,0,1,0,6,1,5,60,3,2,1,4,4,5,7,1,1,1,5,5,2,18,23,2,9,1,1,C03,7,9,1,10,2,14,,23,23,1,22,8,C03,120.702511,24.187087,2
2023,2,6,7,10,臺中市,太平區,0,0,0,6,,,50,,,,,,,,,,,,,,,23,,,,,B03,,,1,,1,,,23,,1,21,,B03,120.722058,24.149568,3
2023,2,6,7,15,臺中市,龍井區,0,1,0,6,1,5,30,4,1,1,4,4,5,7,4,4,10,5,5,2,16,6,3,10,3,4,B03,7,9,1,8,2,1,,6,6,1,4,1,B03,120.511823,24.202378,2
2023,2,6,7,20,臺中市,西區,0,2,0,6,1,5,50,4,1,1,4,4,5,7,1,1,1,4,3,2,15,25,2,7,1,1,C03,7,9,1,10,2,11,,25,25,1,22,8,C03,120.672782,24.14838,2
2023,2,6,7,20,臺中市,西屯區,0,0,0,6,,,40,,,,,,,,,,,,,,,16,,,,,B03,,,1,,1,,,16,,1,22,,B03,120.610814,24.170564,3
2023,2,6,7,22,臺中市,東區,0,1,0,8,1,5,50,4,1,1,5,4,5,7,1,1,10,5,5,2,16,42,3,10,1,1,C03,7,15,1,10,2,12,,42,42,1,22,8,C03,120.699663,24.144684,2
2023,2,6,7,25,臺中市,太平區,0,1,0,7,1,5,50,4,13,1,4,4,5,7,1,1,5,5,5,1,17,40,3,10,1,1,B12,7,15,1,8,11,7,,40,40,1,5,8,B12,120.724807,24.141879,2
2023,2,6,7,25,臺中市,大甲區,0,0,0,6,,,50,,,,,,,,,,,,,,,16,,,,,B03,,,1,,2,,,16,,1,9,,B03,120.657421,24.395307,3
2023,2,6,7,27,臺中市,霧峰區,0,1,0,6,1,5,50,14,9,1,4,4,5,7,4,4,5,5,4,1,13,1,2,8,1,1,C03,7,9,1,10,2,11,,1,1,1,5,8,C03,120.699359,24.069807,2
2023,2,6,7,27,臺中市,大里區,0,2,0,6,1,5,40,3,2,1,4,4,5,7,1,1,3,2,5,1,13,23,2,9,1,1,C03,7,9,1,10,2,11,,23,23,1,5,1,C03,120.676106,24.085805,2
2023,2,6,7,28,臺中市,大雅區,0,0,0,6,,,30,,,,,,,,,,,,,,,12,,,,,B03,,,1,,2,,,12,,1,22,,B03,120.657323,24.224245,3
2023,2,6,7,28,臺中市,西屯區,0,1,0,6,1,5,50,5,1,1,4,4,5,7,2,1,3,4,5,1,18,43,2,9,1,1,C03,7,6,1,10,2,12,,43,43,1,1,9,C03,120.616364,24.190958,2
2023,2,6,7,30,臺中市,大里區,0,0,0,8,,,50,,,,,,,,,,,,,,,26,,,,,A41,,,1,,2,,,44,26,1,22,,A41,120.70034,24.117093,3
2023,2,6,7,31,臺中市,大雅區,0,1,0,6,1,5,50,4,2,1,4,4,5,7,1,1,5,5,5,1,13,23,3,10,1,1,B12,7,9,1,5,2,5,,23,23,1,22,9,B12,120.649665,24.22816,2
2023,2,6,7,31,臺中市,西區,0,2,0,6,1,5,50,3,1,1,4,4,5,7,2,1,10,5,5,2,17,7,3,10,1,1,C03,7,8,1,10,2,13,,7,7,1,5,8,C03,120.661743,24.16016,2
2023,2,6,7,34,臺中市,大里區,0,0,0,6,1,5,30,5,1,1,4,4,5,7,1,1,10,5,5,2,9,53,2,9,4,5,H01,8,16,8,20,10,16,,53,53,1,6,8,H01,120.689698,24.113411,3
2023,2,6,7,34,臺中市,龍井區,0,1,0,6,1,5,30,4,1,1,4,4,5,7,4,4,10,5,5,2,15,26,2,9,1,1,C03,7,9,1,10,2,14,,26,26,1,5,1,C03,120.591786,24.188737,2
2023,2,6,7,36,臺中市,烏日區,0,1,0,6,1,5,40,14,9,1,4,4,5,7,4,4,10,5,5,1,17,19,3,10,1,1,B03,7,1,1,8,2,15,,19,19,1,21,1,B03,120.625796,24.109997,2
2023,2,6,7,36,臺中市,梧棲區,0,0,0,,,,50,,,,,,,,,,,,,,,26,,,,,B03,,,1,,2,,,26,,1,4,,B03,120.535027,24.258377,3
2023,2,6,7,37,臺中市,北屯區,0,1,0,6,1,5,50,14,9,1,4,4,5,7,4,4,1,4,5,2,17,43,2,7,1,1,C03,7,9,1,10,2,12,,43,43,1,22,8,C03,120.685928,24.172404,2
2023,2,6,7,37,臺中市,霧峰區,0,1,0,6,1,5,40,3,1,1,4,4,5,7,4,4,10,5,5,1,16,6,3,10,1,1,B03,7,5,1,8,2,1,,6,6,1,22,9,B03,120.68842,24.043885,2
2023,2,6,7,38,臺中市,霧峰區,0,1,0,6,1,5,50,3,1,1,4,4,5,7,4,4,10,5,5,2,16,6,3,10,1,1,B03,7,5,1,8,2,4,,6,6,1,11,8,B03,120.70334,24.076018,2
2023,2,6,7,40,臺中市,西屯區,0,1,0,6,1,5,50,14,9,1,4,4,5,7,4,4,9,4,5,2,13,23,2,9,1,1,C03,7,9,1,10,1,11,,23,23,1,22,8,C03,120.65422,24.156374,2
2023,2,6,7,40,臺中市,大肚區,0,1,0,6,1,5,50,3,1,1,4,4,5,7,4,4,10,5,5,2,16,6,3,10,1,1,B03,7,5,1,8,2,2,,6,6,1,21,8,B03,120.54394,24.158997,2
2023,2,6,7,40,臺中市,后里區,0,0,0,6,1,5,50,14,9,1,4,4,5,7,4,4,9,5,5,2,11,17,3,10,1,1,B03,7,9,1,8,2,4,,17,17,1,22,8,B03,120.689853,24.312113,3
2023,2,6,7,42,臺中市,南屯區,0,1,0,6,1,5,50,4,9,1,4,4,5,7,1,1,3,2,5,2,13,23,3,10,3,4,C03,7,9,1,10,2,11,,23,23,1,22,8,C03,120.623833,24.149455,2
2023,2,6,7,45,臺中市,霧峰區,0,1,0,6,1,5,30,14,9,1,4,4,5,7,4,4,10,5,5,1,16,19,3,10,1,1,B03,7,1,1,8,2,8,,19,19,1,22,9,B03,120.664104,24.036756,2
2023,2,6,7,45,臺中市,神岡區,0,1,0,6,1,5,30,15,9,1,4,4,5,7,4,4,10,5,5,2,17,19,3,10,1,1,A12,7,1,1,2,2,7,,19,19,1,22,8,A12,120.701473,24.266739,2
2023,2,6,7,46,臺中市,大雅區,0,0,0,8,,,50,,,,,,,,,,,,,,,18,,,,,B03,,,1,,2,,,18,,1,22,,B03,120.651367,24.228432,3
2023,2,6,7,50,臺中市,西屯區,0,1,0,6,1,5,50,3,1,1,4,4,5,7,1,1,5,3,5,2,13,23,2,8,1,1,C03,7,9,1,10,2,12,,23,23,1,22,9,C03,120.642964,24.189496,2
2023,2,6,7,50,臺中市,大甲區,0,1,0,6,1,5,50,4,1,1,4,4,5,7,4,4,10,5,5,2,16,23,3,10,1,1,B03,7,5,1,8,2,8,,23,23,1,5,8,B03,120.65407,24.381363,2
2023,2,6,7,50,臺中市,神岡區,0,1,0,6,1,5,30,4,1,1,4,4,5,7,4,4,10,5,5,1,17,6,3,10,1,1,B03,7,9,1,8,2,5,,6,6,1,21,8,B03,120.659641,24.259381,2
2023,2,6,7,52,臺中市,潭子區,0,0,0,6,,,50,,,,,,,,,,,,,,,23,,,,,B03,,,1,,2,,,23,,1,22,,B03,120.707632,24.225728,3
2023,2,6,7,55,臺中市,潭子區,0,0,0,6,,,60,,,,,,,,,,,,,,,2,,,,,B12,,,1,,2,,,2,,1,22,,B12,120.686701,24.210647,3
2023,2,6,7,55,臺中市,清水區,0,0,0,8,,,50,,,,,,,,,,,,,,,23,,,,,B03,,,1,,2,,,23,,1,21,,B03,120.536452,24.281275,3
2023,2,6,7,56,臺中市,北屯區,0,0,0,6,,,40,,,,,,,,,,,,,,,16,,,,,B03,,,1,,1,,,16,,1,21,,B03,120.681938,24.201063,3
2023,2,6,7,56,臺中市,西屯區,0,1,0,6,1,5,50,3,1,1,4,4,5,7,1,1,10,5,5,2,17,42,2,9,1,1,C03,7,5,1,10,2,11,,42,42,1,21,8,C03,120.606273,24.161809,2
2023,2,6,7,58,臺中市,霧峰區,0,0,0,6,1,5,60,14,9,1,4,4,5,7,4,4,1,4,4,1,13,23,,,,,B03,,,1,,2,,,23,,1,11,,B03,120.696015,24.055728,3
2023,2,6,8,0,臺中市,大里區,0,2,0,6,1,5,50,3,1,1,4,4,5,7,1,1,10,5,5,2,13,26,2,9,1,1,C03,7,9,1,10,2,11,,26,26,1,5,1,C03,120.69547,24.102928,2
2023,2,6,8,0,臺中市,后里區,0,0,0,8,,,50,,,,,,,,,,,,,,,23,,,,,B02,,,1,,2,,,23,,1,22,,B02,120.725934,24.309055,3
2023,2,6,8,3,臺中市,西屯區,0,2,0,6,1,5,30,3,1,1,4,4,5,7,4,4,10,5,5,2,16,6,3,10,3,4,B03,7,6,1,8,2,6,,6,6,1,22,8,B03,120.612768,24.166346,2
2023,2,6,8,3,臺中市,龍井區,0,0,0,,,,30,,,,,,,,,,,,,,,12,,,,,B03,,,1,,1,,,12,,1,6,,B03,120.583458,24.17878,3
2023,2,6,8,5,臺中市,南區,0,1,0,6,1,5,40,14,8,1,4,4,5,7,4,4,5,5,4,2,17,40,3,10,3,4,B12,7,15,1,8,2,2,,40,40,1,5,8,B12,120.655493,24.113606,2
2023,2,6,8,5,臺中市,神岡區,0,1,0,6,1,5,60,15,9,1,4,4,5,7,4,4,2,4,5,1,13,16,2,9,1,1,C03,7,9,1,10,2,11,,16,16,1,22,8,C03,120.670013,24.278495,2
2023,2,6,8,6,臺中市,清水區,0,0,0,8,,,70,,,,,,,,,,,,,,,42,,,,,B03,,,1,,2,,,42,,1,21,,B03,120.587475,24.291682,3
2023,2,6,8,7,臺中市,豐原區,0,0,0,6,,,30,,,,,,,,,,,,,,,12,,,,,B12,,,1,,2,,,12,,1,21,,B12,120.741253,24.258905,3
2023,2,6,8,8,臺中市,沙鹿區,0,0,0,8,,,50,,,,,,,,,,,,,,,42,,,,,B12,,,1,,11,,,42,,1,21,,B12,120.564691,24.23969,3
2023,2,6,8,10,臺中市,龍井區,0,0,0,,,,50,,,,,,,,,,,,,,,25,,,,,C03,,,1,,2,,,25,,1,4,,C03,120.587608,24.191155,3
2023,2,6,8,12,臺中市,南區,0,1,0,6,1,5,50,3,8,1,4,4,5,7,4,4,5,5,4,2,16,6,2,9,1,1,C03,7,6,1,10,2,14,,6,6,1,21,8,C03,120.658017,24.124887,2
2023,2,6,8,13,臺中市,北屯區,0,1,0,6,1,5,50,4,1,1,4,4,5,7,2,1,1,4,4,2,12,23,2,9,1,1,C03,7,9,1,10,2,12,,23,23,1,22,8,C03,120.721505,24.162411,2
2023,2,6,8,15,臺中市,東區,0,1,0,6,1,5,50,3,1,1,4,4,5,7,4,4,10,5,5,2,16,8,2,9,1,1,C03,7,5,3,18,2,14,,8,8,1,22,8,C03,120.697107,24.136924,2
2023,2,6,8,15,臺中市,龍井區,0,0,0,6,,,40,,,,,,,,,,,,,,,42,,,,,C03,,,1,,2,,,42,,1,21,,C03,120.568641,24.193495,3
2023,2,6,8,15,臺中市,大甲區,0,0,0,,,,40,,,,,,,,,,,,,,,23,,,,,B12,,,1,,2,,,23,23,1,4,,B12,120.623749,24.346925,3
2023,2,6,8,16,臺中市,東區,0,0,0,6,,,50,,,,,,,,,,,,,,,23,,,,,C03,,,1,,2,,,23,,1,22,,C03,120.701301,24.132154,3
2023,2,6,8,17,臺中市,豐原區,0,0,0,6,,,50,,,,,,,,,,,,,,,16,,,,,B12,,,1,,1,,,16,,1,21,,B12,120.72034,24.235411,3
2023,2,6,8,19,臺中市,西區,0,1,0,6,1,5,50,4,1,1,4,4,5,7,1,1,10,5,5,2,18,42,2,9,1,1,C03,7,9,1,10,2,14,,42,42,1,22,9,C03,120.662224,24.158471,2
2023,2,6,8,20,臺中市,潭子區,0,0,0,6,,,30,,,,,,,,,,,,,,,23,,,,,C03,,,1,,9,,,23,,1,22,,C03,120.703184,24.194542,3
2023,2,6,8,20,臺中市,霧峰區,0,1,0,6,1,5,40,14,8,1,4,4,5,7,4,4,9,4,4,1,17,44,3,10,1,1,A12,7,1,1,7,11,15,,44,44,1,22,9,A12,120.663152,24.060985,2
2023,2,6,8,20,臺中市,豐原區,0,0,0,6,,,50,,,,,,,,,,,,,,,9,,,,,F01,,,8,,2,,,9,,1,22,,F01,120.707266,24.244164,3
2023,2,6,8,21,臺中市,南區,0,1,0,6,1,5,50,3,1,1,4,4,5,7,1,1,10,5,5,2,16,25,3,10,3,4,B03,7,9,1,8,2,5,,25,25,1,5,8,B03,120.6699,24.111818,2
2023,2,6,8,29,臺中市,南區,0,0,0,6,1,5,30,3,2,1,4,4,5,7,4,4,5,5,5,2,16,19,3,10,1,1,B03,7,1,6,8,5,5,,19,19,1,21,8,B03,120.661173,24.122498,3
2023,2,6,8,29,臺中市,太平區,0,0,0,6,,,50,,,,,,,,,,,,,,,23,,,,,B03,,,1,,2,,,23,,1,5,,B03,120.731397,24.140321,3
2023,2,6,8,30,臺中市,南屯區,0,1,0,6,1,5,40,14,8,1,4,4,5,7,4,4,1,4,1,2,13,23,2,9,1,1,C03,7,9,1,10,2,11,,23,23,1,4,8,C03,120.614217,24.148253,2
2023,2,6,8,32,臺中市,豐原區,0,0,0,6,,,40,,,,,,,,,,,,,,,17,,,,,C03,,,1,,2,,,17,,1,22,,C03,120.714388,24.251027,3
2023,2,6,8,34,臺中市,西屯區,0,1,0,6,1,5,50,4,1,1,4,4,5,7,1,1,5,4,5,2,13,16,3,10,3,4,C03,7,9,1,10,2,11,,16,16,1,22,8,C03,120.605256,24.171538,2
2023,2,6,8,35,臺中市,西區,0,2,0,6,1,5,50,4,1,1,4,4,5,7,1,1,1,4,5,2,17,23,3,10,1,1,B12,7,4,1,8,2,2,5,23,23,1,22,8,B12,120.661688,24.140163,2
2023,2,6,8,35,臺中市,西屯區,0,1,0,6,1,5,50,4,1,1,4,4,5,7,1,1,5,4,4,1,17,8,3,10,1,1,B03,7,5,1,8,2,5,,8,8,1,1,9,B03,120.661414,24.165008,2
2023,2,6,8,35,臺中市,沙鹿區,0,1,0,6,1,5,40,3,2,1,4,4,5,7,1,1,10,5,5,2,18,42,2,9,1,1,C03,7,12,1,10,2,12,,42,42,1,18,8,C03,120.57883,24.250004,2
2023,2,6,8,38,臺中市,大肚區,0,0,0,,,,50,,,,,,,,,,,,,,,23,,,,,C03,,,1,,2,,,23,,1,6,,C03,120.582732,24.172818,3
2023,2,6,8,40,臺中市,大里區,0,0,0,6,,,80,,,,,,,,,,,,,,,16,,,,,B03,,,1,,2,,,16,,1,22,,B03,120.682663,24.086247,3
2023,2,6,8,42,臺中市,大雅區,0,0,0,6,,,50,,,,,,,,,,,,,,,12,,,,,B03,,,1,,2,,,12,12,1,22,,B03,120.652903,24.224001,3
2023,2,6,8,43,臺中市,龍井區,0,1,0,6,1,5,50,4,1,1,4,4,5,7,2,1,10,5,5,2,16,9,3,10,1,1,B03,7,6,1,8,2,6,,9,9,1,3,1,B03,120.585513,24.185928,2
2023,2,6,8,45,臺中市,大雅區,0,1,0,6,1,5,50,3,1,1,4,4,5,7,3,1,5,5,4,1,17,23,2,9,1,1,C03,7,9,3,18,2,15,,23,23,1,22,9,C03,120.629968,24.209689,2
2023,2,6,8,46,臺中市,北屯區,0,1,0,6,1,5,50,3,2,1,4,4,5,7,4,4,5,2,5,2,16,26,2,9,1,1,C03,7,5,6,18,2,12,,26,26,1,22,9,C03,120.720539,24.175939,2
2023,2,6,8,50,臺中市,南屯區,0,1,0,6,1,5,40,14,8,1,4,4,5,7,4,4,1,4,4,2,13,23,2,8,1,1,C03,7,9,1,10,2,11,,23,23,1,22,9,C03,120.640667,24.148008,2
2023,2,6,8,50,臺中市,大肚區,0,0,0,6,,,50,,,,,,,,,,,,,,,42,,,,,A12,,,1,,2,,,42,,1,21,,A12,120.576639,24.118999,3
2023,2,6,8,53,臺中市,東勢區,0,0,0,6,,,60,,,,,,,,,,,,,,,23,,,,,B12,,,1,,2,,,23,,1,21,,B12,120.824117,24.258354,3
2023,2,6,8,54,臺中市,霧峰區,0,2,0,6,1,5,30,4,1,1,4,4,5,7,4,4,10,5,5,2,13,23,2,9,1,1,C03,7,9,1,10,2,11,,23,23,1,5,8,C03,120.666511,24.079735,2
2023,2,6,8,54,臺中市,梧棲區,0,0,0,,,,,,,,,,,,,,,,,,,17,,,,,,,,,,,,,17,,1,,,,120.558038,24.258395,3
2023,2,6,8,57,臺中市,西區,0,1,0,8,1,5,50,5,1,1,4,4,5,7,2,1,10,5,5,2,16,9,3,10,1,1,B03,7,6,1,8,2,5,,9,9,1,18,9,B03,120.668775,24.13206,2
2023,2,6,8,58,臺中市,北區,0,1,0,6,1,5,50,4,1,1,4,4,5,7,4,4,5,4,5,2,16,6,3,10,1,1,C03,7,9,1,10,2,12,,6,6,1,5,5,C03,120.667551,24.16562,2
2023,2,6,8,58,臺中市,北區,0,1,0,8,1,5,50,3,1,1,4,4,5,7,2,1,5,4,4,1,16,6,3,10,3,4,B03,7,5,1,8,2,6,,6,6,1,22,9,B03,120.686669,24.159083,2
2023,2,6,9,0,臺中市,西區,0,0,0,6,,,50,,,,,,,,,,,,,,,42,,,,,B02,,,1,,2,,,42,,1,22,,B02,120.66511,24.149962,3
2023,2,6,9,0,臺中市,東區,0,0,0,6,,,30,,,,,,,,,,,,,,,12,,,,,B03,,,1,,2,,,12,,1,22,,B03,120.699026,24.145206,3
2023,2,6,9,0,臺中市,南屯區,0,0,0,6,,,50,,,,,,,,,,,,,,,23,,,,,B03,,,1,,1,,,23,,1,22,,B03,120.647766,24.15363,3
2023,2,6,9,0,臺中市,北屯區,0,0,0,8,,,30,,,,,,,,,,,,,,,67,,,,,,,,,,,,,67,67,1,,,,120.673337,24.181634,3
2023,2,6,9,0,臺中市,西屯區,0,0,0,8,,,50,,,,,,,,,,,,,,,17,,,,,A31,,,1,,2,,,17,,1,21,,A31,120.656973,24.201268,3
2023,2,6,9,0,臺中市,西屯區,0,0,0,6,,,40,,,,,,,,,,,,,,,23,,,,,B03,,,1,,1,,,23,23,1,22,,B03,120.639253,24.168798,3
2023,2,6,9,2,臺中市,南區,0,0,0,6,,,50,,,,,,,,,,,,,,,23,,,,,C03,,,1,,2,,,23,,1,22,,C03,120.665804,24.12349,3
2023,2,6,9,6,臺中市,大雅區,0,1,0,6,1,5,30,3,2,1,4,4,5,7,4,4,10,5,5,1,17,23,2,9,1,1,C03,7,9,1,10,2,12,,23,23,1,22,9,C03,120.672326,24.23117,2
2023,2,6,9,11,臺中市,潭子區,0,0,0,8,,,80,,,,,,,,,,,,,,,23,,,,,B03,,,1,,2,,,23,,1,22,,B03,120.696555,24.201,3
2023,2,6,9,13,臺中市,北屯區,0,0,0,6,,,50,,,,,,,,,,,,,,,1,,,,,B03,,,1,,1,,,1,1,1,22,,B03,120.697745,24.170349,3
2023,2,6,9,16,臺中市,南屯區,0,0,0,,,,50,,,,,,,,,,,,,,,23,,,,,B02,,,1,,2,,,23,,1,4,,B02,120.649269,24.151037,3
2023,2,6,9,19,臺中市,南屯區,0,1,0,6,1,5,1,4,2,1,4,4,5,7,1,1,3,4,5,2,14,43,3,10,3,4,B03,7,2,1,8,1,15,,43,43,1,22,8,B03,120.628349,24.144972,2
2023,2,6,9,20,臺中市,南屯區,0,1,0,6,1,8,50,14,9,1,4,4,5,7,4,4,9,5,5,2,17,7,3,10,1,1,B03,7,8,1,8,2,15,,7,7,1,4,8,B03,120.652883,24.134288,2
2023,2,6,9,20,臺中市,南屯區,0,0,0,8,,,50,,,,,,,,,,,,,,,23,,,,,B03,,,1,,1,,,23,,1,22,,B03,120.627248,24.148334,3
2023,2,6,9,21,臺中市,西屯區,0,1,0,6,1,5,50,3,1,1,4,4,5,7,1,1,1,3,5,2,16,9,3,10,1,1,B03,7,6,1,8,2,2,,9,9,1,22,9,B03,120.654038,24.167953,2
2023,2,6,9,26,臺中市,潭子區,0,1,0,6,1,5,60,4,1,1,4,4,5,7,2,1,10,5,5,2,18,26,2,9,1,1,C03,7,9,1,10,2,14,,26,26,1,22,8,C03,120.705022,24.207144,2
2023,2,6,9,26,臺中市,西屯區,0,1,0,6,1,5,50,3,9,1,4,4,5,7,1,1,5,4,5,2,18,42,2,7,3,4,C03,7,9,1,10,2,12,,42,42,1,22,8,C03,120.656266,24.191929,2
2023,2,6,9,30,臺中市,北屯區,0,0,0,6,,,50,,,,,,,,,,,,,,,26,,,,,B03,,,1,,1,,,26,,1,21,,B03,120.680264,24.175008,3
2023,2,6,9,30,臺中市,霧峰區,0,0,0,6,1,5,30,14,13,1,5,4,5,7,4,4,10,5,5,1,17,18,,,,,B12,,,1,,2,,,18,,1,4,,B12,120.664099,24.075911,3
2023,2,6,9,31,臺中市,太平區,0,0,0,6,,,50,,,,,,,,,,,,,,,43,,,,,A41,,,1,,2,,,43,,1,21,,A41,120.716901,24.106498,3
2023,2,6,9,34,臺中市,南區,0,0,0,6,,,50,,,,,,,,,,,,,,,12,,,,,B12,,,1,8,2,,,38,12,1,5,,B12,120.66116,24.131058,3
2023,2,6,9,41,臺中市,豐原區,0,0,0,6,,,40,,,,,,,,,,,,,,,16,,,,,B12,,,1,,2,,,16,,1,21,,B12,120.724313,24.230023,3
2023,2,6,9,42,臺中市,大里區,0,1,0,6,1,5,50,8,8,1,4,4,5,7,4,4,1,4,4,1,18,42,2,9,1,1,C03,7,9,1,10,2,12,,42,42,1,20,8,C03,120.69006,24.092894,2
2023,2,6,9,42,臺中市,外埔區,0,1,0,6,1,5,50,4,2,1,4,4,5,7,4,4,9,5,5,1,17,6,3,10,1,1,B12,7,5,1,8,2,4,,6,6,1,21,8,B12,120.649791,24.339643,2
2023,2,6,9,45,臺中市,北屯區,0,1,0,6,1,5,50,14,9,1,4,4,5,7,4,4,5,2,5,2,17,40,3,10,1,1,B03,7,13,1,8,2,4,,40,40,1,22,8,B03,120.691113,24.171361,2
2023,2,6,9,50,臺中市,南屯區,0,0,0,6,,,50,,,,,,,,,,,,,,,12,,,,,B02,,,1,,1,,,12,,1,22,,B02,120.608686,24.138572,3
2023,2,6,9,50,臺中市,霧峰區,0,1,0,6,1,5,50,14,9,1,4,4,5,7,4,4,5,2,5,1,16,19,3,10,1,1,B03,7,1,1,8,2,8,,19,19,1,22,9,B03,120.662678,24.059896,2
2023,2,6,9,53,臺中市,南屯區,0,0,0,6,,,50,,,,,,,,,,,,,,,7,,,,,B03,,,1,,2,,,7,,1,22,,B03,120.649911,24.142141,3
2023,2,6,9,54,臺中市,北屯區,0,1,0,6,1,5,50,4,1,1,4,4,5,7,4,4,10,5,5,2,15,6,3,10,1,1,B03,7,9,1,8,2,8,,6,6,1,4,3,B03,120.680883,24.17388,2
2023,2,6,9,56,臺中市,北屯區,0,0,0,8,,,30,,,,,,,,,,,,,,,42,,,,,B03,,,1,,2,,,42,,1,21,,B03,120.693755,24.175997,3
2023,2,6,9,58,臺中市,北屯區,0,0,0,6,,,50,,,,,,,,,,,,,,,23,,,,,B03,,,1,,2,,,23,,1,22,,B03,120.68802,24.182481,3
2023,2,6,10,0,臺中市,北區,0,0,0,6,,,50,,,,,,,,,,,,,,,7,,,,,B03,,,1,,1,,,7,,1,22,,B03,120.671848,24.172507,3
2023,2,6,10,0,臺中市,南屯區,0,1,0,6,1,5,50,8,9,1,4,4,5,7,4,4,2,4,5,2,13,23,3,10,1,1,B03,7,9,1,8,2,1,,23,23,1,22,8,B03,120.628928,24.145016,2
2023,2,6,10,0,臺中市,南屯區,0,1,0,6,1,5,50,14,9,1,4,4,5,7,4,4,5,4,5,2,13,23,3,10,1,1,B03,7,9,1,4,1,1,,23,23,1,4,8,B03,120.649881,24.140297,2
2023,2,6,10,1,臺中市,大雅區,0,0,0,6,,,50,,,,,,,,,,,,,,,19,,,,,B03,,,1,,2,,,19,19,1,22,,B03,120.635777,24.234381,3
2023,2,6,10,3,臺中市,霧峰區,0,0,0,6,,,40,,,,,,,,,,,,,,,23,,,,,B03,,,1,,2,,,23,,1,22,,B03,120.660805,24.071198,3
2023,2,6,10,10,臺中市,南屯區,0,0,0,6,,,40,,,,,,,,,,,,,,,42,,,,,B11,,,1,,1,,,42,,1,22,,B11,120.630806,24.12248,3
2023,2,6,10,10,臺中市,大里區,0,1,0,6,1,5,50,14,9,1,4,4,5,7,4,4,3,4,4,1,13,23,2,9,1,1,C03,7,9,1,10,2,11,,23,23,1,22,8,C03,120.690381,24.122805,2