年,月,日,時,分,縣市,區,死,受傷,2-30,天候,光線,道路類別,速限,道路型態,事故位置,路面鋪裝,路面狀態,路面缺陷,障礙物,視距,號誌種類,號誌動作,分向設施,快車道或一般車道間,快慢車道間,路面邊線,事故類型及型態,主要肇因,受傷程度,主要傷處,保護裝備,行動電話,當事者區分,車輛用途,當事者行動狀態,駕駛資格情形,駕駛執照種類,飲酒情形,車輛撞擊部位最初,車輛撞擊部位其他,肇事因素個別,肇事因素主要,肇事逃逸,職業,旅次目的,車種,GPS緯度,GPS經度,事故類別
2023,2,6,10,12,臺中市,大雅區,0,0,0,6,,,30,,,,,,,,,,,,,,,19,,,,,B03,,,1,,9,,,19,,1,22,,B03,120.679591,24.231576,3
2023,2,6,10,12,臺中市,西屯區,0,0,0,8,,,30,,,,,,,,,,,,,,,12,,,,,B12,,,1,,1,,,12,12,1,22,,B12,120.618794,24.166268,3
2023,2,6,10,13,臺中市,西屯區,0,1,0,6,1,5,50,14,9,1,4,4,5,7,4,4,5,4,5,2,17,42,2,9,3,4,C03,7,9,1,10,2,14,,42,42,1,22,8,C03,120.661414,24.165008,2
2023,2,6,10,14,臺中市,南區,0,1,0,6,1,5,50,3,1,1,4,4,5,7,4,4,5,2,5,2,17,42,2,9,1,1,C03,7,9,1,10,2,12,,42,42,1,21,8,C03,120.65948,24.126179,2
2023,2,6,10,15,臺中市,東區,0,1,0,6,1,5,50,14,9,1,4,4,5,7,4,4,5,5,5,2,13,23,2,8,1,1,C03,7,9,1,10,2,11,,23,23,1,22,8,C03,120.699596,24.145246,2
2023,2,6,10,15,臺中市,太平區,0,2,0,6,1,5,50,14,7,1,4,4,5,7,4,4,5,5,4,1,13,23,2,9,1,1,C03,7,9,1,10,1,11,,23,23,1,5,8,C03,120.718907,24.154617,2
2023,2,6,10,17,臺中市,南屯區,0,2,0,6,1,5,50,14,9,1,4,4,5,7,4,4,9,5,5,2,12,10,3,10,3,4,B03,7,11,1,8,2,8,,10,10,1,22,8,B03,120.623991,24.139211,2
2023,2,6,10,22,臺中市,大里區,0,1,0,6,1,5,50,14,8,1,4,4,5,7,3,1,1,4,4,1,18,42,2,9,1,1,C03,7,9,1,10,2,12,,42,42,1,11,8,C03,120.696195,24.087184,2
2023,2,6,10,25,臺中市,和平區,0,0,0,6,,,30,,,,,,,,,,,,,,,17,,,,,A05,,,1,,2,,,17,17,1,10,,A05,121.328605,24.359502,3
2023,2,6,10,26,臺中市,北屯區,0,1,0,6,1,5,50,4,1,1,4,4,5,7,2,1,5,5,4,2,16,23,3,10,1,1,B11,7,6,1,8,2,8,,23,23,1,22,8,B11,120.691287,24.170528,2
2023,2,6,10,31,臺中市,南屯區,0,0,0,,,,50,,,,,,,,,,,,,,,40,,,,,B11,,,1,,2,,,40,40,1,4,,B11,120.637926,24.135585,3
2023,2,6,10,41,臺中市,西屯區,0,0,0,6,,,50,,,,,,,,,,,,,,,23,,,,,B03,,,1,,1,,,23,23,1,1,,B03,120.636439,24.160617,3
2023,2,6,10,44,臺中市,后里區,0,1,0,7,1,5,50,3,2,1,4,4,5,7,4,4,5,5,5,1,17,23,3,10,1,1,A42,7,9,1,5,2,2,,23,23,1,21,8,A42,120.720948,24.295535,2
2023,2,6,10,45,臺中市,北屯區,0,1,0,6,1,5,50,4,1,1,4,4,5,7,1,1,10,5,5,2,16,6,2,9,1,1,B03,7,5,1,8,2,2,,6,6,1,21,8,B03,120.720953,24.169893,2
2023,2,6,10,45,臺中市,神岡區,0,2,0,7,1,5,30,4,1,1,4,4,5,7,4,4,10,5,5,2,16,6,3,10,1,1,B03,7,9,1,8,2,1,,6,6,1,21,8,B03,120.68575,24.251455,2
2023,2,6,10,48,臺中市,梧棲區,0,0,0,,,,50,,,,,,,,,,,,,,,6,,,,,B12,,,6,,1,,,6,,1,4,,B12,120.538392,24.248159,3
2023,2,6,10,50,臺中市,南屯區,0,2,0,8,1,5,50,3,1,1,5,4,5,7,1,1,10,5,5,2,13,16,2,8,1,1,C03,7,9,1,10,2,11,,16,16,1,22,9,C03,120.622054,24.140183,2
2023,2,6,10,57,臺中市,沙鹿區,0,1,0,7,1,5,30,3,2,1,4,4,5,7,4,4,10,5,5,1,18,23,2,9,1,1,C03,7,9,1,10,2,14,,23,23,1,21,8,C03,120.558238,24.241718,2
2023,2,6,10,57,臺中市,豐原區,0,0,0,6,,,30,,,,,,,,,,,,,,,12,,,,,G03,,,8,,1,,,12,,1,21,,G03,120.722878,24.224401,3
2023,2,6,11,0,臺中市,北區,0,0,0,6,1,5,50,4,2,1,4,4,5,7,1,1,5,4,5,2,12,7,3,10,1,1,B03,7,7,1,8,2,8,,7,7,1,5,5,B03,120.682091,24.154526,3
2023,2,6,11,2,臺中市,潭子區,0,1,0,8,1,5,30,4,1,1,5,4,5,7,4,4,5,4,4,2,17,6,2,8,1,1,C03,7,6,3,18,2,14,,6,6,1,22,8,C03,120.708641,24.206694,2
2023,2,6,11,8,臺中市,西屯區,0,0,0,8,,,50,,,,,,,,,,,,,,,23,,,,,B03,,,1,,1,,,23,23,1,22,,B03,120.656766,24.198165,3
2023,2,6,11,8,臺中市,霧峰區,0,1,0,6,1,5,60,4,1,1,4,2,5,7,1,1,10,5,5,2,18,44,2,9,1,1,C03,7,9,1,10,2,12,,44,44,1,5,8,C03,120.695332,24.061081,2
2023,2,6,11,8,臺中市,沙鹿區,0,1,0,7,1,5,50,3,1,1,5,4,5,7,3,1,9,5,5,2,17,23,3,10,1,1,B03,7,5,1,8,2,7,,23,23,1,4,8,B03,120.557673,24.232995,2
2023,2,6,11,11,臺中市,北屯區,0,0,0,6,,,50,,,,,,,,,,,,,,,42,,,,,B12,,,1,,2,,,42,,1,10,,B12,120.6666,24.191025,3
2023,2,6,11,20,臺中市,西屯區,0,1,0,8,1,5,50,4,1,1,5,4,5,7,1,1,10,5,5,2,17,42,2,9,1,1,C03,7,9,1,10,2,12,,42,42,1,21,8,C03,120.644993,24.178948,2
2023,2,6,11,20,臺中市,太平區,0,0,0,6,,,50,,,,,,,,,,,,,,,42,,,,,A11,,,1,,2,,,42,,1,21,,A11,120.712899,24.149567,3
2023,2,6,11,20,臺中市,太平區,0,2,0,6,1,5,50,4,1,1,4,4,5,7,4,4,10,5,5,2,15,19,2,9,1,1,F03,7,1,8,20,2,16,,19,19,1,22,8,F03,120.725003,24.143256,2
2023,2,6,11,20,臺中市,神岡區,0,0,0,8,,,50,,,,,,,,,,,,,,,17,,,,,A12,,,1,,2,,,17,,1,22,,A12,120.695832,24.249869,3
2023,2,6,11,20,臺中市,豐原區,0,0,0,,,,50,,,,,,,,,,,,,,,18,,,,,B03,,,1,,2,,,18,,1,22,,B03,120.719628,24.253346,3
2023,2,6,11,27,臺中市,南屯區,0,1,0,6,1,5,50,3,1,1,4,4,5,7,2,1,10,5,5,2,18,13,2,9,1,1,C03,7,6,1,10,2,12,,13,13,1,22,8,C03,120.597872,24.155393,2
2023,2,6,11,28,臺中市,和平區,0,0,0,6,1,3,25,11,9,1,4,4,5,7,4,4,9,5,5,1,11,26,3,10,1,1,A05,7,9,1,2,1,7,,26,26,1,10,6,A05,121.321732,24.348801,3
2023,2,6,11,31,臺中市,南屯區,0,1,0,7,1,5,50,4,1,1,4,4,5,7,1,1,3,4,4,2,12,43,3,10,3,4,B02,7,6,1,8,2,5,,43,43,1,22,8,B02,120.640594,24.141811,2
2023,2,6,11,32,臺中市,北區,0,1,0,6,1,5,50,3,2,1,4,4,5,7,4,4,3,2,4,1,17,23,2,9,3,4,C03,7,9,1,10,2,14,,23,23,1,22,9,C03,120.695028,24.154943,2
2023,2,6,11,34,臺中市,南區,0,1,0,6,1,5,50,4,1,1,4,4,5,7,1,1,9,4,4,2,18,43,2,9,1,1,C03,7,9,1,10,2,12,,43,43,1,5,1,C03,120.655457,24.115199,2
2023,2,6,11,34,臺中市,太平區,0,0,0,8,,,50,,,,,,,,,,,,,,,23,,,,,B03,,,1,,2,,,23,,1,5,,B03,120.712239,24.141348,3
2023,2,6,11,35,臺中市,西屯區,0,0,0,8,,,50,,,,,,,,,,,,,,,23,,,,,B03,,,1,,2,,,23,,1,22,,B03,120.645018,24.178822,3
2023,2,6,11,37,臺中市,中區,0,0,0,8,,,50,,,,,,,,,,,,,,,23,,,,,B03,,,1,,2,,,23,,1,5,,B03,120.677134,24.144539,3
2023,2,6,11,38,臺中市,西區,0,0,0,8,,,50,,,,,,,,,,,,,,,6,,,,,B03,,,1,,1,,,6,,1,5,,B03,120.667597,24.147864,3
2023,2,6,11,40,臺中市,梧棲區,0,0,0,8,,,30,,,,,,,,,,,,,,,23,,,,,B03,,,1,,2,,,23,,1,20,,B03,120.527828,24.24443,3
2023,2,6,11,44,臺中市,大里區,0,0,0,8,,,50,,,,,,,,,,,,,,,23,,,,,C03,,,1,,2,,,23,,1,22,,C03,120.691774,24.086296,3
2023,2,6,11,46,臺中市,大里區,0,0,0,8,,,50,,,,,,,,,,,,,,,23,,,,,B03,,,1,,2,,,23,,1,22,,B03,120.695477,24.090286,3
2023,2,6,11,50,臺中市,大甲區,0,1,0,8,1,5,50,3,1,1,5,4,5,7,4,4,10,5,5,2,16,6,2,9,1,1,C03,7,1,1,10,2,12,,6,6,1,22,9,C03,120.62757,24.341273,2
2023,2,6,11,51,臺中市,西區,0,1,0,7,1,5,50,4,1,1,4,4,5,7,1,1,10,5,5,2,17,23,3,10,3,4,B12,7,6,1,8,1,1,,23,23,1,21,8,B12,120.669784,24.13844,2
2023,2,6,11,52,臺中市,西屯區,0,1,0,6,1,5,50,4,1,1,4,4,5,7,1,1,5,4,4,2,29,42,2,9,3,4,C03,7,9,1,10,1,12,,42,42,1,22,8,C03,120.650418,24.158759,2
2023,2,6,11,58,臺中市,潭子區,0,1,0,7,1,5,50,14,7,1,4,4,5,7,4,4,5,4,4,2,17,19,3,10,1,1,C03,7,1,1,10,2,11,,19,19,1,22,8,C03,120.709687,24.215136,2
2023,2,6,11,58,臺中市,東區,0,1,0,8,1,5,50,3,2,1,4,4,5,7,4,4,10,5,5,2,16,23,3,10,1,1,B03,7,9,1,8,2,8,,23,23,1,22,8,B03,120.694457,24.147985,2
2023,2,6,11,59,臺中市,西屯區,0,1,0,7,1,5,30,4,1,1,4,4,5,7,4,4,10,5,5,2,15,6,2,9,1,4,C03,7,9,1,10,2,12,,6,6,1,22,8,C03,120.63698,24.167663,2
2023,2,6,12,0,臺中市,南屯區,0,1,0,6,1,5,50,4,1,1,4,4,5,7,1,1,10,5,5,2,16,6,3,10,1,1,B03,7,5,1,8,2,6,,6,6,1,4,8,B03,120.643846,24.1488,2
2023,2,6,12,6,臺中市,太平區,0,1,0,8,1,5,50,3,1,1,4,4,5,7,3,1,10,5,5,2,16,6,3,10,1,1,C03,7,5,1,10,2,11,12,6,6,1,22,8,C03,120.713726,24.151776,2
2023,2,6,12,8,臺中市,西屯區,0,0,0,8,,,50,,,,,,,,,,,,,,,18,,,,,B03,,,1,,1,,,18,,1,1,,B03,120.641444,24.183672,3
2023,2,6,12,8,臺中市,龍井區,0,3,0,8,1,5,30,14,9,1,5,4,5,7,4,4,10,5,5,1,13,13,2,9,1,1,C03,7,9,1,10,2,11,,13,13,1,5,1,C03,120.586535,24.183905,2
2023,2,6,12,9,臺中市,大甲區,0,1,0,8,1,5,50,5,1,1,5,4,5,7,1,1,10,5,5,2,12,16,3,10,1,1,B03,7,9,1,8,2,5,,16,16,1,22,9,B03,120.622465,24.356764,2
2023,2,6,12,12,臺中市,大肚區,0,1,0,8,1,5,50,14,9,1,5,4,5,7,4,4,5,4,5,1,13,23,3,10,1,1,B03,7,9,6,18,2,1,,23,23,1,3,1,B03,120.579758,24.170823,2
2023,2,6,12,20,臺中市,南屯區,0,1,0,8,1,5,40,14,8,1,5,4,5,7,4,4,1,4,4,2,14,12,3,10,1,1,B03,7,2,1,8,2,6,,12,12,1,22,9,B03,120.63757,24.149528,2
2023,2,6,12,21,臺中市,北屯區,0,1,0,8,1,5,50,5,1,1,5,4,5,7,2,1,5,5,5,2,16,25,2,9,1,1,F01,7,9,8,20,2,16,,25,25,1,22,8,F01,120.713351,24.178231,2
2023,2,6,12,24,臺中市,烏日區,0,0,0,8,1,5,50,5,9,1,5,4,5,7,1,1,1,4,5,1,13,23,,,,,B03,,,1,,2,,,23,23,1,22,,B03,120.631758,24.1052,3
2023,2,6,12,24,臺中市,沙鹿區,0,2,0,8,1,5,50,14,7,1,5,4,5,7,4,4,1,4,4,2,17,19,2,8,1,1,B03,7,1,1,8,2,8,,19,19,1,21,8,B03,120.559062,24.236084,2
2023,2,6,12,25,臺中市,西屯區,0,0,0,8,,,50,,,,,,,,,,,,,,,12,,,,,B03,,,1,,1,,,12,,1,21,,B03,120.616475,24.181083,3
2023,2,6,12,30,臺中市,梧棲區,0,3,0,8,1,5,50,4,1,1,4,4,5,7,1,1,1,2,1,2,15,23,2,1,1,1,B03,7,9,1,8,2,2,,23,23,1,4,8,B03,120.520322,24.224638,2
2023,2,6,12,40,臺中市,東區,0,0,0,8,,,50,,,,,,,,,,,,,,,23,,,,,B12,,,1,8,2,,,23,23,1,5,,B12,120.699935,24.142583,3
2023,2,6,12,41,臺中市,東勢區,0,0,0,8,,,50,,,,,,,,,,,,,,,23,,,,,B03,,,1,,2,,,23,,1,21,,B03,120.782579,24.286174,3
2023,2,6,12,53,臺中市,中區,0,1,0,8,1,5,30,4,1,1,5,4,5,7,4,4,10,5,5,2,15,6,2,9,1,1,C03,7,9,1,10,2,12,,6,6,1,22,8,C03,120.682117,24.142217,2
2023,2,6,12,56,臺中市,大里區,0,2,0,8,1,5,50,14,9,1,5,4,5,7,4,4,1,4,5,1,13,23,2,9,1,1,C03,7,9,1,10,2,12,,23,23,1,16,2,C03,120.679996,24.108693,2
2023,2,6,12,57,臺中市,西屯區,0,0,0,8,,,50,,,,,,,,,,,,,,,23,,,,,B01,,,1,,1,,,23,,1,22,,B01,120.639323,24.171719,3
2023,2,6,12,59,臺中市,南區,0,0,0,8,,,50,,,,,,,,,,,,,,,35,,,,,B12,,,1,,2,,,35,,1,22,,B12,120.656507,24.113694,3
2023,2,6,12,59,臺中市,西屯區,0,1,0,8,1,5,50,4,1,1,5,4,5,7,2,1,1,2,5,2,15,43,3,10,3,4,B03,7,9,1,8,2,1,,43,43,1,22,8,B03,120.653491,24.195196,2
2023,2,6,13,0,臺中市,北區,0,0,0,,,,,,,,,,,,,,,,,,,67,,,,,,,,,,,,,67,,1,,,,120.683022,24.158704,3
2023,2,6,13,0,臺中市,東區,0,0,0,8,,,50,,,,,,,,,,,,,,,25,,,,,B01,,,1,,2,,,25,,1,22,,B01,120.685837,24.14315,3
2023,2,6,13,0,臺中市,烏日區,0,1,0,8,1,5,50,4,2,1,5,4,5,7,1,1,5,5,4,2,17,19,3,10,1,1,B03,7,1,1,8,2,4,,19,19,1,21,8,B03,120.607306,24.122566,2
2023,2,6,13,5,臺中市,烏日區,0,1,0,8,1,5,50,4,1,1,5,4,5,7,4,4,9,4,4,2,13,16,3,10,1,1,B03,7,9,1,8,2,1,,16,16,1,22,8,B03,120.641587,24.111194,2
2023,2,6,13,7,臺中市,北區,0,0,0,,,,50,,,,,,,,,,,,,,,23,,,,,B03,,,1,,11,,,23,,1,22,,B03,120.682418,24.165305,3
2023,2,6,13,8,臺中市,潭子區,0,1,0,8,1,5,30,4,2,1,5,4,5,7,4,4,10,5,5,2,17,8,3,10,1,1,C03,7,5,1,10,2,15,,8,8,1,22,9,C03,120.693358,24.217594,2
2023,2,6,13,8,臺中市,北區,0,0,0,8,,,50,,,,,,,,,,,,,,,6,,,,,B03,,,1,,1,,,6,,1,22,,B03,120.669204,24.161613,3
2023,2,6,13,13,臺中市,南區,0,0,0,8,,,50,,,,,,,,,,,,,,,23,,,,,C03,,,1,,2,,,23,,1,5,,C03,120.676627,24.131752,3
2023,2,6,13,19,臺中市,北區,0,0,0,,,,50,,,,,,,,,,,,,,,23,,,,,B03,,,1,,1,,,23,,1,21,,B03,120.683587,24.162188,3
2023,2,6,13,21,臺中市,潭子區,0,0,0,8,,,60,,,,,,,,,,,,,,,23,,,,,B03,,,3,,2,,,23,,1,22,,B03,120.706099,24.229319,3
2023,2,6,13,25,臺中市,龍井區,0,1,0,8,1,5,50,14,9,1,5,4,5,7,4,4,5,4,5,1,13,23,3,10,1,1,B03,7,9,1,8,2,1,,23,23,1,6,1,B03,120.58332,24.18019,2
2023,2,6,13,26,臺中市,南屯區,0,2,0,8,1,5,50,14,9,1,5,4,5,7,4,4,5,4,5,2,12,23,2,9,1,1,C03,7,9,1,10,2,11,,23,23,1,22,8,C03,120.652728,24.13562,2
2023,2,6,13,33,臺中市,北屯區,0,1,0,8,1,5,50,4,1,1,5,4,5,7,1,1,10,5,5,2,16,6,2,9,1,1,C03,7,9,1,10,2,11,,14,6,1,22,8,C03,120.678792,24.176692,2
2023,2,6,13,35,臺中市,北區,0,0,0,8,,,40,,,,,,,,,,,,,,,23,,,,,B02,,,1,,1,,,23,,1,22,,B02,120.675261,24.161409,3
2023,2,6,13,36,臺中市,北屯區,0,0,0,8,,,50,,,,,,,,,,,,,,,12,,,,,B12,,,1,,2,,,12,,1,22,,B12,120.689728,24.175271,3
2023,2,6,13,37,臺中市,南屯區,0,1,0,8,1,5,40,4,4,1,5,4,5,7,1,1,5,5,4,2,14,42,3,10,3,4,C03,7,2,1,10,2,13,,42,42,1,12,8,C03,120.641356,24.134848,2
2023,2,6,13,37,臺中市,霧峰區,0,0,0,7,1,5,30,14,9,1,4,4,5,7,4,4,10,5,5,2,17,42,,,,,A12,,,1,,1,,,42,,1,10,,A12,120.68357,24.066815,3
2023,2,6,13,42,臺中市,新社區,0,0,0,8,,,30,,,,,,,,,,,,,,,6,,,,,B03,,,1,,2,,,6,,1,9,,B03,120.819011,24.202024,3
2023,2,6,13,45,臺中市,龍井區,0,0,0,,,,50,,,,,,,,,,,,,,,23,,,,,B03,,,1,,1,,,23,,1,5,,B03,120.581398,24.175646,3
2023,2,6,13,49,臺中市,西屯區,0,0,0,8,,,50,,,,,,,,,,,,,,,43,,,,,B03,,,1,,1,,,43,,1,22,,B03,120.640595,24.165036,3
2023,2,6,13,55,臺中市,梧棲區,0,0,0,,,,50,,,,,,,,,,,,,,,12,,,,,B03,,,1,,1,,,12,,1,5,,B03,120.531523,24.256978,3
2023,2,6,13,56,臺中市,霧峰區,0,0,0,8,,,60,,,,,,,,,,,,,,,23,,,,,B03,,,1,,2,,,23,,1,22,,B03,120.693869,24.064562,3
2023,2,6,13,58,臺中市,北區,0,0,0,,,,50,,,,,,,,,,,,,,,9,,,,,B03,,,1,,11,,,9,,1,22,,B03,120.683767,24.15524,3
2023,2,6,14,0,臺中市,南區,0,1,0,8,1,5,50,14,7,1,5,4,5,7,4,4,9,5,4,2,13,23,2,9,3,4,C03,7,9,1,10,2,11,,23,23,1,5,8,C03,120.699813,24.142633,2
2023,2,6,14,0,臺中市,烏日區,0,3,0,8,1,5,50,4,1,1,5,4,5,7,4,4,10,5,5,2,15,6,2,9,1,1,C03,7,9,1,10,2,11,,6,6,1,18,8,C03,120.622038,24.103005,2
2023,2,6,14,3,臺中市,豐原區,0,1,0,8,1,5,50,11,7,1,5,4,5,7,4,4,4,5,4,2,12,7,2,7,1,1,F03,7,7,8,20,2,16,,7,7,1,12,5,F03,120.725616,24.254822,2
2023,2,6,14,5,臺中市,西屯區,0,0,0,8,,,50,,,,,,,,,,,,,,,12,,,,,B12,,,1,,1,,,12,,1,1,,B12,120.60151,24.161485,3
2023,2,6,14,6,臺中市,東區,0,0,0,8,,,50,,,,,,,,,,,,,,,9,,,,,B03,,,1,,2,,,9,,1,22,,B03,120.68787,24.136535,3
2023,2,6,14,6,臺中市,豐原區,0,0,0,8,,,50,,,,,,,,,,,,,,,18,,,,,B03,,,1,,2,,,18,,1,22,,B03,120.71418,24.245194,3
2023,2,6,14,7,臺中市,霧峰區,0,0,0,7,1,5,40,14,9,1,4,4,5,7,4,4,1,2,5,1,16,17,,,,,B12,,,1,,2,,,17,17,1,4,,B12,120.662875,24.062124,3
2023,2,6,14,8,臺中市,豐原區,0,0,0,8,,,50,,,,,,,,,,,,,,,16,,,,,B03,,,1,,2,,,16,,1,21,,B03,120.698252,24.251168,3
2023,2,6,14,10,臺中市,北屯區,0,1,0,8,1,5,50,14,9,1,5,4,5,7,4,4,3,4,5,1,13,23,2,1,1,1,B03,7,9,1,8,2,1,,23,23,1,21,8,B03,120.693296,24.162966,2
2023,2,6,14,12,臺中市,南屯區,0,0,0,8,,,40,,,,,,,,,,,,,,,19,,,,,B03,,,1,,2,,,19,,1,22,,B03,120.634752,24.153877,3
2023,2,6,14,12,臺中市,太平區,0,1,0,7,1,5,50,4,1,1,5,4,5,7,1,1,10,5,5,2,15,25,2,9,1,1,C03,7,9,1,10,5,11,,25,25,1,21,8,C03,120.712859,24.144408,2
2023,2,6,14,14,臺中市,西屯區,0,0,0,8,,,50,,,,,,,,,,,,,,,19,,,,,B03,,,1,,1,,,19,,1,22,,B03,120.644813,24.169378,3
2023,2,6,14,18,臺中市,西區,0,0,0,8,,,50,,,,,,,,,,,,,,,23,,,,,B03,,,1,,1,,,23,,1,4,,B03,120.666333,24.152625,3
2023,2,6,14,20,臺中市,北區,0,0,0,,,,50,,,,,,,,,,,,,,,23,,,,,B03,,,1,,2,,,23,,1,21,,B03,120.676153,24.173555,3
2023,2,6,14,22,臺中市,東區,0,1,0,8,1,5,50,4,1,1,5,4,5,7,4,4,9,4,5,2,16,8,3,10,1,1,B03,7,5,1,8,2,2,,8,8,1,5,1,B03,120.696201,24.14275,2
2023,2,6,14,28,臺中市,潭子區,0,1,0,8,1,5,50,14,8,1,5,4,5,7,4,4,5,4,4,2,16,11,3,10,1,1,C03,7,11,6,1,2,11,,11,11,1,22,9,C03,120.708265,24.23116,2
2023,2,6,14,34,臺中市,北區,0,0,0,8,,,50,,,,,,,,,,,,,,,23,,,,,C04,,,1,,2,,,23,,1,22,,C04,120.683197,24.154936,4
2023,2,6,14,36,臺中市,南屯區,0,0,0,,,,50,,,,,,,,,,,,,,,7,,,,,B03,,,1,,2,,,7,,1,22,,B03,120.638228,24.142407,3
2023,2,6,14,41,臺中市,西屯區,0,0,0,8,,,50,,,,,,,,,,,,,,,23,,,,,B01,,,1,,1,,,23,,1,21,,B01,120.626354,24.18509,3
2023,2,6,14,42,臺中市,西屯區,0,1,0,8,1,5,50,3,1,1,5,4,5,7,1,1,5,3,5,2,16,8,2,9,1,1,C03,7,5,1,10,2,14,,8,8,1,22,9,C03,120.645458,24.175895,2
2023,2,6,14,44,臺中市,東區,0,2,0,8,1,5,50,4,1,1,5,4,5,7,1,1,10,5,5,2,16,6,2,9,1,1,C03,7,5,1,10,2,14,,6,6,1,22,8,C03,120.690653,24.13471,2
2023,2,6,14,50,臺中市,西區,0,1,0,8,1,5,50,4,1,1,5,4,5,7,2,1,10,5,5,2,9,15,3,10,1,1,B03,7,5,1,8,2,1,,15,15,1,1,1,B03,120.661673,24.150865,2
2023,2,6,14,50,臺中市,豐原區,0,0,0,,,,50,,,,,,,,,,,,,,,23,,,,,B01,,,1,,2,,,23,,1,22,,B01,120.708841,24.250867,3
2023,2,6,14,51,臺中市,北屯區,0,0,0,8,,,40,,,,,,,,,,,,,,,23,,,,,C03,,,1,,1,,,23,23,1,21,,C03,120.717846,24.163214,3
2023,2,6,14,52,臺中市,西屯區,0,1,0,8,1,5,50,3,1,1,5,4,5,7,1,1,5,4,4,2,16,6,3,10,3,4,B03,7,5,1,8,2,1,,6,6,1,22,8,B03,120.65625,24.160304,2
2023,2,6,15,0,臺中市,神岡區,0,1,0,8,1,5,50,3,1,1,5,4,5,7,4,4,5,4,5,2,2,23,3,10,1,1,C03,7,9,1,10,2,11,,23,23,1,12,8,C03,120.659763,24.255728,2
2023,2,6,15,1,臺中市,中區,0,1,0,8,1,5,50,4,1,1,5,4,5,7,2,1,10,5,5,2,13,23,3,10,1,1,B03,7,9,1,8,2,1,,23,23,1,21,8,B03,120.684479,24.139381,2
2023,2,6,15,4,臺中市,沙鹿區,0,0,0,8,,,40,,,,,,,,,,,,,,,18,,,,,B03,,,1,,2,,,18,,1,22,,B03,120.559692,24.234399,3
2023,2,6,15,8,臺中市,豐原區,0,0,0,8,,,50,,,,,,,,,,,,,,,23,,,,,B03,,,1,,2,,,23,,1,22,,B03,120.710536,24.246521,3
2023,2,6,15,9,臺中市,北區,0,0,0,8,,,50,,,,,,,,,,,,,,,42,,,,,B12,,,1,,1,,,42,,1,10,,B12,120.677391,24.171308,3
2023,2,6,15,10,臺中市,大雅區,0,0,0,8,,,50,,,,,,,,,,,,,,,23,,,,,B03,,,1,,1,,,23,,1,22,,B03,120.64738,24.221327,3
2023,2,6,15,11,臺中市,沙鹿區,0,2,0,8,1,5,50,4,2,1,5,4,5,7,4,4,8,3,5,1,17,6,2,9,3,4,C03,7,9,1,10,2,11,,6,6,1,22,8,C03,120.561408,24.245341,2
2023,2,6,15,22,臺中市,西屯區,0,0,0,8,,,50,,,,,,,,,,,,,,,42,,,,,B03,,,1,,2,,,42,,1,22,,B03,120.61549,24.181658,3
2023,2,6,15,24,臺中市,烏日區,0,1,0,8,1,5,50,3,1,1,5,4,5,7,1,1,10,5,5,2,27,23,2,9,1,1,C03,7,9,1,10,2,14,,23,23,1,21,1,C03,120.630243,24.100219,2
2023,2,6,15,27,臺中市,西區,0,1,0,8,1,5,50,14,9,1,5,4,5,7,4,4,5,4,5,2,16,6,3,10,3,4,B03,7,6,1,8,2,5,,6,6,1,21,8,B03,120.665439,24.143704,2
2023,2,6,15,32,臺中市,豐原區,0,0,0,8,,,30,,,,,,,,,,,,,,,6,,,,,B12,,,1,,2,,,6,,1,4,,B12,120.702072,24.245491,3
2023,2,6,15,35,臺中市,南屯區,0,1,0,8,1,5,50,4,1,1,5,4,5,7,1,1,10,5,5,2,18,13,2,9,3,4,C03,7,9,1,10,2,12,,13,13,1,12,8,C03,120.623141,24.145201,2
2023,2,6,15,37,臺中市,清水區,0,1,0,8,1,5,30,4,1,1,5,4,5,7,4,4,10,5,5,2,16,6,3,10,1,1,B03,7,5,1,8,2,5,,6,6,1,21,8,B03,120.569181,24.266961,2
2023,2,6,15,41,臺中市,外埔區,0,1,0,7,1,5,70,4,1,1,5,4,5,7,1,1,10,5,5,2,15,43,2,9,1,1,C03,7,9,1,10,2,12,,43,43,1,22,9,C03,120.66203,24.319692,2
2023,2,6,15,44,臺中市,北區,0,0,0,8,,,50,,,,,,,,,,,,,,,23,,,,,C03,,,1,,2,,,23,,1,22,,C03,120.68873,24.152812,3
2023,2,6,15,48,臺中市,神岡區,0,1,0,8,1,5,50,3,1,1,5,4,5,7,4,4,5,5,5,1,16,6,3,10,1,1,B03,7,5,1,8,2,5,,6,6,1,21,8,B03,120.693435,24.237586,2
2023,2,6,15,49,臺中市,西屯區,0,0,0,8,,,50,,,,,,,,,,,,,,,23,,,,,B03,,,1,,1,,,23,,1,22,,B03,120.635349,24.169426,3
2023,2,6,15,51,臺中市,潭子區,0,0,0,8,,,50,,,,,,,,,,,,,,,12,,,,,B03,,,1,,2,,,12,,1,22,,B03,120.673484,24.207494,3
2023,2,6,15,53,臺中市,西屯區,0,0,0,8,,,40,,,,,,,,,,,,,,,23,,,,,B03,,,1,,1,,,23,,1,22,,B03,120.634074,24.176666,3
2023,2,6,15,59,臺中市,北區,0,0,0,8,,,50,,,,,,,,,,,,,,,16,,,,,B03,,,1,,1,,,16,,1,22,,B03,120.673233,24.167538,4