年,月,日,時,分,縣市,區,死,受傷,2-30,天候,光線,道路類別,速限,道路型態,事故位置,路面鋪裝,路面狀態,路面缺陷,障礙物,視距,號誌種類,號誌動作,分向設施,快車道或一般車道間,快慢車道間,路面邊線,事故類型及型態,主要肇因,受傷程度,主要傷處,保護裝備,行動電話,當事者區分,車輛用途,當事者行動狀態,駕駛資格情形,駕駛執照種類,飲酒情形,車輛撞擊部位最初,車輛撞擊部位其他,肇事因素個別,肇事因素主要,肇事逃逸,職業,旅次目的,車種,GPS緯度,GPS經度,事故類別
2023,2,6,23,20,臺中市,西屯區,0,0,0,8,,,50,,,,,,,,,,,,,,,7,,,,,B03,,,1,,2,,,7,,1,21,,B03,120.643905,24.171691,3
2023,2,6,23,25,臺中市,西屯區,0,0,0,8,,,40,,,,,,,,,,,,,,,44,,,,,B03,,,1,,11,,,44,,1,22,,B03,120.662745,24.188077,3
2023,2,6,23,37,臺中市,北屯區,0,1,0,8,3,5,50,3,1,1,5,4,5,7,3,1,10,5,5,2,18,13,2,9,1,1,C03,7,9,1,10,2,14,,13,13,1,21,8,C03,120.721195,24.161333,2
2023,2,6,23,41,臺中市,太平區,0,0,0,8,,,30,,,,,,,,,,,,,,,12,,,,,B03,,,1,,2,,,12,,1,22,,B03,120.728382,24.127738,3
2023,2,6,23,45,臺中市,沙鹿區,0,0,0,8,,,50,,,,,,,,,,,,,,,12,,,,,B03,,,1,,2,,,12,,1,22,,B03,120.570788,24.203904,3
2023,2,7,0,6,臺中市,西屯區,0,1,0,8,3,5,50,5,1,1,5,4,5,7,2,1,10,5,5,2,16,6,3,10,1,1,B03,7,6,1,8,2,2,,6,6,1,21,8,B03,120.643188,24.176802,2
2023,2,7,0,38,臺中市,大里區,0,0,0,8,,,30,,,,,,,,,,,,,,,23,,,,,B03,,,1,,2,,,23,,1,5,,B03,120.689819,24.118325,3
2023,2,7,0,48,臺中市,新社區,0,2,0,8,3,5,50,4,1,1,5,4,5,7,3,1,10,5,5,2,16,6,2,9,1,1,C03,7,9,1,10,2,14,,6,6,1,22,9,C03,120.803386,24.226573,2
2023,2,7,3,18,臺中市,北區,0,1,0,8,4,5,50,4,1,1,5,4,5,7,2,1,10,5,5,2,23,23,2,1,1,1,B03,7,9,3,18,7,1,,23,23,1,22,8,B03,120.683972,24.146232,2
2023,2,7,4,6,臺中市,北屯區,0,1,0,8,3,5,50,14,9,1,5,4,5,7,4,4,5,5,5,2,17,43,2,9,1,1,C03,7,9,1,10,2,12,,43,43,1,22,8,C03,120.705578,24.166721,2
2023,2,7,5,0,臺中市,南屯區,0,2,0,8,2,5,30,4,1,1,5,4,5,7,4,4,10,5,5,2,15,6,2,9,1,1,B01,7,9,1,4,2,5,,6,6,1,10,8,B01,120.642843,24.139516,2
2023,2,7,5,0,臺中市,北屯區,0,1,0,8,3,5,50,4,1,1,5,4,5,7,3,1,3,4,5,2,15,6,2,9,1,1,C03,7,9,1,10,2,12,,6,6,1,21,8,C03,120.687555,24.185885,2
2023,2,7,5,43,臺中市,神岡區,0,0,0,8,,,50,,,,,,,,,,,,,,,23,,,,,B03,,,1,,1,,,23,,1,22,,B03,120.686306,24.250309,3
2023,2,7,6,4,臺中市,沙鹿區,0,1,0,4,2,5,60,14,7,1,5,4,1,7,4,4,1,4,4,2,28,23,2,8,1,1,C03,7,9,4,8,2,11,,23,23,1,21,8,C03,120.612606,24.244557,2
2023,2,7,6,10,臺中市,南屯區,0,0,0,8,,,50,,,,,,,,,,,,,,,19,,,,,C03,,,1,,2,,,19,,1,22,,C03,120.636872,24.152349,3
2023,2,7,6,33,臺中市,東區,0,1,0,7,1,5,50,4,1,1,5,4,5,7,1,1,10,5,5,2,16,9,3,10,1,1,B01,7,6,1,3,2,6,,9,9,1,22,9,B01,120.7061,24.129901,2
2023,2,7,6,58,臺中市,豐原區,0,1,0,8,1,5,50,3,1,1,5,4,5,7,4,4,10,5,5,2,17,8,3,10,1,1,B03,7,5,1,8,2,1,,8,8,1,22,8,B03,120.725959,24.255306,2
2023,2,7,7,1,臺中市,烏日區,0,0,0,8,,,30,,,,,,,,,,,,,,,12,,,,,B03,,,1,,9,,,12,,2,21,,B03,120.590112,24.114146,3
2023,2,7,7,2,臺中市,北屯區,0,1,0,8,1,5,50,4,1,1,5,4,5,7,2,1,10,5,5,2,15,25,2,9,1,1,C03,7,9,1,10,2,12,,25,25,1,21,8,C03,120.665062,24.183828,2
2023,2,7,7,5,臺中市,南屯區,0,1,0,8,1,5,50,4,1,1,5,4,5,7,4,4,5,5,5,2,15,6,2,8,1,1,C03,7,9,1,10,2,11,,6,6,1,4,1,C03,120.651165,24.156135,2
2023,2,7,7,7,臺中市,南屯區,0,0,0,,,,50,,,,,,,,,,,,,,,17,,,,,B03,,,1,,1,,,17,,1,22,,B03,120.644044,24.141011,3
2023,2,7,7,10,臺中市,西屯區,0,2,0,8,1,5,50,4,1,1,5,4,5,7,4,4,5,5,5,2,13,43,2,9,1,4,C03,7,8,1,10,2,11,,43,43,1,22,8,C03,120.657446,24.165077,2
2023,2,7,7,18,臺中市,西區,0,2,0,8,1,5,50,4,1,1,5,4,5,7,1,1,10,5,5,2,16,19,2,3,1,1,C03,7,1,1,10,2,14,,19,19,1,22,8,C03,120.65637,24.134405,2
2023,2,7,7,20,臺中市,西區,0,0,0,,,,50,,,,,,,,,,,,,,,23,,,,,C03,,,1,,9,,,23,,2,21,,C03,120.660597,24.154285,3
2023,2,7,7,25,臺中市,大里區,0,0,0,8,,,40,,,,,,,,,,,,,,,44,,,,,C03,,,1,,2,,,44,,1,21,,C03,120.665003,24.094832,3
2023,2,7,7,25,臺中市,后里區,0,2,0,8,1,5,30,11,9,1,5,4,5,7,4,4,5,5,5,2,11,19,2,9,1,1,C03,7,1,1,10,2,11,,19,19,1,4,8,C03,120.683123,24.306075,2
2023,2,7,7,26,臺中市,潭子區,0,0,0,8,,,40,,,,,,,,,,,,,,,43,,,,,B12,,,1,,9,,,43,,1,22,,B12,120.709126,24.21052,3
2023,2,7,7,27,臺中市,中區,0,0,0,8,,,50,,,,,,,,,,,,,,,23,,,,,B03,,,6,,11,,,23,,1,22,,B03,120.679547,24.142469,3
2023,2,7,7,28,臺中市,西屯區,0,0,0,8,,,30,,,,,,,,,,,,,,,43,,,,,B03,,,1,,1,,,43,,1,1,,B03,120.612901,24.175152,3
2023,2,7,7,28,臺中市,大里區,0,0,0,8,,,50,,,,,,,,,,,,,,,26,,,,,B03,,,1,,2,,,26,26,1,22,,B03,120.689922,24.101146,3
2023,2,7,7,29,臺中市,潭子區,0,2,0,8,1,5,50,14,7,1,5,4,5,7,4,4,5,4,4,2,17,16,2,9,1,1,C03,7,9,1,10,2,12,,16,16,1,22,8,C03,120.685457,24.209994,2
2023,2,7,7,33,臺中市,大里區,0,1,0,8,1,5,50,4,2,1,5,4,5,7,1,1,10,5,5,1,12,23,2,8,1,1,C03,7,9,1,10,2,11,,23,23,1,5,8,C03,120.698966,24.110341,2
2023,2,7,7,34,臺中市,石岡區,0,0,0,8,,,70,,,,,,,,,,,,,,,16,,,,,B03,,,1,,2,,,16,,1,5,,B03,120.787543,24.274415,3
2023,2,7,7,35,臺中市,大雅區,0,0,0,8,,,60,,,,,,,,,,,,,,,23,,,,,B03,,,1,,2,,,23,,1,22,,B03,120.631603,24.239775,3
2023,2,7,7,35,臺中市,北區,0,0,0,8,1,5,50,14,9,1,5,4,5,7,4,4,1,4,5,2,12,23,3,10,1,1,C03,7,9,1,10,1,12,,23,23,1,5,5,C03,120.676749,24.162448,3
2023,2,7,7,35,臺中市,南屯區,0,0,0,8,,,50,,,,,,,,,,,,,,,43,,,,,B03,,,1,,2,,,43,,1,22,,B03,120.608191,24.150969,3
2023,2,7,7,35,臺中市,霧峰區,0,0,0,8,,,40,,,,,,,,,,,,,,,19,,,,,B03,,,1,,2,,,19,,1,3,,B03,120.664607,24.059925,3
2023,2,7,7,39,臺中市,梧棲區,0,0,0,,,,50,,,,,,,,,,,,,,,23,,,,,B03,,,1,,2,,,23,,1,4,,B03,120.513592,24.227279,3
2023,2,7,7,40,臺中市,南區,0,1,0,8,1,5,50,3,1,1,5,4,5,7,2,1,10,5,5,2,16,26,3,10,1,1,C03,7,5,1,10,2,13,,26,26,1,21,8,C03,120.657425,24.113175,2
2023,2,7,7,40,臺中市,大里區,0,1,0,8,1,5,50,3,2,1,5,4,5,7,4,4,5,5,5,1,13,16,2,9,1,1,C03,7,9,1,10,2,12,,16,16,1,4,8,C03,120.702308,24.098938,2
2023,2,7,7,40,臺中市,烏日區,0,1,0,8,1,5,40,14,7,1,5,4,5,7,4,4,5,5,4,1,16,10,3,10,3,4,B03,7,11,1,8,2,7,,10,10,1,21,9,B03,120.622753,24.106211,2
2023,2,7,7,42,臺中市,南區,0,1,0,8,1,5,50,14,7,1,5,4,5,7,4,4,5,5,4,2,16,19,3,10,1,1,C03,7,9,1,10,2,11,,26,19,1,22,8,C03,120.655436,24.129269,2
2023,2,7,7,44,臺中市,南屯區,0,1,0,8,1,5,30,4,9,1,5,4,5,7,4,4,10,5,5,2,17,23,3,10,1,1,B03,7,5,1,8,2,1,,23,23,1,22,8,B03,120.613036,24.152123,2
2023,2,7,7,44,臺中市,西屯區,0,0,0,8,,,50,,,,,,,,,,,,,,,43,,,,,C03,,,1,,1,,,43,,1,22,,C03,120.587101,24.170905,3
2023,2,7,7,45,臺中市,北屯區,0,1,0,8,1,5,50,14,9,1,5,4,5,7,4,4,5,5,5,2,16,19,3,10,1,1,B03,7,1,1,8,2,5,,19,19,1,22,8,B03,120.725246,24.164059,2
2023,2,7,7,45,臺中市,西屯區,0,2,0,8,1,5,50,4,1,1,5,4,5,7,1,1,1,4,4,1,16,19,2,9,1,4,C03,7,1,1,10,2,13,,19,19,1,4,8,C03,120.643698,24.166224,2
2023,2,7,7,45,臺中市,大里區,0,1,0,8,1,5,50,4,1,1,5,4,5,7,1,1,10,5,5,2,16,6,3,10,1,1,C03,7,6,3,18,2,12,,6,6,1,11,8,C03,120.691223,24.091811,2
2023,2,7,7,45,臺中市,大里區,0,1,0,8,1,5,40,14,9,1,5,4,5,7,4,4,9,5,4,2,27,66,2,9,1,1,C03,7,9,1,10,2,11,,44,66,1,3,8,C03,120.718842,24.097173,2
2023,2,7,7,45,臺中市,清水區,0,0,0,8,,,70,,,,,,,,,,,,,,,23,,,,,B03,,,1,,2,,,23,,1,22,,B03,120.585556,24.302669,3
2023,2,7,7,46,臺中市,霧峰區,0,0,0,8,,,40,,,,,,,,,,,,,,,23,,,,,B03,,,1,,2,,,44,,1,3,,B03,120.672484,24.042527,3
2023,2,7,7,47,臺中市,大雅區,0,4,0,8,1,5,50,3,1,1,5,4,5,7,1,1,3,4,4,1,16,25,2,9,1,1,C03,7,9,1,10,2,12,,25,25,1,22,9,C03,120.613949,24.215213,2
2023,2,7,7,48,臺中市,大雅區,0,0,0,8,,,70,,,,,,,,,,,,,,,7,,,,,B03,,,1,,2,,,7,7,1,21,,B03,120.642273,24.229109,3
2023,2,7,7,49,臺中市,大甲區,0,1,0,8,1,5,50,4,1,1,5,4,5,7,4,4,10,5,5,2,15,6,2,9,1,1,C03,7,9,1,10,2,12,,6,6,1,7,8,C03,120.638658,24.420086,2
2023,2,7,7,50,臺中市,西屯區,0,0,0,8,,,50,,,,,,,,,,,,,,,23,,,,,B03,,,1,,1,,,23,23,1,22,,B03,120.643997,24.20071,3
2023,2,7,7,50,臺中市,大肚區,0,0,0,,,,50,,,,,,,,,,,,,,,6,,,,,B03,,,1,,2,,,6,,1,21,,B03,120.539561,24.158747,3
2023,2,7,7,50,臺中市,豐原區,0,0,0,8,,,50,,,,,,,,,,,,,,,16,,,,,C03,,,1,,2,,,16,,1,22,,C03,120.736775,24.261095,3
2023,2,7,7,51,臺中市,西屯區,0,1,0,8,1,5,50,14,9,1,5,4,5,7,4,4,1,3,5,2,13,23,2,9,1,1,C03,7,9,1,10,2,11,,23,23,1,22,9,C03,120.635349,24.169426,2
2023,2,7,7,52,臺中市,豐原區,0,2,0,8,1,5,50,3,2,1,5,4,5,7,1,1,5,5,4,1,16,26,2,9,1,1,C03,7,11,1,10,2,12,,26,26,1,22,8,C03,120.699058,24.246647,2
2023,2,7,7,53,臺中市,石岡區,0,1,0,8,1,5,30,14,9,1,5,4,5,7,4,4,10,5,5,2,11,42,3,10,1,1,B03,7,9,1,8,2,8,,42,42,1,5,8,B03,120.779741,24.270724,2
2023,2,7,7,55,臺中市,太平區,0,1,0,8,1,5,50,4,1,1,5,4,5,7,3,1,5,5,5,2,15,6,3,10,1,1,B03,7,9,1,8,2,4,,6,6,1,21,8,B03,120.718318,24.131558,2
2023,2,7,7,56,臺中市,潭子區,0,2,0,8,1,5,50,14,9,1,5,4,5,7,4,4,5,5,5,1,16,6,2,8,1,1,C03,7,6,1,10,2,12,,6,6,1,22,8,C03,120.725999,24.204093,2
2023,2,7,7,56,臺中市,太平區,0,1,0,8,1,5,50,14,9,1,5,4,5,7,4,4,5,5,5,2,9,60,2,9,4,5,H01,8,21,8,20,10,16,,60,60,1,14,8,H01,120.719532,24.155037,2
2023,2,7,7,59,臺中市,南屯區,0,0,0,,,,50,,,,,,,,,,,,,,,16,,,,,B03,,,1,,2,,,16,,1,22,,B03,120.596269,24.156194,3
2023,2,7,7,59,臺中市,北屯區,0,0,0,8,,,50,,,,,,,,,,,,,,,23,,,,,B03,,,1,,1,,,23,,1,22,,B03,120.715335,24.182191,3
2023,2,7,8,0,臺中市,大雅區,0,2,0,8,1,5,70,3,1,1,5,4,5,7,1,1,1,4,4,1,12,25,2,9,1,1,C03,7,9,1,10,2,11,,25,25,1,21,1,C03,120.647167,24.221035,2
2023,2,7,8,0,臺中市,西屯區,0,0,0,8,,,50,,,,,,,,,,,,,,,23,,,,,B03,,,1,,11,,,23,,1,22,,B03,120.658185,24.162386,3
2023,2,7,8,0,臺中市,霧峰區,0,0,0,8,1,5,30,5,1,1,5,4,5,7,4,4,10,5,5,1,15,6,,,,,F03,,,1,,2,,,6,,1,15,,F03,120.68156,24.061881,3
2023,2,7,8,1,臺中市,潭子區,0,0,0,8,,,50,,,,,,,,,,,,,,,17,,,,,C03,,,1,,2,,,17,,1,22,,C03,120.707632,24.225728,3
2023,2,7,8,4,臺中市,北區,0,1,0,8,1,5,50,3,1,1,5,4,5,7,4,4,1,4,5,2,13,16,3,10,1,1,C03,7,9,1,10,2,11,,16,16,1,22,9,C03,120.669308,24.173399,2
2023,2,7,8,5,臺中市,北區,0,1,0,8,1,5,40,3,1,1,5,4,5,7,1,1,5,5,4,2,13,16,2,8,1,1,C03,7,9,1,10,2,11,,16,43,1,22,8,C03,120.68237,24.159103,2
2023,2,7,8,6,臺中市,北屯區,0,1,0,8,1,5,30,3,1,1,5,4,5,7,4,4,10,5,5,2,16,6,3,10,1,1,B02,7,5,2,18,2,1,,6,6,1,22,8,B02,120.705004,24.167615,2
2023,2,7,8,6,臺中市,西屯區,0,0,0,8,,,50,,,,,,,,,,,,,,,16,,,,,C03,,,1,,1,,,16,,1,22,,C03,120.632545,24.170095,3
2023,2,7,8,8,臺中市,大甲區,0,2,0,8,1,5,50,4,1,1,5,4,5,7,1,1,10,5,5,2,16,6,2,9,1,1,C03,7,5,1,10,2,12,,6,6,1,9,8,C03,120.623789,24.349456,2
2023,2,7,8,9,臺中市,龍井區,0,1,0,8,1,5,30,5,1,1,5,4,5,7,3,1,10,5,5,2,16,6,2,9,1,1,C03,7,6,1,10,2,11,,6,6,1,4,1,C03,120.5926,24.181542,2
2023,2,7,8,12,臺中市,外埔區,0,1,0,8,1,5,50,14,9,1,5,4,5,7,4,4,9,5,5,1,29,67,,,,,,,,,,,,,67,67,1,,,,120.65378,24.338871,2
2023,2,7,8,15,臺中市,西屯區,0,0,0,8,,,60,,,,,,,,,,,,,,,23,,,,,B03,,,1,,1,,,23,,1,1,,B03,120.657655,24.158401,3
2023,2,7,8,15,臺中市,西屯區,0,1,0,8,1,5,50,14,7,1,5,4,5,7,4,4,1,4,5,1,16,17,3,10,1,4,B03,7,9,1,8,2,4,,17,17,1,4,8,B03,120.633283,24.173753,2
2023,2,7,8,20,臺中市,西屯區,0,0,0,8,,,50,,,,,,,,,,,,,,,23,,,,,B12,,,1,,1,,,23,23,1,22,,B12,120.65847,24.159407,3
2023,2,7,8,24,臺中市,大肚區,0,1,0,8,1,5,50,4,1,1,5,4,5,7,1,1,10,5,5,2,12,17,3,10,1,1,B03,7,9,1,8,2,2,,17,17,1,21,8,B03,120.557406,24.127179,2
2023,2,7,8,25,臺中市,南屯區,0,0,0,8,,,60,,,,,,,,,,,,,,,16,,,,,B03,,,1,,2,,,16,16,1,4,,B03,120.593015,24.157642,3
2023,2,7,8,25,臺中市,北屯區,0,1,0,8,1,5,50,5,2,1,5,4,5,7,4,4,3,4,5,2,16,26,2,9,1,1,C03,7,9,1,9,2,11,,26,26,1,22,8,C03,120.689306,24.16426,2
2023,2,7,8,27,臺中市,西區,0,0,0,8,,,50,,,,,,,,,,,,,,,12,,,,,B12,,,1,,1,,,12,,1,5,,B12,120.655132,24.149284,3
2023,2,7,8,27,臺中市,北屯區,0,1,0,8,1,5,50,4,2,1,5,4,5,7,4,4,5,4,4,2,16,26,3,10,1,1,B03,7,11,1,8,2,5,,26,26,1,21,8,B03,120.716624,24.167199,2
2023,2,7,8,27,臺中市,石岡區,0,1,0,8,1,5,40,3,1,1,5,4,5,7,4,4,1,4,4,2,16,6,3,10,1,1,B03,7,6,1,2,2,2,,6,6,1,10,8,B03,120.775459,24.274603,2
2023,2,7,8,28,臺中市,西屯區,0,2,0,8,1,5,50,4,1,1,5,4,5,7,1,1,5,4,5,2,13,25,2,7,1,1,B03,7,9,1,8,2,1,,25,25,1,22,8,B03,120.586975,24.17131,2
2023,2,7,8,29,臺中市,太平區,0,1,0,8,1,5,50,14,9,1,5,4,5,7,4,4,5,5,5,2,16,44,3,10,1,1,C03,7,9,1,10,2,11,,23,44,1,21,8,C03,120.733357,24.146558,2
2023,2,7,8,30,臺中市,太平區,0,0,0,8,,,50,,,,,,,,,,,,,,,23,,,,,B03,,,1,,9,2,,23,23,1,22,,B03,120.722193,24.154297,3
2023,2,7,8,30,臺中市,清水區,0,0,0,8,,,50,,,,,,,,,,,,,,,44,,,,,B03,,,1,,9,,,44,,2,22,,B03,120.587546,24.296894,3
2023,2,7,8,35,臺中市,西屯區,0,0,0,8,,,40,,,,,,,,,,,,,,,12,,,,,B03,,,1,,2,,,12,,1,22,,B03,120.639653,24.158213,3
2023,2,7,8,37,臺中市,南屯區,0,1,0,8,1,5,50,14,22,1,5,4,5,7,4,4,5,4,5,2,12,6,3,10,3,4,B03,7,6,1,8,2,2,,6,6,1,22,8,B03,120.615005,24.139288,2
2023,2,7,8,37,臺中市,大里區,0,0,0,8,,,50,,,,,,,,,,,,,,,17,,,,,B03,,,1,,2,,,17,,1,5,,B03,120.696668,24.111083,3
2023,2,7,8,45,臺中市,北區,0,1,0,8,1,5,50,3,1,1,5,4,5,7,1,1,5,5,4,2,13,6,3,10,1,1,B03,7,5,1,8,2,8,,6,6,1,22,8,B03,120.682344,24.165307,2
2023,2,7,8,45,臺中市,大甲區,0,0,0,8,1,8,50,4,9,1,5,4,5,7,4,4,10,5,5,2,16,23,3,10,1,1,B12,7,8,1,8,2,6,,23,23,1,22,,B12,120.614859,24.357033,3
2023,2,7,8,48,臺中市,西屯區,0,3,0,8,1,5,50,4,4,1,5,4,5,7,1,1,1,4,5,2,13,16,2,9,3,4,C03,7,9,1,10,2,11,,16,16,1,22,8,C03,120.643561,24.166169,2
2023,2,7,8,51,臺中市,豐原區,0,1,0,8,1,5,50,4,2,1,5,4,5,7,1,1,1,5,4,1,13,23,2,7,1,1,C03,7,9,2,18,2,11,,23,23,1,5,8,C03,120.736905,24.261295,2
2023,2,7,8,52,臺中市,大雅區,0,1,0,8,1,5,50,14,9,1,5,4,5,7,4,4,5,5,5,1,12,19,2,8,1,1,C03,7,1,1,10,2,11,,19,19,1,21,8,C03,120.648438,24.226172,2
2023,2,7,8,52,臺中市,西屯區,0,0,0,8,,,50,,,,,,,,,,,,,,,7,,,,,B03,,,1,,1,,,7,,1,1,,B03,120.649796,24.162755,3
2023,2,7,8,54,臺中市,龍井區,0,1,0,8,1,5,30,4,1,1,5,4,5,7,4,4,10,5,5,2,15,6,3,10,1,1,B01,7,9,1,8,2,2,,6,6,1,10,1,B01,120.595052,24.186894,2
2023,2,7,8,57,臺中市,南屯區,0,0,0,,,,50,,,,,,,,,,,,,,,23,,,,,B03,,,1,,2,,,23,,1,22,,B03,120.613438,24.141586,3
2023,2,7,8,58,臺中市,西屯區,0,1,0,8,1,5,50,14,9,1,5,4,5,7,4,4,1,4,5,2,13,16,2,9,1,1,C03,7,9,1,8,1,11,,16,16,1,22,8,C03,120.655033,24.199108,2
2023,2,7,9,0,臺中市,大里區,0,1,0,8,1,5,50,4,1,1,5,4,5,7,1,1,10,5,5,2,16,6,3,10,1,1,B03,7,6,1,8,2,5,,6,6,1,5,8,B03,120.70051,24.093814,2
2023,2,7,9,0,臺中市,大里區,0,0,0,8,,,50,,,,,,,,,,,,,,,16,,,,,B03,,,1,,2,,,16,,1,5,,B03,120.697066,24.111196,3
2023,2,7,9,3,臺中市,北屯區,0,1,0,8,1,5,50,3,2,1,5,4,5,7,4,4,1,4,5,2,13,23,2,9,1,1,C03,7,9,1,10,2,11,,23,23,1,22,1,C03,120.670391,24.173733,2
2023,2,7,9,4,臺中市,東區,0,0,0,8,,,50,,,,,,,,,,,,,,,23,,,,,B12,,,1,8,11,,,23,23,1,5,,B12,120.707913,24.14064,3
2023,2,7,9,5,臺中市,南屯區,0,2,0,8,1,5,50,4,1,1,5,4,5,7,2,1,5,5,5,2,13,25,2,9,1,1,C03,7,9,1,10,2,11,,25,25,1,22,8,C03,120.638212,24.135302,2
2023,2,7,9,6,臺中市,大里區,0,0,0,8,,,50,,,,,,,,,,,,,,,12,,,,,B03,,,1,,2,,,12,12,1,22,,B03,120.676657,24.100668,3
2023,2,7,9,9,臺中市,烏日區,0,1,0,8,1,5,50,14,7,1,5,4,5,7,4,4,9,4,4,1,16,10,3,10,1,1,B03,7,11,1,8,2,8,,10,10,1,22,8,B03,120.619281,24.106361,2
2023,2,7,9,17,臺中市,西區,0,0,0,8,,,30,,,,,,,,,,,,,,,23,,,,,B03,,,1,,2,,,23,,1,22,,B03,120.656377,24.13911,3
2023,2,7,9,18,臺中市,南區,0,1,0,8,1,5,50,4,9,1,5,4,5,7,4,4,5,5,5,2,15,14,3,10,3,4,B03,7,9,1,8,2,8,,14,14,1,22,8,B03,120.662432,24.124235,2
2023,2,7,9,20,臺中市,北屯區,0,1,0,8,1,5,50,4,1,1,5,4,5,7,4,4,10,5,5,2,15,6,3,10,1,1,B12,7,9,1,8,2,2,,6,6,1,22,8,B12,120.72535,24.157944,2
2023,2,7,9,24,臺中市,潭子區,0,0,0,8,,,50,,,,,,,,,,,,,,,26,,,,,C04,,,1,,2,,,26,,1,22,,C04,120.702514,24.193999,3
2023,2,7,9,27,臺中市,西區,0,0,0,8,,,50,,,,,,,,,,,,,,,23,,,,,B03,,,1,,1,,,23,,1,5,,B03,120.66981,24.146735,3
2023,2,7,9,29,臺中市,西屯區,0,0,0,8,,,50,,,,,,,,,,,,,,,17,,,,,B03,,,1,,1,,,17,,1,4,,B03,120.657038,24.19993,3
2023,2,7,9,30,臺中市,潭子區,0,0,0,8,,,50,,,,,,,,,,,,,,,23,,,,,B03,,,1,,2,,,23,,1,22,,B03,120.683556,24.216238,3
2023,2,7,9,30,臺中市,南屯區,0,0,0,8,,,50,,,,,,,,,,,,,,,16,,,,,B12,,,6,,1,,,16,,1,4,,B12,120.648223,24.137024,3
2023,2,7,9,30,臺中市,龍井區,0,0,0,,,,50,,,,,,,,,,,,,,,26,,,,,B12,,,1,,2,,,26,,1,2,,B12,120.558606,24.193591,3
2023,2,7,9,30,臺中市,梧棲區,0,0,0,8,,,50,,,,,,,,,,,,,,,43,,,,,B03,,,1,,2,,,43,,1,5,,B03,120.529649,24.23428,3
2023,2,7,9,30,臺中市,神岡區,0,0,0,8,,,60,,,,,,,,,,,,,,,17,,,,,A41,,,1,,2,,,17,,1,21,,A41,120.682986,24.246586,3
2023,2,7,9,32,臺中市,霧峰區,0,2,0,8,1,5,60,14,9,1,5,4,5,7,4,4,3,4,4,1,16,23,2,9,1,1,C03,7,9,1,10,2,11,,23,23,1,3,8,C03,120.696513,24.025437,2
2023,2,7,9,34,臺中市,沙鹿區,0,2,0,8,1,5,50,4,1,1,5,4,5,7,3,1,10,5,5,2,17,8,2,9,1,1,C03,7,5,1,10,2,13,,8,8,1,20,5,C03,120.569859,24.210971,2
2023,2,7,9,35,臺中市,大里區,0,0,0,8,,,70,,,,,,,,,,,,,,,37,,,,,A41,,,1,,2,,,37,,1,22,,A41,120.672189,24.103791,3
2023,2,7,9,38,臺中市,豐原區,0,0,0,8,,,30,,,,,,,,,,,,,,,5,,,,,B03,,,1,,2,,,5,,1,22,,B03,120.743124,24.262486,3
2023,2,7,9,39,臺中市,北區,0,1,0,8,1,5,40,14,8,1,5,4,5,7,4,4,3,4,4,2,13,16,2,9,1,1,C03,7,9,1,10,2,11,,16,16,1,22,9,C03,120.675469,24.160437,2
2023,2,7,9,44,臺中市,外埔區,0,0,0,8,1,5,50,11,9,1,5,4,5,7,4,4,4,5,5,1,16,2,3,10,1,1,B12,7,9,1,8,2,8,,2,2,1,4,8,B12,120.635635,24.330385,3
2023,2,7,9,45,臺中市,東區,0,2,0,8,1,5,50,5,1,1,5,4,5,7,2,1,10,5,5,2,16,6,2,7,3,4,B03,7,5,1,8,2,1,,6,6,1,5,8,B03,120.701088,24.144398,2
2023,2,7,9,46,臺中市,西屯區,0,1,0,8,1,5,40,3,1,1,5,4,5,7,3,1,1,3,1,2,16,10,3,10,1,1,B12,7,11,1,8,2,1,,10,10,1,22,9,B12,120.63801,24.186905,2
2023,2,7,9,48,臺中市,西屯區,0,1,0,8,1,5,50,4,1,1,5,4,5,7,2,1,10,5,5,2,12,6,3,10,1,1,B03,7,6,1,8,2,2,,6,6,1,22,8,B03,120.635172,24.179435,2
2023,2,7,9,50,臺中市,大里區,0,1,0,8,1,5,50,4,1,1,5,4,5,7,3,1,10,5,5,2,16,6,2,8,1,1,C03,7,5,1,10,2,11,,6,6,1,18,8,C03,120.676863,24.097623,2
2023,2,7,9,53,臺中市,南區,0,0,0,8,,,50,,,,,,,,,,,,,,,6,,,,,B01,,,1,4,2,,,6,6,1,21,,B01,120.68184,24.125654,3
2023,2,7,9,53,臺中市,烏日區,0,0,0,8,,,70,,,,,,,,,,,,,,,7,,,,,B03,,,1,,2,,,7,,1,4,,B03,120.603904,24.109671,3
2023,2,7,9,57,臺中市,北區,0,0,0,8,1,5,50,5,2,1,5,4,5,7,1,1,5,4,4,2,13,23,3,10,1,1,B01,7,9,1,4,2,1,,23,23,1,5,5,B01,120.667581,24.153776,3
2023,2,7,9,58,臺中市,西區,0,0,0,8,,,30,,,,,,,,,,,,,,,42,,,,,B12,,,8,,10,,,42,,1,22,,B12,120.664006,24.130628,3
2023,2,7,10,1,臺中市,大里區,0,1,0,8,1,5,40,3,2,1,5,4,5,7,4,4,10,5,5,1,16,9,3,10,1,1,B03,7,6,1,8,2,5,,9,9,1,5,8,B03,120.67104,24.101398,2
2023,2,7,10,2,臺中市,西屯區,0,1,0,8,1,5,50,4,2,1,5,4,5,7,1,1,5,4,5,2,16,19,3,10,3,4,B03,7,1,1,8,2,8,,19,19,1,22,8,B03,120.655135,24.16433,2
2023,2,7,10,5,臺中市,西屯區,0,1,0,8,1,5,50,5,4,1,5,4,5,7,2,1,1,4,5,1,17,42,3,10,1,1,B03,7,15,1,8,1,1,,42,42,1,1,9,B03,120.657655,24.158401,2
2023,2,7,10,9,臺中市,潭子區,0,0,0,8,,,80,,,,,,,,,,,,,,,23,,,,,B03,,,1,,2,,,23,,1,22,,B03,120.696555,24.201,3