年,月,日,時,分,縣市,區,死,受傷,2-30,天候,光線,道路類別,速限,道路型態,事故位置,路面鋪裝,路面狀態,路面缺陷,障礙物,視距,號誌種類,號誌動作,分向設施,快車道或一般車道間,快慢車道間,路面邊線,事故類型及型態,主要肇因,受傷程度,主要傷處,保護裝備,行動電話,當事者區分,車輛用途,當事者行動狀態,駕駛資格情形,駕駛執照種類,飲酒情形,車輛撞擊部位最初,車輛撞擊部位其他,肇事因素個別,肇事因素主要,肇事逃逸,職業,旅次目的,車種,GPS緯度,GPS經度,事故類別
2023,2,7,10,10,臺中市,龍井區,0,1,0,8,1,5,50,3,1,1,5,4,5,7,4,4,10,5,5,2,17,33,3,10,1,1,A12,7,6,1,6,2,3,,33,33,1,10,4,A12,120.5,24.1,2
2023,2,7,10,10,臺中市,豐原區,0,0,0,8,,,30,,,,,,,,,,,,,,,16,,,,,B02,,,1,,2,,,16,,1,22,,B02,120.744279,24.274638,3
2023,2,7,10,16,臺中市,西屯區,0,1,0,8,1,5,50,4,1,1,5,4,5,7,4,4,5,5,5,2,16,26,2,9,1,1,C03,7,5,1,10,1,11,,26,26,1,22,8,C03,120.653656,24.161113,2
2023,2,7,10,20,臺中市,大里區,0,0,0,8,,,50,,,,,,,,,,,,,,,7,,,,,B03,,,1,,2,,,7,,1,6,,B03,120.688781,24.103048,3
2023,2,7,10,20,臺中市,龍井區,0,0,0,8,,,50,,,,,,,,,,,,,,,12,,,,,B03,,,1,,2,,,12,,1,21,,B03,120.55,24.21,3
2023,2,7,10,21,臺中市,西屯區,0,0,0,8,,,50,,,,,,,,,,,,,,,23,,,,,B03,,,1,,2,,,23,,1,4,,B03,120.604068,24.186825,3
2023,2,7,10,22,臺中市,中區,0,1,0,8,1,5,50,4,1,1,5,4,5,7,1,1,10,5,5,2,13,16,2,9,1,1,C03,7,9,1,10,2,11,,16,16,1,22,9,C03,120.675975,24.141326,2
2023,2,7,10,25,臺中市,豐原區,0,1,0,8,1,5,50,14,9,1,5,4,5,7,4,4,5,5,5,1,29,42,2,9,1,1,C03,7,9,1,10,2,14,,42,42,1,22,8,C03,120.724513,24.226614,2
2023,2,7,10,27,臺中市,北區,0,2,0,8,1,5,50,4,2,1,5,4,5,7,2,1,5,4,4,1,16,10,2,9,3,4,C03,7,11,1,10,2,12,,10,10,1,22,9,C03,120.682335,24.153988,2
2023,2,7,10,30,臺中市,北屯區,0,0,0,8,,,50,,,,,,,,,,,,,,,43,,,,,,,,,,,,,43,,1,,,,120.69892,24.182982,3
2023,2,7,10,38,臺中市,西屯區,0,0,0,8,,,50,,,,,,,,,,,,,,,23,,,,,B03,,,1,,8,,,23,23,1,22,,B03,120.656116,24.18466,3
2023,2,7,10,39,臺中市,清水區,0,1,0,8,1,5,60,3,1,1,5,4,5,7,4,4,10,5,5,2,13,16,3,10,1,1,B12,7,9,1,8,2,1,,16,16,1,21,8,B12,120.561806,24.272071,2
2023,2,7,10,41,臺中市,大甲區,0,0,0,,,,50,,,,,,,,,,,,,,,23,,,,,B03,,,1,,2,,,23,23,1,22,,B03,120.632323,24.345802,3
2023,2,7,10,43,臺中市,西屯區,0,2,0,8,1,5,40,4,1,1,5,4,5,7,1,1,1,3,1,2,16,9,3,10,1,1,B03,7,6,1,8,2,2,,9,9,1,22,9,B03,120.624383,24.178531,2
2023,2,7,10,44,臺中市,北區,0,1,0,8,1,5,50,14,9,1,5,4,5,7,4,4,9,5,5,2,2,23,3,10,1,1,B03,7,9,1,8,2,5,,23,23,1,22,8,B03,120.678212,24.153895,2
2023,2,7,10,45,臺中市,北屯區,0,1,0,8,1,5,50,4,2,1,5,4,5,7,1,1,3,4,5,2,13,23,2,9,1,1,C03,7,9,1,10,2,11,,23,23,1,22,8,C03,120.68627,24.185439,2
2023,2,7,10,46,臺中市,大里區,0,0,0,8,,,60,,,,,,,,,,,,,,,17,,,,,B03,,,1,,2,,,17,,1,22,,B03,120.689946,24.101023,3
2023,2,7,10,52,臺中市,北區,0,1,0,8,1,5,50,14,9,1,5,4,5,7,4,4,2,4,5,2,17,7,2,9,1,1,C03,7,7,1,10,2,11,,7,7,1,22,9,C03,120.681796,24.144577,2
2023,2,7,10,53,臺中市,西區,0,1,0,8,1,5,50,4,1,1,5,4,5,7,1,1,1,4,5,2,16,25,3,10,1,1,B03,7,6,1,8,2,6,,25,25,1,22,8,B03,120.673517,24.147762,2
2023,2,7,10,53,臺中市,北區,0,0,0,8,1,8,50,4,9,1,5,4,5,7,1,1,1,4,5,2,13,16,3,10,1,1,B03,7,9,1,8,1,1,,16,16,1,5,5,B03,120.673755,24.165193,3
2023,2,7,10,55,臺中市,大里區,0,2,0,8,1,5,50,3,1,1,5,4,5,7,1,1,10,5,5,2,16,17,3,10,1,1,B03,7,5,1,8,2,2,,17,17,1,9,8,B03,120.692946,24.090637,2
2023,2,7,11,1,臺中市,大雅區,0,0,0,8,,,50,,,,,,,,,,,,,,,10,,,,,C03,,,3,,2,,,10,,1,22,,C03,120.65303,24.226022,3
2023,2,7,11,5,臺中市,北屯區,0,0,0,8,,,50,,,,,,,,,,,,,,,16,,,,,C03,,,1,,1,,,16,,1,21,,C03,120.699367,24.163105,3
2023,2,7,11,5,臺中市,外埔區,0,0,0,8,,,40,,,,,,,,,,,,,,,44,,,,,A12,,,1,,2,,,44,,1,21,,A12,120.636641,24.343277,3
2023,2,7,11,11,臺中市,霧峰區,0,2,0,8,1,5,40,4,1,1,5,4,5,7,3,1,10,5,5,2,16,6,2,9,1,1,C03,7,9,1,10,2,12,,6,6,1,3,8,C03,120.697314,24.060816,2
2023,2,7,11,13,臺中市,北區,0,0,0,,,,50,,,,,,,,,,,,,,,6,,,,,C03,,,1,,2,,,6,,1,22,,C03,120.684054,24.154645,3
2023,2,7,11,15,臺中市,后里區,0,1,0,8,1,5,50,14,9,1,5,4,5,7,4,4,4,5,5,2,18,43,2,9,1,1,C03,7,9,1,10,2,11,,43,43,1,4,8,C03,120.703255,24.307775,2
2023,2,7,11,15,臺中市,豐原區,0,0,0,8,,,50,,,,,,,,,,,,,,,16,,,,,B03,,,1,,2,,,16,,1,21,,B03,120.715481,24.252151,3
2023,2,7,11,19,臺中市,北屯區,0,0,0,8,,,50,,,,,,,,,,,,,,,42,,,,,B03,,,1,,1,,,44,42,1,22,,B03,120.681437,24.192589,3
2023,2,7,11,22,臺中市,霧峰區,0,0,0,8,,,30,,,,,,,,,,,,,,,23,,,,,B03,,,1,,2,,,23,23,1,3,,B03,120.679435,24.064335,3
2023,2,7,11,22,臺中市,大里區,0,1,0,8,1,5,30,3,1,1,5,4,5,7,4,4,5,5,5,1,16,23,2,9,1,1,C03,7,9,1,10,2,11,,23,23,1,5,8,C03,120.665588,24.109821,2
2023,2,7,11,23,臺中市,北屯區,0,0,0,8,,,50,,,,,,,,,,,,,,,23,,,,,B03,,,2,,2,,,23,,1,22,,B03,120.696119,24.164731,3
2023,2,7,11,26,臺中市,西屯區,0,0,0,8,,,50,,,,,,,,,,,,,,,19,,,,,C03,,,1,,1,,,19,,1,1,,C03,120.660077,24.174409,3
2023,2,7,11,28,臺中市,梧棲區,0,1,0,8,1,5,30,3,1,1,5,4,5,7,4,4,10,5,5,2,16,6,3,10,1,1,B03,7,6,1,8,2,5,,6,6,1,12,8,B03,120.551676,24.23927,2
2023,2,7,11,32,臺中市,南屯區,0,0,0,8,,,50,,,,,,,,,,,,,,,42,,,,,B12,,,1,,2,,,42,,1,22,,B12,120.607972,24.1361,3
2023,2,7,11,35,臺中市,梧棲區,0,2,0,8,1,5,40,4,1,1,5,4,5,7,1,1,1,2,1,1,16,6,3,10,1,1,C04,7,6,1,10,2,13,,6,6,1,4,8,C04,120.552177,24.244312,2
2023,2,7,11,41,臺中市,南屯區,0,0,0,,,,50,,,,,,,,,,,,,,,26,,,,,B03,,,1,,1,,,26,,1,22,,B03,120.642313,24.137334,3
2023,2,7,11,43,臺中市,西區,0,1,0,8,1,5,50,4,1,1,5,4,5,7,1,1,10,5,5,2,16,6,3,10,1,1,B02,7,6,1,8,2,2,,6,6,1,5,8,B02,120.655632,24.154807,2
2023,2,7,11,45,臺中市,西區,0,0,0,8,1,5,50,4,2,1,5,4,5,7,4,4,5,5,5,2,17,7,,,,,B03,,,1,,2,,,7,,1,4,,B03,120.660984,24.146597,3
2023,2,7,11,49,臺中市,豐原區,0,0,0,8,,,50,,,,,,,,,,,,,,,23,,,,,B03,,,1,,2,,,23,,1,21,,B03,120.710683,24.255178,3
2023,2,7,11,50,臺中市,太平區,0,0,0,8,,,50,,,,,,,,,,,,,,,42,,,,,B12,,,1,,2,,,42,,1,21,,B12,120.731421,24.110769,3
2023,2,7,11,50,臺中市,大甲區,0,0,0,8,1,5,30,14,9,2,5,4,5,7,4,4,10,5,5,2,19,23,2,9,1,1,F03,7,9,8,20,8,16,,23,23,1,22,9,F03,120.601298,24.339421,3
2023,2,7,11,52,臺中市,西區,0,0,0,8,,,50,,,,,,,,,,,,,,,23,,,,,B03,,,1,,1,,,23,,1,21,,B03,120.665268,24.146718,4
2023,2,7,11,53,臺中市,西區,0,2,0,8,1,5,40,4,1,1,5,4,5,7,2,1,10,5,5,2,16,10,2,8,1,1,C03,7,11,1,10,2,14,,10,10,1,22,8,C03,120.671845,24.132489,2
2023,2,7,11,56,臺中市,西屯區,0,0,0,8,,,50,,,,,,,,,,,,,,,12,,,,,B03,,,1,,1,,,12,,1,4,,B03,120.61477,24.187126,3
2023,2,7,11,57,臺中市,北屯區,0,1,0,8,1,5,50,5,2,1,5,4,5,7,1,1,3,4,5,2,13,16,2,7,1,1,C03,7,9,1,10,2,11,,16,16,1,22,8,C03,120.692794,24.162343,2
2023,2,7,11,58,臺中市,北區,0,3,0,8,1,5,40,14,8,1,5,4,5,7,4,4,5,5,4,2,16,16,2,9,1,1,C03,7,9,1,10,2,11,,16,16,1,22,8,C03,120.672481,24.159293,2
2023,2,7,11,58,臺中市,南區,0,0,0,8,,,50,,,,,,,,,,,,,,,25,,,,,C03,,,1,,2,,,25,,1,22,,C03,120.671811,24.119156,3
2023,2,7,12,0,臺中市,北區,0,3,0,8,1,5,50,14,7,1,5,4,5,7,4,4,1,4,4,2,17,19,2,8,1,1,C03,7,1,1,10,2,14,,19,19,1,22,9,C03,120.680495,24.157178,2
2023,2,7,12,0,臺中市,龍井區,0,2,0,8,1,5,70,4,2,1,5,4,5,7,1,1,10,5,5,2,17,6,3,10,1,1,B03,7,6,1,8,2,2,,6,6,1,1,8,B03,120.53902,24.206236,2
2023,2,7,12,0,臺中市,烏日區,0,0,0,8,,,,,,,,,,,,,,,,,,67,,,,,,,,,,,,,67,,1,,,,120.616498,24.112024,3
2023,2,7,12,5,臺中市,北區,0,0,0,8,,,40,,,,,,,,,,,,,,,23,,,,,B12,,,1,,11,,,23,,1,22,,B12,120.682385,24.151689,3
2023,2,7,12,8,臺中市,西區,0,0,0,8,,,50,,,,,,,,,,,,,,,19,,,,,B03,,,1,,1,,,19,,1,4,,B03,120.670955,24.147334,3
2023,2,7,12,9,臺中市,太平區,0,1,0,8,1,5,50,14,7,1,5,4,5,7,4,4,5,5,4,1,16,26,2,8,1,1,C03,7,11,4,8,2,14,,26,26,1,22,8,C03,120.720283,24.157738,2
2023,2,7,12,11,臺中市,大雅區,0,1,0,8,1,5,30,4,1,1,5,4,5,7,3,1,10,5,5,2,15,6,3,10,1,1,C03,7,9,1,10,2,11,,6,6,1,22,9,C03,120.638042,24.224092,2
2023,2,7,12,12,臺中市,大甲區,0,2,0,8,1,5,60,14,9,1,5,4,5,7,4,4,9,5,4,1,16,10,2,7,1,1,C03,7,11,1,10,2,11,,10,10,1,22,9,C03,120.614055,24.351734,2
2023,2,7,12,15,臺中市,北屯區,0,2,0,8,1,5,40,14,16,1,5,4,5,7,4,4,1,5,5,1,13,16,2,9,1,1,B02,7,9,1,8,2,1,,16,16,1,21,8,B02,120.720651,24.166925,2
2023,2,7,12,17,臺中市,大甲區,0,1,0,8,1,5,50,4,1,1,5,4,5,7,1,1,10,5,5,2,16,6,3,10,1,1,B03,7,5,1,8,2,8,,6,6,1,22,9,B03,120.621558,24.34778,2
2023,2,7,12,18,臺中市,西屯區,0,0,0,8,,,50,,,,,,,,,,,,,,,16,,,,,B03,,,1,,1,,,16,,1,22,,B03,120.658216,24.164869,3
2023,2,7,12,20,臺中市,大里區,0,2,0,8,1,5,60,4,4,1,5,4,5,7,1,1,10,5,5,2,13,16,2,9,1,1,C03,7,9,1,10,2,12,,16,16,1,21,8,C03,120.674541,24.102824,2
2023,2,7,12,22,臺中市,大甲區,0,1,0,8,1,5,50,4,1,1,5,4,5,7,1,1,10,5,5,2,13,23,3,10,1,1,C03,7,9,1,10,2,11,,23,23,1,22,9,C03,120.624951,24.347661,2
2023,2,7,12,40,臺中市,北屯區,0,1,0,8,1,5,50,4,1,1,5,4,5,7,4,4,10,5,5,2,16,6,2,9,1,1,C03,7,6,1,10,2,11,,6,6,1,22,1,C03,120.717666,24.17385,2
2023,2,7,12,41,臺中市,西區,0,0,0,8,,,50,,,,,,,,,,,,,,,23,,,,,B03,,,1,,2,,,23,,1,21,,B03,120.677021,24.135177,4
2023,2,7,12,42,臺中市,西區,0,2,0,8,1,5,50,4,1,1,5,4,5,7,4,4,10,5,5,2,15,6,2,9,1,1,C04,7,9,1,10,2,11,,6,6,1,5,7,C04,120.660856,24.149696,2
2023,2,7,12,50,臺中市,沙鹿區,0,2,0,8,1,5,40,4,1,1,5,4,5,7,2,1,1,4,1,1,17,4,2,9,1,1,C03,7,9,1,10,2,14,,4,4,1,22,8,C03,120.574295,24.229982,2
2023,2,7,12,56,臺中市,大雅區,0,0,0,8,,,50,,,,,,,,,,,,,,,1,,,,,C03,,,1,,2,,,1,,1,22,,C03,120.6339,24.233055,3
2023,2,7,12,56,臺中市,東區,0,0,0,,,,50,,,,,,,,,,,,,,,23,,,,,B03,,,1,,2,,,23,,1,22,,B03,120.692986,24.134763,3
2023,2,7,12,59,臺中市,南屯區,0,2,0,8,1,5,50,14,9,1,5,4,5,7,4,4,1,4,5,2,12,7,2,9,3,4,C03,7,8,1,10,2,12,,7,7,1,4,9,C03,120.641588,24.141165,2
2023,2,7,13,5,臺中市,西屯區,0,0,0,8,,,50,,,,,,,,,,,,,,,12,,,,,A31,,,1,,2,,,12,12,1,4,,A31,120.612985,24.187808,3
2023,2,7,13,11,臺中市,北屯區,0,1,0,8,1,5,50,4,1,1,5,4,5,7,4,4,10,5,5,2,15,6,3,10,1,1,B03,7,9,1,8,2,1,,6,6,1,22,8,B03,120.699201,24.185904,2
2023,2,7,13,17,臺中市,南區,0,0,0,8,,,50,,,,,,,,,,,,,,,42,,,,,B03,,,1,8,2,,,42,42,1,21,,B03,120.663909,24.11688,4
2023,2,7,13,20,臺中市,北區,0,0,0,,,,50,,,,,,,,,,,,,,,19,,,,,B03,,,1,,2,,,19,19,1,22,,B03,120.67997,24.160365,3
2023,2,7,13,22,臺中市,西區,0,1,0,8,1,5,50,4,1,1,5,4,5,7,2,1,10,5,5,2,16,6,3,10,1,1,B03,7,6,1,8,2,5,,6,6,1,22,8,B03,120.67293,24.135854,2
2023,2,7,13,25,臺中市,東勢區,0,1,0,8,1,5,60,14,9,1,5,4,5,7,4,4,5,4,5,1,11,42,2,9,1,1,C03,7,9,3,18,8,14,,42,42,1,22,8,C03,120.800868,24.285085,2
2023,2,7,13,26,臺中市,北屯區,0,2,0,8,1,5,50,4,1,1,5,4,5,7,4,4,10,5,5,2,17,3,2,9,1,1,B03,7,15,1,8,2,2,,3,3,1,5,8,B03,120.676677,24.176155,2
2023,2,7,13,27,臺中市,西區,0,2,0,8,1,5,50,4,1,1,5,4,5,7,4,4,5,4,5,2,15,19,2,9,2,1,F01,7,1,8,20,2,16,,19,19,1,22,8,F01,120.659515,24.150858,2
2023,2,7,13,28,臺中市,西區,0,1,0,8,1,5,50,4,1,1,5,4,5,7,1,1,5,5,5,2,12,6,3,10,3,4,B03,7,6,1,8,2,2,,6,6,1,21,8,B03,120.667568,24.153796,2
2023,2,7,13,30,臺中市,西屯區,0,0,0,8,,,30,,,,,,,,,,,,,,,17,,,,,B03,,,1,,1,,,17,,1,22,,B03,120.668531,24.176703,3
2023,2,7,13,31,臺中市,神岡區,0,0,0,8,,,30,,,,,,,,,,,,,,,17,,,,,A12,,,1,,11,,,17,,1,21,,A12,120.688398,24.239937,3
2023,2,7,13,32,臺中市,南區,0,2,0,8,1,5,40,14,8,1,5,4,5,7,1,1,1,4,4,2,13,23,2,9,1,1,C03,7,9,1,10,2,11,,23,23,1,22,8,C03,120.670047,24.126452,2
2023,2,7,13,40,臺中市,東勢區,0,0,0,8,,,50,,,,,,,,,,,,,,,12,,,,,C03,,,1,,9,,,12,,1,20,,C03,120.830724,24.249754,3
2023,2,7,13,45,臺中市,西區,0,0,0,8,1,5,50,14,9,1,5,4,5,7,4,4,9,4,5,2,12,42,,,,,B03,,,1,,1,,,42,,1,4,,B03,120.655551,24.150199,3
2023,2,7,13,50,臺中市,清水區,0,7,0,8,1,5,30,4,1,1,5,4,5,7,4,4,10,5,5,2,15,6,2,8,1,1,B03,7,9,1,8,2,2,,6,6,1,21,8,B03,120.559349,24.26337,2
2023,2,7,13,55,臺中市,南屯區,0,2,0,8,1,5,40,14,8,1,5,4,5,7,4,4,9,5,4,2,17,40,3,10,3,4,A12,7,13,1,7,11,4,,40,40,1,10,8,A12,120.620071,24.127611,2
2023,2,7,13,55,臺中市,太平區,0,3,0,8,1,5,50,4,1,1,5,4,5,7,2,1,10,5,5,2,16,6,3,10,1,1,B03,7,5,1,8,2,8,,6,6,1,22,8,B03,120.724031,24.111098,2
2023,2,7,13,55,臺中市,沙鹿區,0,2,0,8,1,5,40,14,8,1,5,4,5,7,4,4,1,4,4,1,12,17,2,8,1,1,C03,7,9,1,10,2,14,,17,17,1,22,8,C03,120.565545,24.232217,2
2023,2,7,13,59,臺中市,南區,0,0,0,,,,50,,,,,,,,,,,,,,,43,,,,,B03,,,2,,2,,,43,,1,5,,B03,120.668585,24.117031,3
2023,2,7,14,0,臺中市,大里區,0,0,0,8,1,5,30,16,9,1,5,4,5,7,4,4,1,5,5,1,23,23,,,,,B03,,,1,,2,,,23,,1,20,,B03,120.729822,24.087638,3
2023,2,7,14,1,臺中市,北屯區,0,1,0,8,1,5,50,4,2,1,5,4,5,7,2,1,1,4,5,2,16,6,3,10,1,1,B03,7,6,1,8,2,2,,6,6,1,21,8,B03,120.699599,24.1648,2
2023,2,7,14,3,臺中市,大甲區,0,0,0,,,,40,,,,,,,,,,,,,,,23,,,,,B12,,,1,,1,,,23,23,1,22,,B12,120.626368,24.344524,3
2023,2,7,14,4,臺中市,西屯區,0,0,0,8,1,5,50,4,2,1,5,4,5,7,2,1,5,2,4,2,13,22,3,10,1,1,C03,7,9,1,10,11,11,,22,22,2,8,1,C03,120.620652,24.171789,3
2023,2,7,14,8,臺中市,北區,0,1,0,8,1,5,50,4,1,1,5,4,3,7,4,4,10,5,5,2,16,6,3,10,1,1,B03,7,6,1,7,2,7,,6,6,1,22,9,B03,120.681968,24.167058,2
2023,2,7,14,9,臺中市,西屯區,0,1,0,8,1,5,50,3,1,1,5,4,5,7,1,1,5,3,4,2,16,6,3,10,1,1,B01,7,6,1,4,2,5,,6,6,1,22,9,B01,120.647056,24.165648,2
2023,2,7,14,10,臺中市,大雅區,0,0,0,8,,,50,,,,,,,,,,,,,,,12,,,,,B03,,,1,,2,,,12,,1,22,,B03,120.63641,24.234818,3
2023,2,7,14,14,臺中市,西屯區,0,0,0,8,,,50,,,,,,,,,,,,,,,12,,,,,B03,,,1,,2,,,12,,1,22,,B03,120.645805,24.169844,3
2023,2,7,14,14,臺中市,太平區,0,0,0,8,,,50,,,,,,,,,,,,,,,12,,,,,B12,,,1,,2,,,12,,1,21,,B12,120.70605,24.117108,3
2023,2,7,14,19,臺中市,西屯區,0,0,0,8,,,40,,,,,,,,,,,,,,,23,,,,,B03,,,1,,1,,,23,,1,22,,B03,120.628865,24.163658,3
2023,2,7,14,20,臺中市,大雅區,0,0,0,8,,,50,,,,,,,,,,,,,,,23,,,,,B12,,,1,,9,,,23,23,1,22,,B12,120.668062,24.217462,3
2023,2,7,14,21,臺中市,北區,0,0,0,8,1,5,50,3,1,1,5,4,5,7,1,1,1,4,5,2,12,23,3,10,1,1,B03,7,9,1,8,1,2,,23,23,1,5,5,B03,120.694479,24.15844,3
2023,2,7,14,22,臺中市,東區,0,1,0,8,1,5,50,4,1,1,5,4,5,7,1,1,10,5,5,2,16,6,3,10,1,1,B03,7,5,1,8,2,8,,6,6,1,21,8,B03,120.7012,24.14271,2
2023,2,7,14,22,臺中市,南屯區,0,0,0,8,1,5,50,14,9,1,5,4,5,7,4,4,5,5,5,2,14,18,3,10,3,4,B03,7,3,1,8,1,5,,18,18,1,12,8,B03,120.645486,24.133586,3
2023,2,7,14,24,臺中市,豐原區,0,1,0,8,1,5,50,14,8,1,5,4,5,7,4,4,1,4,4,1,12,7,3,10,1,1,A02,7,8,1,2,2,6,,7,7,1,22,8,A02,120.75346,24.273252,2
2023,2,7,14,25,臺中市,北區,0,1,0,8,1,5,40,4,7,1,5,4,5,7,1,1,5,5,4,2,16,7,2,9,1,1,C04,7,7,1,11,2,14,,7,7,1,21,8,C04,120.670506,24.159216,2
2023,2,7,14,25,臺中市,西屯區,0,1,0,8,1,5,50,14,7,1,5,4,5,7,4,4,9,4,4,1,17,19,2,9,1,1,C03,7,1,1,10,2,11,,19,19,1,1,9,C03,120.615023,24.190281,2
2023,2,7,14,30,臺中市,大里區,0,1,0,8,1,5,40,14,9,1,5,4,5,7,4,4,3,5,5,1,12,23,2,9,3,4,C03,7,9,1,10,2,11,,23,23,1,22,9,C03,120.692685,24.103616,2
2023,2,7,14,38,臺中市,西屯區,0,0,0,8,,,50,,,,,,,,,,,,,,,43,,,,,,,,,,,,,43,,1,,,,120.647044,24.19644,3
2023,2,7,14,39,臺中市,南屯區,0,0,0,8,,,50,,,,,,,,,,,,,,,10,,,,,B03,,,1,,2,,,10,10,1,10,,B03,120.632928,24.143422,3
2023,2,7,14,44,臺中市,東區,0,1,0,8,1,5,50,14,9,1,5,4,5,7,4,4,5,4,5,2,16,7,3,10,1,1,B01,7,8,1,4,2,2,,7,7,1,22,8,B01,120.687747,24.135772,2
2023,2,7,14,48,臺中市,太平區,0,1,0,8,1,5,40,14,9,1,5,4,5,7,4,4,5,5,5,1,17,42,2,1,1,1,F01,7,9,8,20,2,15,,42,42,1,22,8,F01,120.721772,24.119833,2
2023,2,7,14,50,臺中市,潭子區,0,0,0,8,,,50,,,,,,,,,,,,,,,17,,,,,B03,,,1,,2,,,17,,1,18,,B03,120.709431,24.210383,3
2023,2,7,14,52,臺中市,南屯區,0,2,0,8,1,5,50,14,9,1,5,4,5,7,4,4,1,4,5,2,13,23,2,9,3,4,C03,7,9,1,10,2,11,,23,23,1,4,9,C03,120.622979,24.144262,2
2023,2,7,14,53,臺中市,北屯區,0,0,0,8,,,40,,,,,,,,,,,,,,,23,,,,,B12,,,1,,1,,,23,,1,21,,B12,120.69213,24.202424,3
2023,2,7,14,57,臺中市,太平區,0,1,0,8,1,5,50,3,2,1,5,4,5,7,4,4,5,5,5,2,17,17,2,9,1,1,C03,7,9,1,10,2,14,,17,17,1,21,8,C03,120.719822,24.145631,2
2023,2,7,15,2,臺中市,烏日區,0,0,0,8,1,5,50,4,2,1,5,4,5,7,2,1,5,5,4,2,13,16,3,10,3,4,B02,7,9,1,8,2,1,,16,16,1,21,9,B02,120.624288,24.102624,3
2023,2,7,15,2,臺中市,大甲區,0,3,0,8,1,5,50,4,1,1,5,4,5,7,4,4,10,5,5,2,15,6,2,9,1,1,C03,7,9,1,10,2,12,,6,6,1,20,8,C03,120.61993,24.34704,2
2023,2,7,15,5,臺中市,沙鹿區,0,0,0,8,,,50,,,,,,,,,,,,,,,23,,,,,A02,,,1,,2,,,23,,1,10,,A02,120.561007,24.237887,3
2023,2,7,15,7,臺中市,大里區,0,1,0,8,1,5,50,14,9,1,5,4,5,7,4,4,5,5,4,2,3,23,3,10,1,1,C01,7,9,1,9,2,11,,23,23,1,22,9,C01,120.694933,24.099882,2
2023,2,7,15,7,臺中市,大里區,0,2,0,8,1,5,50,14,22,1,5,4,5,7,3,1,10,5,5,2,16,8,2,9,2,4,F01,7,5,8,20,2,15,,8,8,1,22,8,F01,120.708825,24.084163,2
2023,2,7,15,7,臺中市,龍井區,0,0,0,8,,,50,,,,,,,,,,,,,,,12,,,,,B03,,,1,,2,,,12,,1,5,,B03,120.549603,24.213486,3
2023,2,7,15,8,臺中市,西屯區,0,0,0,8,,,50,,,,,,,,,,,,,,,23,,,,,B03,,,1,,1,,,23,23,1,4,,B03,120.621884,24.186431,3
2023,2,7,15,9,臺中市,太平區,0,0,0,8,,,50,,,,,,,,,,,,,,,42,,,,,A41,,,1,,2,,,42,,1,22,,A41,120.71781,24.15977,3
2023,2,7,15,10,臺中市,龍井區,0,0,0,8,,,50,,,,,,,,,,,,,,,18,,,,,B03,,,1,,2,,,18,,1,5,,B03,120.523213,24.203868,3
2023,2,7,15,14,臺中市,大甲區,0,0,0,,,,-,,,,,,,,,,,,,,,12,,,,,B12,,,1,,2,,,12,,1,21,,B12,120.641515,24.401728,3
2023,2,7,15,24,臺中市,東區,0,1,0,8,1,5,50,4,1,1,5,4,5,7,1,1,10,5,5,2,16,6,2,7,1,1,C03,7,5,1,10,2,11,,6,6,1,18,8,C03,120.701487,24.140216,2
2023,2,7,15,29,臺中市,石岡區,0,0,0,8,,,70,,,,,,,,,,,,,,,23,,,,,B03,,,1,,2,,,23,,1,5,,B03,120.801403,24.268527,3
2023,2,7,15,35,臺中市,清水區,0,0,0,8,,,70,,,,,,,,,,,,,,,7,,,,,B02,,,1,,2,,,7,,1,22,,B02,120.584437,24.302634,3
2023,2,7,15,36,臺中市,太平區,0,1,0,8,1,5,50,3,2,1,5,4,5,7,4,4,5,4,5,1,29,42,2,9,1,1,C03,7,9,1,10,2,12,,42,42,1,22,8,C03,120.703773,24.111475,2
2023,2,7,15,39,臺中市,梧棲區,0,0,0,8,,,50,,,,,,,,,,,,,,,23,,,,,B12,,,1,,2,,,23,,1,9,,B12,120.531605,24.25333,3
2023,2,7,15,46,臺中市,西屯區,0,0,0,8,,,50,,,,,,,,,,,,,,,23,,,,,B12,,,1,,2,,,23,,1,22,,B12,120.66288,24.17141,3
2023,2,7,15,54,臺中市,西屯區,0,1,0,8,1,5,30,4,1,1,5,4,5,7,4,4,10,5,5,2,16,6,2,9,1,1,C03,7,9,1,10,2,12,,6,6,1,22,8,C03,120.648149,24.182959,2
2023,2,7,15,55,臺中市,西屯區,0,1,0,8,1,5,50,14,9,1,5,4,5,7,4,4,5,5,5,2,13,16,2,9,1,1,C03,7,9,1,10,2,11,,16,16,1,4,8,C03,120.6451,24.172862,2
2023,2,7,15,56,臺中市,梧棲區,0,1,0,8,1,5,50,4,1,1,5,4,5,7,1,1,10,5,5,2,15,25,2,9,1,1,C03,7,9,1,10,2,11,,25,25,1,12,8,C03,120.537062,24.242019,2
2023,2,7,16,2,臺中市,北區,0,2,0,8,1,5,50,14,9,1,5,4,5,7,4,4,5,5,5,2,16,19,2,9,1,1,F01,7,1,8,20,2,16,,19,19,1,22,8,F01,120.686669,24.159675,2
2023,2,7,16,2,臺中市,霧峰區,0,1,0,8,1,5,30,14,9,1,5,4,5,7,4,4,10,5,5,2,17,19,3,10,1,1,B03,7,1,1,8,2,1,,19,19,1,4,8,B03,120.713153,24.078721,2