年,月,日,時,分,縣市,區,死,受傷,2-30,天候,光線,道路類別,速限,道路型態,事故位置,路面鋪裝,路面狀態,路面缺陷,障礙物,視距,號誌種類,號誌動作,分向設施,快車道或一般車道間,快慢車道間,路面邊線,事故類型及型態,主要肇因,受傷程度,主要傷處,保護裝備,行動電話,當事者區分,車輛用途,當事者行動狀態,駕駛資格情形,駕駛執照種類,飲酒情形,車輛撞擊部位最初,車輛撞擊部位其他,肇事因素個別,肇事因素主要,肇事逃逸,職業,旅次目的,車種,GPS緯度,GPS經度,事故類別
2023,2,7,16,3,臺中市,烏日區,0,1,0,8,1,5,50,4,1,1,5,4,5,7,1,1,1,4,1,1,13,23,3,10,1,1,B03,7,9,1,8,2,1,,23,23,1,22,8,B03,120.640411,24.116672,2
2023,2,7,16,7,臺中市,大雅區,0,0,0,8,,,50,,,,,,,,,,,,,,,23,,,,,B01,,,1,,2,,,23,,1,22,,B01,120.651809,24.227952,3
2023,2,7,16,9,臺中市,北區,0,1,0,8,1,5,50,3,1,1,5,4,5,7,4,4,10,5,5,2,12,6,3,10,1,1,B12,7,6,1,8,2,2,,6,6,1,10,8,B12,120.690031,24.155713,2
2023,2,7,16,11,臺中市,大里區,0,0,0,8,,,40,,,,,,,,,,,,,,,10,,,,,B12,,,1,,2,,,10,,1,22,,B12,120.68781,24.073496,3
2023,2,7,16,14,臺中市,梧棲區,0,0,0,8,,,70,,,,,,,,,,,,,,,23,,,,,B12,,,1,,2,,,23,,1,9,,B12,120.543641,24.24743,3
2023,2,7,16,21,臺中市,大肚區,0,1,0,8,1,5,40,14,8,1,5,4,5,7,4,4,1,5,1,2,17,23,3,10,1,1,C03,7,9,1,10,2,11,,23,23,1,22,8,C03,120.582974,24.16804,2
2023,2,7,16,25,臺中市,北屯區,0,0,0,8,,,50,,,,,,,,,,,,,,,23,,,,,B03,,,1,,2,,,23,,1,20,,B03,120.7192,24.1821,3
2023,2,7,16,26,臺中市,烏日區,0,0,0,8,,,50,,,,,,,,,,,,,,,8,,,,,C03,,,1,,2,,,8,,1,5,,C03,120.59796,24.110466,3
2023,2,7,16,31,臺中市,北屯區,0,0,0,8,,,50,,,,,,,,,,,,,,,43,,,,,C03,,,1,,2,,,43,,1,5,,C03,120.697178,24.170643,3
2023,2,7,16,32,臺中市,東區,0,0,0,,,,30,,,,,,,,,,,,,,,12,,,,,B03,,,1,,2,,,12,,1,21,,B03,120.698816,24.126298,3
2023,2,7,16,32,臺中市,大里區,0,0,0,8,,,80,,,,,,,,,,,,,,,16,,,,,B03,,,1,,2,,,16,,1,22,,B03,120.690704,24.098029,3
2023,2,7,16,36,臺中市,南屯區,0,3,0,8,1,5,50,14,9,1,5,4,5,7,4,4,1,4,5,2,13,16,2,8,1,1,C03,7,15,1,10,2,11,12,16,16,1,18,8,C03,120.646386,24.138268,2
2023,2,7,16,42,臺中市,龍井區,0,1,0,8,1,5,30,4,1,1,5,4,5,7,4,4,10,5,5,2,15,6,3,10,1,1,B03,7,9,1,8,2,1,,6,6,1,9,8,B03,120.525433,24.206139,2
2023,2,7,16,43,臺中市,西區,0,1,0,8,1,5,50,4,1,1,5,4,5,7,2,1,10,5,5,2,18,23,2,9,1,1,C03,7,9,1,10,2,14,,23,23,1,22,8,C03,120.669712,24.138414,2
2023,2,7,16,43,臺中市,大里區,0,2,0,8,1,5,30,3,1,1,5,4,5,7,4,4,5,5,5,2,17,6,2,9,1,1,C03,7,1,1,10,2,11,,6,6,1,21,1,C03,120.691599,24.114108,2
2023,2,7,16,44,臺中市,北區,0,0,0,8,,,50,,,,,,,,,,,,,,,6,,,,,B03,,,1,,2,,,6,6,1,22,,B03,120.679289,24.166189,3
2023,2,7,16,44,臺中市,大甲區,0,0,0,8,,,50,,,,,,,,,,,,,,,42,,,,,B12,,,1,,2,,,42,,1,20,,B12,120.62467,24.35174,3
2023,2,7,16,45,臺中市,西屯區,0,0,0,8,1,5,50,3,1,1,5,4,5,7,2,1,10,5,5,2,13,23,3,10,1,1,B03,7,6,1,8,1,3,,23,23,1,4,3,B03,120.639069,24.168932,4
2023,2,7,16,46,臺中市,西區,0,1,0,8,1,5,50,4,1,1,5,4,5,7,1,1,1,4,4,2,18,23,2,9,1,1,C03,7,9,1,10,2,15,,23,23,1,22,8,C03,120.666393,24.133614,2
2023,2,7,16,47,臺中市,北屯區,0,1,0,8,1,5,50,14,9,1,5,4,5,7,4,4,9,4,4,2,17,16,2,9,1,1,C03,7,9,1,10,2,11,,16,16,1,21,8,C03,120.68313,24.179281,2
2023,2,7,16,48,臺中市,北屯區,0,1,0,8,1,5,50,4,1,1,5,4,5,7,4,4,10,5,5,2,16,6,3,10,1,1,B03,7,9,1,8,2,5,,6,6,1,21,8,B03,120.680506,24.180566,2
2023,2,7,16,50,臺中市,南屯區,0,0,0,8,,,40,,,,,,,,,,,,,,,17,,,,,B01,,,1,3,1,,,17,17,1,12,,B01,120.623033,24.140267,3
2023,2,7,16,57,臺中市,南屯區,0,1,0,8,1,5,40,14,8,1,5,4,5,7,4,4,5,4,4,2,17,19,3,10,1,1,B03,7,1,4,10,2,7,,19,19,1,5,8,B03,120.634165,24.159123,2
2023,2,7,16,57,臺中市,太平區,0,0,0,8,,,50,,,,,,,,,,,,,,,23,,,,,A04,,,1,,1,6,,23,23,1,22,,A04,120.719153,24.153917,3
2023,2,7,17,4,臺中市,潭子區,0,0,0,8,,,50,,,,,,,,,,,,,,,12,,,,,B12,,,1,,2,,,12,,1,22,,B12,120.689826,24.211396,3
2023,2,7,17,4,臺中市,太平區,0,0,0,8,,,50,,,,,,,,,,,,,,,17,,,,,B03,,,1,,1,,,17,,1,22,,B03,120.710852,24.155372,3
2023,2,7,17,8,臺中市,大甲區,0,0,0,,,,-,,,,,,,,,,,,,,,23,,,,,B03,,,1,,1,,,23,,1,22,,B03,120.645369,24.408491,3
2023,2,7,17,10,臺中市,龍井區,0,0,0,8,,,30,,,,,,,,,,,,,,,6,,,,,B03,,,1,,2,,,6,,1,10,,B03,120.517388,24.199618,3
2023,2,7,17,10,臺中市,大肚區,0,0,0,8,,,50,,,,,,,,,,,,,,,23,,,,,B03,,,1,,2,,,23,,1,4,,B03,120.549431,24.140874,3
2023,2,7,17,16,臺中市,西屯區,0,0,0,8,,,50,,,,,,,,,,,,,,,7,,,,,B03,,,1,,1,,,7,,1,4,,B03,120.64633,24.164488,3
2023,2,7,17,19,臺中市,北區,0,1,0,8,1,5,50,14,9,1,5,4,5,7,4,4,5,4,5,2,16,7,3,10,1,1,B03,7,7,1,8,2,4,,7,7,1,22,8,B03,120.668598,24.173676,2
2023,2,7,17,20,臺中市,后里區,0,0,0,8,,,60,,,,,,,,,,,,,,,23,,,,,B03,,,1,,2,,,23,,1,22,,B03,120.723749,24.294609,3
2023,2,7,17,23,臺中市,神岡區,0,0,0,8,,,50,,,,,,,,,,,,,,,23,,,,,B03,,,1,,1,,,23,,1,22,,B03,120.695543,24.247586,3
2023,2,7,17,30,臺中市,北區,0,3,0,8,1,5,50,14,9,1,5,4,5,7,4,4,1,4,5,2,17,7,2,9,1,1,C03,7,10,1,10,2,14,,7,7,1,22,8,C03,120.683099,24.14779,2
2023,2,7,17,30,臺中市,東區,0,0,0,,,,50,,,,,,,,,,,,,,,23,,,,,B03,,,1,,2,,,23,,1,22,,B03,120.709175,24.143383,3
2023,2,7,17,34,臺中市,東區,0,0,0,8,1,5,40,14,9,1,5,4,5,7,4,4,10,5,5,2,29,67,,,,,,,,,,,,,67,67,1,,,,120.694862,24.145458,3
2023,2,7,17,34,臺中市,太平區,0,0,0,8,,,50,,,,,,,,,,,,,,,6,,,,,B03,,,1,,1,,,6,,1,21,,B03,120.714144,24.15254,3
2023,2,7,17,35,臺中市,大里區,0,0,0,8,,,40,,,,,,,,,,,,,,,23,,,,,B03,,,1,,1,,,23,,1,19,,B03,120.702044,24.103219,3
2023,2,7,17,37,臺中市,西屯區,0,0,0,8,,,80,,,,,,,,,,,,,,,23,,,,,B03,,,1,,1,,,23,,1,22,,B03,120.634948,24.179291,3
2023,2,7,17,39,臺中市,西區,0,0,0,8,2,5,50,4,1,1,5,4,5,7,1,1,5,5,5,2,12,44,,,,,C03,,,1,,1,,,44,,1,21,,C03,120.675422,24.133556,3
2023,2,7,17,39,臺中市,南屯區,0,1,0,8,3,5,50,4,1,1,5,4,5,7,2,1,5,2,5,2,16,6,3,10,3,4,B03,7,5,1,8,2,6,,6,6,1,4,9,B03,120.649825,24.149932,2
2023,2,7,17,40,臺中市,北屯區,0,0,0,8,,,50,,,,,,,,,,,,,,,23,,,,,B03,,,1,,1,,,23,,1,21,,B03,120.668355,24.173551,3
2023,2,7,17,40,臺中市,太平區,0,0,0,8,,,50,,,,,,,,,,,,,,,26,,,,,C03,,,1,,2,,,26,,1,22,,C03,120.712433,24.150005,3
2023,2,7,17,40,臺中市,烏日區,0,1,0,8,3,5,30,4,1,1,5,4,5,7,4,4,10,5,5,2,16,6,2,9,1,1,C03,7,9,1,10,2,11,,6,6,1,22,8,C03,120.634865,24.110685,2
2023,2,7,17,41,臺中市,大甲區,0,1,0,8,1,5,70,3,1,1,5,4,5,7,3,1,10,5,5,2,16,8,3,10,1,1,A11,7,5,1,3,2,5,,8,8,1,10,8,A11,120.64207,24.36635,2
2023,2,7,17,43,臺中市,豐原區,0,0,0,8,,,50,,,,,,,,,,,,,,,16,,,,,C03,,,1,,1,,,16,,1,22,,C03,120.706363,24.244064,3
2023,2,7,17,50,臺中市,潭子區,0,1,0,8,3,5,60,14,9,1,5,4,5,7,4,4,1,4,5,1,13,23,2,3,1,1,C03,7,9,1,10,2,11,,23,23,1,22,8,C03,120.703932,24.202988,2
2023,2,7,17,50,臺中市,豐原區,0,1,0,8,1,5,60,5,1,1,5,4,5,7,2,1,1,2,4,1,16,6,2,9,1,1,C03,7,5,3,18,2,14,,6,6,1,16,8,C03,120.720148,24.236637,2
2023,2,7,17,56,臺中市,南區,0,1,0,8,3,5,40,14,8,1,5,4,5,7,4,4,1,4,4,2,17,42,2,9,1,1,C03,7,9,1,10,2,15,,42,42,1,22,8,C03,120.647323,24.110897,2
2023,2,7,18,0,臺中市,南屯區,0,1,0,8,3,5,50,14,7,1,5,4,5,7,4,4,5,5,4,2,13,16,2,9,1,1,C03,7,9,1,10,1,11,12,16,16,1,5,8,C03,120.634216,24.158604,2
2023,2,7,18,0,臺中市,大肚區,0,0,0,8,,,30,,,,,,,,,,,,,,,17,,,,,B03,,,1,,2,,,17,,1,4,,B03,120.579405,24.124075,3
2023,2,7,18,5,臺中市,大雅區,0,0,0,8,,,50,,,,,,,,,,,,,,,6,,,,,B03,,,1,,2,,,6,6,1,22,,B03,120.651796,24.227989,3
2023,2,7,18,6,臺中市,潭子區,0,0,0,8,,,80,,,,,,,,,,,,,,,16,,,,,B03,,,1,,11,,,16,,1,22,,B03,120.721725,24.182422,3
2023,2,7,18,6,臺中市,西屯區,0,0,0,8,,,50,,,,,,,,,,,,,,,23,,,,,B03,,,1,,2,,,23,,1,4,,B03,120.648629,24.167558,3
2023,2,7,18,7,臺中市,南屯區,0,0,0,8,,,30,,,,,,,,,,,,,,,6,,,,,C03,,,1,10,2,,,6,6,1,12,,C03,120.614535,24.150155,3
2023,2,7,18,10,臺中市,潭子區,0,2,0,8,3,5,60,15,7,1,5,4,5,7,4,4,1,3,4,1,17,23,2,9,1,1,C03,7,9,1,10,2,12,,23,23,1,22,8,C03,120.702376,24.189943,2
2023,2,7,18,15,臺中市,烏日區,0,0,0,8,,,50,,,,,,,,,,,,,,,9,,,,,B03,,,1,,11,,,9,,1,21,,B03,120.624605,24.104304,3
2023,2,7,18,19,臺中市,潭子區,0,0,0,8,,,60,,,,,,,,,,,,,,,17,,,,,C03,,,1,,2,,,17,,1,22,,C03,120.705385,24.209873,3
2023,2,7,18,23,臺中市,太平區,0,0,0,8,,,50,,,,,,,,,,,,,,,4,,,,,C03,,,1,,2,13,,4,4,1,22,,C03,120.721927,24.119518,3
2023,2,7,18,25,臺中市,霧峰區,0,1,0,8,3,5,60,3,9,1,5,4,5,7,3,1,3,4,5,1,16,8,3,10,1,1,B03,7,5,1,8,2,1,,8,8,1,22,8,B03,120.695603,24.053091,2
2023,2,7,18,26,臺中市,南屯區,0,1,0,8,3,5,50,4,1,1,5,4,5,7,4,4,10,5,5,2,15,6,3,10,1,1,B03,7,9,1,8,2,5,,6,6,1,5,1,B03,120.638688,24.148775,2
2023,2,7,18,29,臺中市,西屯區,0,0,0,8,2,5,50,8,9,1,5,4,5,7,4,4,1,4,5,2,13,23,3,10,1,1,B03,7,9,1,8,2,1,,23,23,1,4,3,B03,120.630402,24.170997,3
2023,2,7,18,30,臺中市,北屯區,0,1,0,8,3,5,50,14,9,1,5,4,5,7,4,4,1,4,5,2,13,23,3,10,1,1,B03,7,9,1,8,2,1,,23,23,1,5,8,B03,120.675,24.1756,2
2023,2,7,18,30,臺中市,北屯區,0,0,0,8,,,50,,,,,,,,,,,,,,,16,,,,,C03,,,1,,1,,,16,,1,21,,C03,120.692585,24.165174,3
2023,2,7,18,34,臺中市,北區,0,0,0,8,,,50,,,,,,,,,,,,,,,16,,,,,C03,,,1,,1,,,16,,1,22,,C03,120.688613,24.165008,3
2023,2,7,18,40,臺中市,中區,0,1,0,8,3,5,50,3,1,1,5,4,5,7,4,4,10,5,5,2,18,23,2,9,3,4,C03,7,9,1,10,1,12,,23,23,1,21,8,C03,120.681124,24.138289,2
2023,2,7,18,40,臺中市,西區,0,1,0,8,3,5,50,3,2,1,5,4,5,7,4,4,5,4,5,2,12,23,3,10,1,1,B03,7,9,1,8,2,1,,23,23,1,19,1,B03,120.664538,24.132146,2
2023,2,7,18,40,臺中市,南屯區,0,0,0,8,3,5,50,14,9,1,5,4,5,7,1,1,5,5,5,2,13,23,,,,,B03,,,1,,1,,,23,,1,5,,B03,120.637279,24.147006,3
2023,2,7,18,41,臺中市,西屯區,0,2,0,8,1,5,40,3,1,1,5,4,5,7,1,1,1,4,4,2,16,8,2,9,3,4,C03,7,5,1,10,2,14,,8,8,1,22,8,C03,120.653256,24.204138,2
2023,2,7,18,42,臺中市,西區,0,0,0,8,,,50,,,,,,,,,,,,,,,12,,,,,B03,,,1,,1,,,12,,1,21,,B03,120.665268,24.146718,3
2023,2,7,18,42,臺中市,西屯區,0,1,0,8,3,5,50,3,9,1,5,4,5,7,1,1,9,5,5,2,13,16,2,7,3,4,C03,7,9,1,10,2,14,,16,16,1,22,8,C03,120.65034,24.182071,2
2023,2,7,18,43,臺中市,西屯區,0,0,0,8,,,30,,,,,,,,,,,,,,,12,,,,,B03,,,1,,1,,,12,,1,4,,B03,120.648847,24.158884,3
2023,2,7,18,45,臺中市,潭子區,0,0,0,8,,,80,,,,,,,,,,,,,,,23,,,,,B03,,,1,,2,,,23,,1,22,,B03,120.696555,24.201,3
2023,2,7,18,45,臺中市,烏日區,0,0,0,8,3,2,40,14,9,1,5,4,5,7,4,4,10,5,5,1,13,16,3,10,3,4,B03,7,12,1,8,2,1,,16,16,1,21,9,B03,120.617632,24.118362,3
2023,2,7,18,50,臺中市,西屯區,0,0,0,8,,,50,,,,,,,,,,,,,,,42,,,,,B03,,,3,,2,,,42,,1,22,,B03,120.661561,24.171924,3
2023,2,7,18,50,臺中市,豐原區,0,2,0,8,3,5,50,4,1,1,5,4,5,7,1,1,10,5,5,2,16,9,3,10,1,1,B03,7,6,1,8,2,2,,9,9,1,22,8,B03,120.744533,24.264705,2
2023,2,7,18,52,臺中市,北屯區,0,0,0,8,,,50,,,,,,,,,,,,,,,12,,,,,B03,,,1,,2,,,12,,1,21,,B03,120.665113,24.192088,3
2023,2,7,18,54,臺中市,南屯區,0,0,0,,,,50,,,,,,,,,,,,,,,23,,,,,C03,,,1,,1,,,23,,1,4,,C03,120.646801,24.147118,3
2023,2,7,18,59,臺中市,潭子區,0,1,0,8,3,5,50,11,9,1,5,4,5,7,4,4,5,5,5,1,18,21,2,9,1,1,C03,7,9,1,10,7,11,,21,21,1,22,1,C03,120.7015,24.223163,2
2023,2,7,19,0,臺中市,太平區,0,0,0,8,,,50,,,,,,,,,,,,,,,4,,,,,F01,,,1,,2,,,4,,1,22,,F01,120.706877,24.111974,3
2023,2,7,19,0,臺中市,東勢區,0,0,0,8,,,50,,,,,,,,,,,,,,,23,,,,,B03,,,1,,2,,,23,,1,21,,B03,120.82671,24.255203,3
2023,2,7,19,3,臺中市,南區,0,0,0,,,,50,,,,,,,,,,,,,,,23,,,,,B11,,,1,,2,,,23,,1,5,,B11,120.667301,24.128466,3
2023,2,7,19,4,臺中市,西屯區,0,0,0,8,,,50,,,,,,,,,,,,,,,6,,,,,C03,,,1,,2,,,6,,1,22,,C03,120.617548,24.175051,3
2023,2,7,19,5,臺中市,西區,0,2,0,8,3,5,50,4,1,1,5,4,5,7,1,1,10,5,5,2,12,7,2,9,3,4,C03,7,7,1,10,2,14,,7,7,1,21,8,C03,120.665268,24.146718,2
2023,2,7,19,5,臺中市,北區,0,1,0,8,3,5,40,11,8,1,5,4,5,7,4,4,5,5,4,2,17,40,3,10,1,1,B03,7,13,1,8,2,4,,40,40,1,5,8,B03,120.664545,24.15845,2
2023,2,7,19,10,臺中市,烏日區,0,1,0,8,3,5,50,14,9,1,5,4,5,7,4,4,5,5,5,2,16,26,3,10,1,1,B03,7,11,1,8,2,4,,26,26,1,21,8,B03,120.609911,24.111966,2
2023,2,7,19,15,臺中市,烏日區,0,1,0,8,3,5,50,3,1,1,5,4,5,7,2,1,10,5,5,2,16,25,2,9,1,1,C03,7,5,1,10,2,15,,25,25,1,21,8,C03,120.618724,24.115942,2
2023,2,7,19,17,臺中市,西區,0,2,0,8,3,5,50,14,9,1,5,4,5,7,4,4,5,2,5,2,3,51,2,9,4,5,H01,8,16,8,20,10,16,,51,51,1,14,7,H01,120.655269,24.155071,2
2023,2,7,19,17,臺中市,南屯區,0,1,0,8,3,5,50,4,1,1,5,4,5,7,1,1,10,5,5,2,16,26,2,9,1,1,C03,7,6,1,10,2,12,,26,26,1,5,1,C03,120.649876,24.132266,2
2023,2,7,19,19,臺中市,中區,0,0,0,,,,50,,,,,,,,,,,,,,,44,,,,,B03,,,1,,1,,,44,,1,21,,B03,120.679306,24.141221,3
2023,2,7,19,19,臺中市,烏日區,0,0,0,,,,50,,,,,,,,,,,,,,,6,,,,,C03,,,7,,2,,,6,,1,21,,C03,120.628703,24.110833,4
2023,2,7,19,22,臺中市,神岡區,0,2,0,8,3,5,50,14,9,1,5,4,5,7,4,4,7,5,4,1,3,23,2,7,1,1,C03,7,9,2,18,9,11,,23,23,2,22,8,C03,120.66544,24.257987,2
2023,2,7,19,30,臺中市,北屯區,0,1,0,8,3,5,50,4,1,1,5,4,5,7,1,1,10,5,5,2,17,6,3,10,1,1,B03,7,5,1,8,2,1,,6,6,1,21,8,B03,120.66079,24.191725,2
2023,2,7,19,40,臺中市,南區,0,1,0,8,3,5,40,3,1,1,5,4,5,7,4,4,5,5,4,2,13,16,3,10,1,1,C03,7,9,1,10,2,11,,16,16,1,21,8,C03,120.66155,24.116973,2
2023,2,7,19,41,臺中市,南區,0,0,0,,,,40,,,,,,,,,,,,,,,7,,,,,C03,,,1,,2,,,7,,1,21,,C03,120.681592,24.129445,3
2023,2,7,19,43,臺中市,西屯區,0,0,0,8,,,50,,,,,,,,,,,,,,,6,,,,,B03,,,1,,2,,,6,,1,22,,B03,120.642418,24.164231,3
2023,2,7,19,43,臺中市,西屯區,0,1,0,8,3,5,50,3,1,1,5,4,5,7,3,1,5,4,4,2,16,10,3,10,3,4,B03,7,11,1,8,2,5,,10,10,1,22,8,B03,120.653791,24.176356,2
2023,2,7,19,48,臺中市,潭子區,0,0,0,8,,,50,,,,,,,,,,,,,,,42,,,,,B12,,,1,,2,,,42,,1,22,,B12,120.705403,24.209801,3
2023,2,7,19,53,臺中市,北屯區,0,0,0,,,,50,,,,,,,,,,,,,,,6,,,,,B12,,,1,,1,,,6,,1,21,,B12,120.664668,24.192,3
2023,2,7,19,53,臺中市,后里區,0,1,0,8,3,5,60,14,12,1,5,4,5,7,4,4,1,4,4,1,17,23,2,9,1,1,C03,7,9,2,18,2,12,,23,23,1,22,8,C03,120.723753,24.295596,2
2023,2,7,19,54,臺中市,西屯區,0,2,0,8,3,5,40,14,8,1,5,4,5,7,4,4,1,4,3,2,13,23,2,9,1,1,C03,7,9,1,10,1,11,,23,23,1,4,8,C03,120.635523,24.182515,2
2023,2,7,19,56,臺中市,太平區,0,1,0,8,3,5,50,4,1,1,5,4,5,7,4,4,10,5,5,2,15,6,3,10,1,1,B03,7,9,1,8,2,5,1,6,6,1,22,8,B03,120.714542,24.15337,2
2023,2,7,19,57,臺中市,西屯區,0,0,0,8,,,50,,,,,,,,,,,,,,,19,,,,,B03,,,1,,2,,,19,,1,22,,B03,120.626623,24.183766,3
2023,2,7,20,0,臺中市,南區,0,0,0,8,,,50,,,,,,,,,,,,,,,23,,,,,B03,,,1,,2,,,23,,1,22,,B03,120.658328,24.113134,3
2023,2,7,20,2,臺中市,大雅區,0,0,0,8,,,50,,,,,,,,,,,,,,,23,,,,,B03,,,1,,2,,,23,,1,21,,B03,120.649964,24.221653,3
2023,2,7,20,5,臺中市,太平區,0,0,0,8,,,50,,,,,,,,,,,,,,,23,,,,,B03,,,1,,1,,,23,,1,21,,B03,120.717041,24.158732,3
2023,2,7,20,5,臺中市,烏日區,0,2,0,8,2,5,60,8,7,1,5,4,5,7,4,4,1,4,1,1,17,4,2,9,3,4,B03,7,15,1,8,2,15,8,4,4,1,21,8,B03,120.648555,24.091283,2
2023,2,7,20,6,臺中市,南屯區,0,1,0,8,3,5,30,14,9,1,5,4,5,7,4,4,10,5,5,2,10,17,2,8,3,4,F01,7,9,8,20,1,16,,17,17,1,20,8,F01,120.622297,24.137502,2
2023,2,7,20,10,臺中市,北屯區,0,1,0,8,3,5,50,14,9,1,5,4,5,7,4,4,5,4,5,2,17,42,3,10,1,1,C03,7,15,1,10,2,13,12,42,42,1,5,8,C03,120.72445,24.176094,2
2023,2,7,20,20,臺中市,梧棲區,0,0,0,8,,,30,,,,,,,,,,,,,,,12,,,,,B12,,,1,,2,,,12,,1,9,,B12,120.534681,24.222215,3
2023,2,7,20,25,臺中市,大里區,0,1,0,7,3,5,80,14,9,1,5,4,5,7,4,4,1,3,5,1,20,13,2,9,1,1,B03,7,8,1,10,2,5,,13,13,1,22,9,B03,120.690704,24.098029,2
2023,2,7,20,28,臺中市,東區,0,0,0,,,,50,,,,,,,,,,,,,,,23,,,,,B03,,,1,,2,,,23,,1,5,,B03,120.710406,24.140854,3
2023,2,7,20,28,臺中市,北屯區,0,1,0,8,3,5,50,14,9,1,5,4,5,7,4,4,1,4,4,2,14,12,3,10,1,1,B03,7,2,1,8,2,3,,12,12,1,21,8,B03,120.662101,24.188776,2
2023,2,7,20,45,臺中市,西屯區,0,1,0,8,3,5,50,4,1,1,5,4,5,7,2,1,10,5,5,2,17,6,3,10,1,1,B03,7,5,1,8,2,6,,6,6,1,19,8,B03,120.637283,24.173182,2
2023,2,7,20,47,臺中市,南屯區,0,0,0,,,,50,,,,,,,,,,,,,,,12,,,,,B11,,,1,,1,,,12,,1,22,,B11,120.626536,24.115201,3
2023,2,7,20,49,臺中市,太平區,0,2,0,8,3,5,30,4,1,1,5,4,5,7,4,4,10,5,5,2,15,6,2,9,1,1,C03,7,9,1,9,2,12,,6,6,1,22,5,C03,120.732058,24.149797,2
2023,2,7,20,55,臺中市,南屯區,0,0,0,8,1,5,50,14,9,1,5,4,5,7,4,4,5,5,5,2,14,12,,,,,B12,,,1,,1,,,12,12,1,5,,B12,120.64814,24.152226,3
2023,2,7,20,58,臺中市,東區,0,1,0,8,3,5,50,4,1,1,5,4,5,7,1,1,10,5,5,2,15,25,3,10,1,1,B03,7,9,1,8,2,2,6,25,25,1,21,8,B03,120.700426,24.127161,2
2023,2,7,21,4,臺中市,大甲區,0,0,0,8,,,50,,,,,,,,,,,,,,,6,,,,,B03,,,1,,2,,,6,,1,4,,B03,120.62508,24.3489,3
2023,2,7,21,7,臺中市,西屯區,0,1,0,8,3,5,50,14,9,1,5,4,5,7,4,4,5,4,5,2,16,7,3,10,1,1,B03,7,7,1,8,1,4,,7,7,1,4,8,B03,120.652506,24.165638,2
2023,2,7,21,11,臺中市,南區,0,1,0,8,3,5,50,4,1,1,5,4,5,7,1,1,10,5,5,2,16,6,3,10,1,1,B03,7,6,1,8,2,2,6,6,6,1,21,8,B03,120.678278,24.133497,2
2023,2,7,21,15,臺中市,南區,0,0,0,8,,,50,,,,,,,,,,,,,,,23,,,,,B03,,,1,,2,,,23,,1,22,,B03,120.670095,24.119043,3
2023,2,7,21,15,臺中市,石岡區,0,0,0,8,,,70,,,,,,,,,,,,,,,23,,,,,B03,,,1,,2,,,23,,1,22,,B03,120.772057,24.274909,3
2023,2,7,21,26,臺中市,大雅區,0,2,0,8,3,5,50,3,1,1,5,4,5,7,1,1,1,4,4,1,16,6,3,10,1,1,B03,7,5,1,8,2,2,,6,6,1,22,8,B03,120.641408,24.229965,2
2023,2,7,21,32,臺中市,北屯區,0,1,0,8,3,5,50,14,9,1,5,4,5,7,4,4,4,3,5,2,13,23,2,9,1,1,C03,7,9,3,18,2,11,,23,23,1,22,8,C03,120.719227,24.176295,2
2023,2,7,21,32,臺中市,烏日區,0,0,0,8,,,60,,,,,,,,,,,,,,,23,,,,,B03,,,1,,2,,,23,,1,21,,B03,120.645449,24.110098,3
2023,2,7,22,8,臺中市,大里區,0,1,0,8,1,5,50,5,1,1,5,4,5,7,1,1,10,4,5,1,17,19,3,10,1,1,B12,7,1,1,8,2,2,,19,19,1,4,8,B12,120.695379,24.096936,2
2023,2,7,22,8,臺中市,后里區,0,1,0,8,3,5,30,3,1,1,5,4,5,7,4,4,4,5,5,1,16,6,3,10,1,1,B03,7,5,1,8,2,7,,6,6,1,21,8,B03,120.715736,24.327446,2
2023,2,7,22,10,臺中市,大里區,0,0,0,8,,,50,,,,,,,,,,,,,,,44,,,,,C03,,,1,,9,,,44,,1,22,,C03,120.691858,24.109473,3
2023,2,7,22,10,臺中市,大甲區,0,2,0,8,3,5,50,4,1,1,5,4,5,7,1,1,10,5,5,2,16,6,3,10,1,1,B03,7,5,1,8,2,1,,6,6,1,4,1,B03,120.627736,24.351331,2
2023,2,7,22,17,臺中市,南區,0,2,0,8,3,5,50,14,7,1,5,4,1,7,4,4,1,4,4,2,28,23,2,9,1,1,C03,7,9,1,10,2,11,,23,23,1,5,8,C03,120.677843,24.129763,2
2023,2,7,22,17,臺中市,豐原區,0,1,0,8,3,5,30,5,1,1,5,4,5,7,4,4,10,5,5,1,16,10,3,10,3,4,B03,7,11,1,8,2,7,,10,10,1,22,5,B03,120.714123,24.252843,2
2023,2,7,22,20,臺中市,東區,0,2,0,8,3,5,55,4,1,1,5,4,5,7,2,1,10,5,5,2,16,26,2,9,1,1,C03,7,5,1,10,2,12,,26,26,1,21,8,C03,120.701423,24.138635,2
2023,2,7,22,34,臺中市,北區,0,1,0,8,3,5,50,5,1,1,5,4,5,7,1,1,10,5,5,2,16,8,2,8,1,1,C03,7,5,1,10,2,13,14,8,8,1,22,8,C03,120.686252,24.15482,2
2023,2,7,22,52,臺中市,西區,0,1,0,8,4,5,50,4,1,1,5,4,5,7,1,1,10,5,5,2,18,42,2,9,1,1,C03,7,9,1,10,2,14,,42,42,1,21,8,C03,120.666333,24.152625,2
2023,2,7,22,55,臺中市,豐原區,0,1,0,8,3,5,50,4,1,1,5,4,5,7,1,1,10,5,5,2,17,6,3,10,1,1,B03,7,5,1,8,2,2,,6,6,1,22,8,B03,120.714363,24.251726,2
2023,2,7,23,10,臺中市,北屯區,0,0,0,8,,,40,,,,,,,,,,,,,,,12,,,,,B03,,,1,,2,,,12,12,1,5,,B03,120.661153,24.191124,3