年,月,日,時,分,縣市,區,死,受傷,2-30,天候,光線,道路類別,速限,道路型態,事故位置,路面鋪裝,路面狀態,路面缺陷,障礙物,視距,號誌種類,號誌動作,分向設施,快車道或一般車道間,快慢車道間,路面邊線,事故類型及型態,主要肇因,受傷程度,主要傷處,保護裝備,行動電話,當事者區分,車輛用途,當事者行動狀態,駕駛資格情形,駕駛執照種類,飲酒情形,車輛撞擊部位最初,車輛撞擊部位其他,肇事因素個別,肇事因素主要,肇事逃逸,職業,旅次目的,車種,GPS緯度,GPS經度,事故類別
2023,2,7,23,24,臺中市,北屯區,0,1,0,8,3,5,50,4,1,1,5,4,5,7,2,1,10,5,5,2,16,3,3,10,1,1,B03,7,6,1,8,2,2,,3,3,1,22,8,B03,120.686741,24.18553,2
2023,2,8,0,41,臺中市,西屯區,0,0,0,8,,,50,,,,,,,,,,,,,,,23,,,,,C03,,,1,,1,,,23,,1,22,,C03,120.644055,24.176337,3
2023,2,8,0,58,臺中市,北區,0,0,0,8,,,50,,,,,,,,,,,,,,,23,,,,,B03,,,1,,2,,,23,,1,5,,B03,120.674507,24.162862,3
2023,2,8,1,8,臺中市,北區,0,0,0,8,,,40,,,,,,,,,,,,,,,12,,,,,B02,,,1,,2,,,12,,1,22,,B02,120.675509,24.164901,3
2023,2,8,1,58,臺中市,后里區,0,0,0,8,3,5,50,3,13,1,5,4,5,7,4,4,9,5,5,1,29,23,3,10,1,1,B12,7,6,1,8,2,2,,23,23,1,21,8,B12,120.691703,24.30839,3
2023,2,8,2,38,臺中市,大里區,0,0,0,8,,,30,,,,,,,,,,,,,,,12,,,,,B03,,,3,,9,,,12,,1,5,,B03,120.706349,24.106553,3
2023,2,8,2,57,臺中市,西屯區,0,0,0,8,,,50,,,,,,,,,,,,,,,42,,,,,B03,,,1,,2,,,42,,2,21,,B03,120.638025,24.181103,3
2023,2,8,3,43,臺中市,西屯區,0,0,0,8,,,50,,,,,,,,,,,,,,,12,,,,,B03,,,1,,2,,,12,,1,22,,B03,120.609952,24.185993,3
2023,2,8,4,25,臺中市,西屯區,0,1,0,8,3,5,50,4,1,1,5,4,5,7,2,1,5,4,5,2,17,23,2,8,1,1,C03,7,12,1,10,2,14,,23,23,1,5,8,C03,120.646718,24.174873,2
2023,2,8,5,30,臺中市,南屯區,0,0,0,8,,,40,,,,,,,,,,,,,,,12,,,,,B12,,,1,,9,,,12,12,1,22,,B12,120.611916,24.136816,3
2023,2,8,5,33,臺中市,西屯區,0,0,0,8,,,50,,,,,,,,,,,,,,,6,,,,,B03,,,6,,2,,,6,,1,22,,B03,120.655601,24.199887,3
2023,2,8,5,42,臺中市,烏日區,0,0,0,8,,,30,,,,,,,,,,,,,,,7,,,,,B03,,,1,,2,,,7,,1,21,,B03,120.616381,24.112687,3
2023,2,8,5,55,臺中市,太平區,0,2,0,8,3,5,50,14,9,1,5,4,5,7,4,4,10,5,5,2,13,23,3,10,3,4,B03,7,9,3,18,8,5,,23,23,1,5,9,B03,120.714332,24.149282,2
2023,2,8,6,50,臺中市,梧棲區,0,0,0,8,,,50,,,,,,,,,,,,,,,23,,,,,B03,,,1,,2,,,23,,1,9,,B03,120.518329,24.238758,3
2023,2,8,6,52,臺中市,大肚區,0,0,0,8,,,50,,,,,,,,,,,,,,,23,,,,,B03,,,1,,2,,,23,,1,2,,B03,120.576145,24.118805,3
2023,2,8,7,0,臺中市,后里區,0,1,0,8,1,5,50,14,9,1,5,4,5,7,4,4,9,5,5,1,17,43,2,9,1,1,C03,7,9,1,10,2,12,,43,43,1,21,1,C03,120.714248,24.305014,2
2023,2,8,7,9,臺中市,霧峰區,0,2,0,8,1,5,50,14,9,1,5,4,5,7,4,4,5,5,5,2,17,26,2,9,3,4,C03,7,5,1,10,2,12,,26,26,1,12,8,C03,120.686916,24.053691,2
2023,2,8,7,13,臺中市,沙鹿區,0,2,0,8,1,5,50,11,9,1,5,4,5,7,4,4,9,5,5,1,16,23,2,8,1,1,C03,7,9,1,10,2,12,,23,23,1,22,9,C03,120.56746,24.195799,2
2023,2,8,7,14,臺中市,北屯區,0,2,0,8,1,5,50,4,1,1,5,4,5,7,1,1,10,5,5,2,16,6,2,9,1,1,C03,7,5,1,10,2,14,,6,6,1,4,8,C03,120.682896,24.19393,2
2023,2,8,7,17,臺中市,西屯區,0,1,0,8,1,5,50,4,1,1,5,4,5,7,1,1,10,5,5,2,16,6,3,10,1,1,B03,7,5,1,8,2,2,,6,6,1,22,8,B03,120.596586,24.168531,2
2023,2,8,7,24,臺中市,沙鹿區,0,0,0,8,,,70,,,,,,,,,,,,,,,16,,,,,B03,,,1,,2,,,16,16,1,21,,B03,120.606245,24.247272,3
2023,2,8,7,25,臺中市,豐原區,0,2,0,8,1,5,50,3,1,1,5,4,5,7,3,1,5,4,5,2,3,14,2,9,1,1,C03,7,9,1,10,2,11,,14,14,1,22,8,C03,120.71737,24.249465,2
2023,2,8,7,27,臺中市,大里區,0,1,0,8,1,5,40,4,1,1,5,4,5,7,1,1,10,5,5,2,16,23,3,10,3,4,B03,7,9,1,8,2,2,,23,23,1,3,8,B03,120.687707,24.09035,2
2023,2,8,7,28,臺中市,北屯區,0,0,0,8,,,50,,,,,,,,,,,,,,,23,,,,,B03,,,1,,1,,,23,,1,21,,B03,120.680075,24.201312,3
2023,2,8,7,31,臺中市,西屯區,0,0,0,8,,,50,,,,,,,,,,,,,,,7,,,,,B03,,,1,,1,,,7,,1,22,,B03,120.624818,24.181503,3
2023,2,8,7,33,臺中市,北屯區,0,1,0,8,1,5,50,14,9,1,5,4,5,7,4,4,1,4,5,2,16,23,2,9,1,1,C03,7,9,1,10,2,11,,23,23,1,22,8,C03,120.685748,24.17495,2
2023,2,8,7,33,臺中市,北屯區,0,0,0,8,,,40,,,,,,,,,,,,,,,23,,,,,B03,,,1,,1,,,23,,1,22,,B03,120.666954,24.192237,3
2023,2,8,7,34,臺中市,西屯區,0,1,0,7,1,5,50,3,1,1,5,4,5,7,4,4,1,4,5,2,17,6,3,10,3,4,B03,7,6,1,8,2,2,,6,6,1,22,9,B03,120.619803,24.184399,2
2023,2,8,7,35,臺中市,北屯區,0,1,0,8,1,5,30,3,1,1,5,4,5,7,4,4,10,5,5,2,16,6,3,10,1,1,B03,7,6,1,8,2,8,,6,6,1,21,8,B03,120.726246,24.15786,2
2023,2,8,7,40,臺中市,大雅區,0,1,0,8,1,5,50,4,2,1,5,4,5,7,2,1,10,4,5,1,17,16,3,10,1,1,C03,7,9,1,10,2,11,,16,16,1,22,9,C03,120.654629,24.226482,2
2023,2,8,7,40,臺中市,南區,0,1,0,8,1,5,50,3,1,1,5,4,5,7,4,4,10,5,5,2,13,23,2,9,1,1,C03,7,9,1,8,2,11,,23,23,1,22,8,C03,120.679262,24.126371,2
2023,2,8,7,45,臺中市,后里區,0,1,0,8,1,5,50,14,9,1,5,4,5,7,4,4,4,4,5,1,16,6,3,10,1,1,B12,7,10,1,8,2,8,,6,6,1,4,8,B12,120.732034,24.341648,2
2023,2,8,7,46,臺中市,大肚區,0,1,0,8,1,5,60,3,9,1,5,4,5,7,4,4,3,4,4,1,12,7,3,10,1,1,B03,7,8,1,8,2,7,,7,7,1,2,1,B03,120.542491,24.170102,2
2023,2,8,7,47,臺中市,北屯區,0,1,0,8,1,5,50,14,8,1,5,4,5,7,4,4,1,4,5,1,17,6,3,10,1,1,B03,7,15,1,8,4,2,,6,6,1,4,8,B03,120.680055,24.201581,2
2023,2,8,7,47,臺中市,梧棲區,0,0,0,,,,60,,,,,,,,,,,,,,,17,,,,,B02,,,1,,2,,,17,,1,4,,B02,120.534798,24.246947,3
2023,2,8,7,47,臺中市,神岡區,0,0,0,8,,,50,,,,,,,,,,,,,,,23,,,,,B03,,,1,,2,,,23,,1,22,,B03,120.656962,24.264158,3
2023,2,8,7,49,臺中市,西屯區,0,1,0,8,1,5,40,14,8,1,5,4,5,7,4,4,8,4,4,1,17,44,3,10,1,4,B03,7,9,1,8,2,3,,44,44,1,4,8,B03,120.583511,24.172421,2
2023,2,8,7,49,臺中市,沙鹿區,0,2,0,7,1,5,30,3,1,1,5,4,5,7,4,4,9,5,4,2,17,6,2,8,1,1,C03,7,5,1,10,2,14,,6,6,1,4,8,C03,120.577144,24.241304,2
2023,2,8,7,50,臺中市,大里區,0,3,0,8,1,5,30,4,1,1,5,4,5,7,4,4,9,5,5,2,16,6,2,9,1,1,C03,7,5,1,10,2,14,,6,6,1,11,8,C03,120.69123,24.089563,2
2023,2,8,7,50,臺中市,清水區,0,2,0,8,2,5,40,3,1,1,5,4,5,7,4,4,10,5,5,2,16,6,3,10,1,1,B03,7,6,1,8,2,4,,6,6,1,5,5,B03,120.581196,24.281589,2
2023,2,8,7,59,臺中市,西區,0,2,0,8,1,5,30,4,1,1,5,4,5,7,4,4,10,5,5,2,17,6,2,9,3,4,C03,7,6,1,10,2,14,,6,6,1,22,5,C03,120.669062,24.131501,2
2023,2,8,8,0,臺中市,太平區,0,2,0,8,1,5,30,3,1,1,5,4,5,7,4,4,10,5,5,1,11,5,2,9,1,1,C03,7,9,1,10,3,11,,5,5,1,22,8,C03,120.741604,24.153941,2
2023,2,8,8,4,臺中市,南屯區,0,0,0,8,,,50,,,,,,,,,,,,,,,23,,,,,B03,,,1,,1,,,23,,1,22,,B03,120.646713,24.138083,3
2023,2,8,8,4,臺中市,沙鹿區,0,0,0,8,,,50,,,,,,,,,,,,,,,12,,,,,B03,,,1,,2,,,12,,1,22,,B03,120.563676,24.213268,3
2023,2,8,8,5,臺中市,北屯區,0,0,0,8,,,50,,,,,,,,,,,,,,,12,,,,,G03,,,1,,2,,,12,,1,21,,G03,120.70284,24.178236,3
2023,2,8,8,5,臺中市,豐原區,0,2,0,8,1,5,30,4,1,1,5,4,5,3,4,4,10,5,5,2,15,6,2,8,1,1,C03,7,9,1,10,2,14,,6,6,1,22,8,C03,120.700752,24.243934,2
2023,2,8,8,9,臺中市,南屯區,0,1,0,8,1,5,50,4,1,1,5,4,5,7,2,1,1,5,5,2,16,25,3,10,1,1,B03,7,5,1,8,2,2,,25,25,1,22,8,B03,120.628746,24.151193,2
2023,2,8,8,9,臺中市,西屯區,0,0,0,8,,,50,,,,,,,,,,,,,,,43,,,,,,,,,,,,,43,,1,,,,120.64671,24.158865,3
2023,2,8,8,10,臺中市,北屯區,0,2,0,8,1,5,50,4,1,1,5,4,5,7,4,4,10,5,5,2,16,27,2,9,1,1,C03,7,5,1,10,2,14,,27,27,1,22,8,C03,120.660437,24.193489,2
2023,2,8,8,13,臺中市,西屯區,0,1,0,8,1,5,50,3,1,1,5,4,5,7,4,4,10,5,5,2,12,43,3,10,1,1,B03,7,6,1,8,2,6,,43,43,1,22,8,B03,120.646215,24.196112,2
2023,2,8,8,20,臺中市,西屯區,0,2,0,8,1,5,50,4,1,1,5,4,5,7,1,1,5,4,5,2,16,43,2,9,1,4,C03,7,8,1,10,2,13,,43,43,1,22,8,C03,120.656919,24.192456,2
2023,2,8,8,20,臺中市,梧棲區,0,0,0,8,,,50,,,,,,,,,,,,,,,16,,,,,B03,,,1,,2,,,16,,1,5,,B03,120.528821,24.22265,4
2023,2,8,8,23,臺中市,北屯區,0,1,0,8,1,5,50,3,1,1,5,4,5,7,2,1,10,5,5,2,17,23,2,9,1,1,C03,7,9,1,10,2,11,,23,23,1,21,8,C03,120.70204,24.16508,2
2023,2,8,8,25,臺中市,西區,0,2,0,8,1,5,50,11,7,1,5,4,5,7,4,4,1,4,4,2,13,16,2,9,1,1,C03,7,9,1,10,2,11,,16,16,1,22,8,C03,120.657422,24.153284,2
2023,2,8,8,25,臺中市,龍井區,0,0,0,,,,30,,,,,,,,,,,,,,,23,,,,,B03,,,1,,9,,,23,,1,5,,B03,120.591112,24.188105,3
2023,2,8,8,33,臺中市,大甲區,0,0,0,8,,,50,,,,,,,,,,,,,,,19,,,,,B03,,,1,,1,,,19,,1,9,,B03,120.622055,24.34902,3
2023,2,8,8,35,臺中市,霧峰區,0,2,0,8,1,5,60,14,13,1,5,4,5,7,4,4,1,4,4,1,14,12,3,10,3,4,B03,7,2,6,18,2,3,,12,12,1,12,8,B03,120.695878,24.014058,2
2023,2,8,8,41,臺中市,沙鹿區,0,0,0,8,,,60,,,,,,,,,,,,,,,23,,,,,B03,,,1,,2,,,23,,1,21,,B03,120.589756,24.250126,3
2023,2,8,8,44,臺中市,西區,0,1,0,8,1,5,50,14,8,1,5,4,5,7,4,4,5,4,4,2,16,7,3,10,1,1,B12,7,8,1,8,2,5,,7,7,1,22,8,B12,120.668121,24.137717,2
2023,2,8,8,44,臺中市,大里區,0,0,0,8,,,50,,,,,,,,,,,,,,,16,,,,,B03,,,1,,2,,,16,,1,5,,B03,120.664978,24.094665,3
2023,2,8,8,45,臺中市,大雅區,0,2,0,8,1,5,30,14,9,1,5,4,5,7,4,4,10,5,5,2,16,19,3,10,1,1,C03,7,1,1,11,2,11,,19,19,1,22,9,C03,120.669584,24.206233,2
2023,2,8,8,45,臺中市,霧峰區,0,0,0,8,,,40,,,,,,,,,,,,,,,23,,,,,A11,,,1,,2,,,23,,1,10,,A11,120.678028,24.073679,3
2023,2,8,8,45,臺中市,大里區,0,1,0,8,1,5,60,14,12,1,5,4,5,7,4,4,1,4,4,2,17,7,3,10,1,1,A11,7,8,1,1,2,15,,7,7,1,10,4,A11,120.668135,24.104451,2
2023,2,8,8,46,臺中市,西區,0,0,0,8,,,50,,,,,,,,,,,,,,,16,,,,,C03,,,4,,1,,,16,,1,21,,C03,120.668192,24.149007,3
2023,2,8,8,47,臺中市,北區,0,0,0,,,,50,,,,,,,,,,,,,,,23,,,,,C03,,,1,,1,,,23,,1,5,,C03,120.676099,24.159212,3
2023,2,8,8,52,臺中市,西屯區,0,0,0,8,,,50,,,,,,,,,,,,,,,42,,,,,C03,,,1,,1,,,42,42,1,22,,C03,120.639561,24.17497,3
2023,2,8,8,52,臺中市,西屯區,0,1,0,8,1,5,50,3,8,1,5,4,5,7,1,1,1,4,1,1,3,23,3,10,1,1,C03,7,9,1,10,2,15,,23,23,1,1,9,C03,120.627073,24.159661,2
2023,2,8,8,53,臺中市,大里區,0,1,0,8,1,5,50,3,1,1,5,4,5,7,4,4,10,5,5,1,16,8,3,10,1,1,C03,7,5,1,10,2,12,,8,8,1,5,8,C03,120.666225,24.094748,2
2023,2,8,8,55,臺中市,北屯區,0,1,0,8,1,5,30,3,1,1,5,4,5,7,4,4,10,5,5,2,16,6,3,10,1,1,C03,7,5,1,10,2,11,,6,6,1,21,8,C03,120.705758,24.171189,2
2023,2,8,8,55,臺中市,太平區,0,1,0,8,1,5,50,3,1,1,5,4,5,7,4,4,5,5,5,2,16,9,3,10,1,1,B03,7,6,1,8,2,2,,9,9,1,21,8,B03,120.713807,24.148204,2
2023,2,8,9,0,臺中市,豐原區,0,2,0,8,1,5,50,14,9,1,5,4,5,7,4,4,1,3,5,1,16,6,2,9,1,1,C03,7,6,1,10,2,11,,6,6,1,4,1,C03,120.726119,24.246816,2
2023,2,8,9,1,臺中市,東勢區,0,1,0,8,1,5,50,4,1,1,5,4,5,7,1,1,10,5,5,2,17,8,2,9,1,1,C03,7,5,6,18,2,14,,8,8,1,20,9,C03,120.822817,24.261675,2
2023,2,8,9,2,臺中市,北屯區,0,0,0,8,,,50,,,,,,,,,,,,,,,25,,,,,B12,,,1,,1,,,25,,1,22,,B12,120.721811,24.181854,3
2023,2,8,9,7,臺中市,西屯區,0,0,0,8,,,50,,,,,,,,,,,,,,,7,,,,,B03,,,1,,2,,,7,,1,4,,B03,120.641233,24.168206,3
2023,2,8,9,18,臺中市,潭子區,0,0,0,8,,,50,,,,,,,,,,,,,,,19,,,,,B11,,,1,,2,,,19,,1,21,,B11,120.692224,24.223448,3
2023,2,8,9,18,臺中市,西區,0,1,0,8,1,5,50,4,1,1,5,4,5,7,1,1,10,5,5,2,15,25,3,10,3,4,B12,7,9,1,8,2,2,,25,25,1,22,5,B12,120.670857,24.137521,2
2023,2,8,9,20,臺中市,北區,0,0,0,8,,,50,,,,,,,,,,,,,,,8,,,,,C03,,,1,,1,,,8,,1,22,,C03,120.681029,24.157933,3
2023,2,8,9,26,臺中市,北區,0,1,0,8,1,5,50,4,1,1,5,4,5,7,4,4,5,5,5,2,16,6,3,10,1,1,B03,7,9,1,8,2,2,,6,6,1,22,8,B03,120.679961,24.161631,2
2023,2,8,9,26,臺中市,北區,0,2,0,8,1,5,50,3,1,1,5,4,5,7,4,4,10,5,5,2,3,15,2,9,3,4,C03,7,9,1,10,2,11,,15,15,1,5,8,C03,120.698817,24.159085,2
2023,2,8,9,30,臺中市,潭子區,0,1,0,8,1,5,40,11,9,1,5,4,5,7,4,4,10,5,5,1,18,23,2,9,1,1,C03,7,9,1,10,2,11,,23,23,1,22,9,C03,120.711061,24.194115,2
2023,2,8,9,34,臺中市,東區,0,0,0,8,,,50,,,,,,,,,,,,,,,23,,,,,C03,,,1,,2,,,23,,1,22,,C03,120.700103,24.138881,3
2023,2,8,9,36,臺中市,大雅區,0,0,0,8,,,50,,,,,,,,,,,,,,,16,,,,,A41,,,1,,1,,,16,,1,22,,A41,120.641417,24.229975,4
2023,2,8,9,46,臺中市,沙鹿區,0,0,0,8,,,40,,,,,,,,,,,,,,,18,,,,,B03,,,1,,2,,,18,,1,22,,B03,120.564133,24.239398,3
2023,2,8,9,46,臺中市,沙鹿區,0,2,0,8,1,5,40,14,8,1,5,4,5,7,4,4,1,4,4,2,12,3,2,7,1,1,C03,7,9,1,10,2,12,,44,3,1,21,8,C03,120.569009,24.20187,2
2023,2,8,9,47,臺中市,南屯區,0,1,0,8,1,5,50,14,9,1,5,4,5,7,4,4,5,2,5,2,13,16,2,9,1,1,C03,7,9,1,10,2,11,,16,16,1,5,8,C03,120.650165,24.147263,2
2023,2,8,9,50,臺中市,北屯區,0,1,0,8,1,5,50,4,1,1,5,4,5,7,4,4,10,5,5,2,16,6,2,9,1,1,C03,7,5,1,10,2,12,,6,6,1,21,8,C03,120.713963,24.165197,2
2023,2,8,9,51,臺中市,南屯區,0,0,0,8,,,40,,,,,,,,,,,,,,,23,,,,,B12,,,1,,1,,,23,,1,22,,B12,120.631113,24.162031,3
2023,2,8,9,53,臺中市,西區,0,1,0,8,1,5,50,4,1,1,5,4,5,7,1,1,5,4,5,2,16,27,3,10,1,1,B01,7,6,1,4,11,6,,27,27,2,22,4,B01,120.662609,24.155678,2
2023,2,8,9,54,臺中市,太平區,0,0,0,8,,,50,,,,,,,,,,,,,,,23,,,,,B03,,,1,,2,,,23,,1,21,,B03,120.707435,24.159278,3
2023,2,8,9,57,臺中市,北區,0,0,0,8,,,40,,,,,,,,,,,,,,,12,,,,,C03,,,1,,1,,,12,,1,22,,C03,120.673008,24.16827,3
2023,2,8,9,58,臺中市,西屯區,0,2,0,8,1,5,50,14,9,1,5,4,5,7,4,4,5,4,5,2,12,7,2,9,1,1,C03,7,7,1,10,2,12,,7,7,1,22,8,C03,120.656239,24.199624,2
2023,2,8,9,58,臺中市,西屯區,0,0,0,8,,,50,,,,,,,,,,,,,,,23,,,,,B03,,,1,,2,,,23,,1,22,,B03,120.667485,24.174046,3
2023,2,8,10,9,臺中市,潭子區,0,1,0,8,1,5,30,3,2,1,5,4,5,7,4,4,10,5,5,2,11,44,3,10,1,1,B12,7,9,1,8,2,8,,44,5,1,7,8,B12,120.728652,24.215879,2
2023,2,8,10,15,臺中市,霧峰區,0,2,0,8,1,5,40,10,16,1,5,4,5,7,4,4,10,5,5,1,13,23,2,9,1,1,B03,7,9,1,8,2,1,,23,23,1,3,8,B03,120.663733,24.076683,2
2023,2,8,10,17,臺中市,西屯區,0,0,0,8,,,50,,,,,,,,,,,,,,,23,,,,,C03,,,1,,2,,,23,,1,22,,C03,120.658523,24.159557,3
2023,2,8,10,19,臺中市,東區,0,1,0,8,1,5,50,4,1,1,5,4,5,7,1,1,10,5,5,2,16,6,2,9,3,4,C03,7,5,1,10,2,12,,6,6,1,5,8,C03,120.693235,24.130661,2
2023,2,8,10,19,臺中市,烏日區,0,2,0,8,1,5,50,4,1,1,5,4,5,7,2,1,1,4,4,1,2,15,3,10,3,4,B12,7,5,1,8,2,1,,15,15,1,21,9,B12,120.638228,24.107728,2
2023,2,8,10,28,臺中市,西屯區,0,0,0,8,,,50,,,,,,,,,,,,,,,23,,,,,B03,,,1,,1,,,23,,1,1,,B03,120.633092,24.18279,3
2023,2,8,10,28,臺中市,大里區,0,0,0,8,,,30,,,,,,,,,,,,,,,42,,,,,A41,,,1,,2,,,42,,1,10,,A41,120.679933,24.096028,3
2023,2,8,10,28,臺中市,后里區,0,1,0,8,1,5,50,4,1,1,5,4,5,7,4,4,10,5,5,2,15,6,3,10,1,1,B03,7,9,1,8,2,8,,6,6,1,21,1,B03,120.72063,24.306349,2
2023,2,8,10,28,臺中市,神岡區,0,0,0,8,,,50,,,,,,,,,,,,,,,23,,,,,B03,,,1,,1,,,23,,1,22,,B03,120.677217,24.26524,3
2023,2,8,10,29,臺中市,神岡區,0,0,0,8,,,40,,,,,,,,,,,,,,,16,,,,,B03,,,1,,2,,,16,,1,22,,B03,120.695315,24.234702,3
2023,2,8,10,31,臺中市,西屯區,0,0,0,8,,,50,,,,,,,,,,,,,,,6,,,,,C03,,,1,,1,,,6,,1,22,,C03,120.663687,24.167127,3
2023,2,8,10,33,臺中市,南區,0,0,0,,,,50,,,,,,,,,,,,,,,23,,,,,A41,,,1,,2,,,23,,1,5,,A41,120.656633,24.119225,3
2023,2,8,10,34,臺中市,西區,0,1,0,8,1,5,50,14,7,1,5,4,5,7,4,4,3,2,4,2,17,26,3,10,3,4,B03,7,9,1,3,2,7,,26,26,1,22,5,B03,120.671324,24.145562,2
2023,2,8,10,40,臺中市,西區,0,0,0,8,,,50,,,,,,,,,,,,,,,23,,,,,B03,,,1,,2,,,23,,1,22,,B03,120.660665,24.156056,3
2023,2,8,10,40,臺中市,東勢區,0,1,0,8,1,5,50,3,1,1,5,4,5,7,4,4,10,5,5,2,12,8,3,10,1,1,B03,7,5,1,8,2,8,,8,8,1,22,9,B03,120.830752,24.253253,2
2023,2,8,10,43,臺中市,北區,0,0,0,,,,40,,,,,,,,,,,,,,,19,,,,,B03,,,1,,1,,,19,19,1,5,,B03,120.677477,24.153731,3
2023,2,8,10,43,臺中市,南區,0,0,0,8,,,30,,,,,,,,,,,,,,,23,,,,,B03,,,1,,2,,,23,,1,22,,B03,120.68222,24.121126,3
2023,2,8,10,45,臺中市,西屯區,0,0,0,8,,,50,,,,,,,,,,,,,,,23,,,,,B03,,,1,,1,,,23,,1,4,,B03,120.651426,24.166693,3
2023,2,8,10,47,臺中市,神岡區,0,1,0,8,1,5,50,14,9,1,5,4,5,7,4,4,9,4,4,1,17,19,2,9,1,4,C03,7,1,4,11,2,14,,19,19,1,22,9,C03,120.672638,24.254888,2
2023,2,8,10,52,臺中市,南區,0,0,0,8,,,50,,,,,,,,,,,,,,,16,,,,,B03,,,1,8,2,,,16,16,1,21,,B03,120.66595,24.127065,3
2023,2,8,10,53,臺中市,太平區,0,0,0,8,,,50,,,,,,,,,,,,,,,23,,,,,B12,,,1,,2,,,23,,1,22,,B12,120.710687,24.140888,3
2023,2,8,10,56,臺中市,南屯區,0,1,0,8,1,5,50,4,2,1,5,4,5,7,4,4,5,2,5,2,12,7,3,10,1,1,B03,7,8,1,8,1,6,,7,7,1,19,8,B03,120.635034,24.146362,2
2023,2,8,11,0,臺中市,東區,0,0,0,8,,,50,,,,,,,,,,,,,,,23,,,,,B12,,,1,,2,,,23,,1,22,,B12,120.710978,24.1427,3
2023,2,8,11,4,臺中市,西屯區,0,1,0,8,1,5,50,3,1,1,5,4,5,7,1,1,5,4,4,2,16,8,3,10,1,1,B12,7,5,1,8,2,1,,8,8,1,22,8,B12,120.663223,24.176319,2
2023,2,8,11,6,臺中市,大肚區,0,2,0,8,1,5,50,14,9,1,5,4,5,7,4,4,9,5,5,2,17,40,3,10,1,1,B03,7,14,1,8,2,4,,40,40,1,22,7,B03,120.578701,24.174068,2
2023,2,8,11,14,臺中市,大里區,0,2,0,8,1,5,50,14,9,1,5,4,5,7,4,4,9,5,5,1,3,53,2,9,4,5,H01,8,16,8,20,2,16,,53,53,1,6,8,H01,120.672828,24.104581,2
2023,2,8,11,17,臺中市,梧棲區,0,0,0,8,,,50,,,,,,,,,,,,,,,18,,,,,B12,,,1,,1,,,18,,1,3,,B12,120.529469,24.25446,4
2023,2,8,11,20,臺中市,烏日區,0,2,0,8,1,5,30,4,1,1,5,4,5,7,4,4,10,5,5,2,15,6,2,9,1,1,C03,7,9,1,10,2,12,,14,6,1,21,8,C03,120.635027,24.11043,2
2023,2,8,11,21,臺中市,大甲區,0,1,0,8,1,5,50,4,1,1,5,4,5,7,1,1,10,5,5,2,16,26,2,9,1,1,C03,7,9,1,10,2,14,,26,26,1,22,9,C03,120.621585,24.347778,2
2023,2,8,11,27,臺中市,太平區,0,0,0,8,,,30,,,,,,,,,,,,,,,6,,,,,F03,,,8,,2,,,6,,1,20,,F03,120.734765,24.147696,3
2023,2,8,11,28,臺中市,北屯區,0,1,0,8,1,5,40,14,8,1,5,4,5,7,4,4,1,4,4,2,18,23,2,9,1,1,C03,7,9,1,10,2,15,,23,23,1,22,8,C03,120.667492,24.180067,2
2023,2,8,11,30,臺中市,大里區,0,0,0,8,,,50,,,,,,,,,,,,,,,23,,,,,C03,,,1,,2,,,23,,1,12,,C03,120.691271,24.09196,3
2023,2,8,11,33,臺中市,豐原區,0,1,0,8,1,5,50,3,2,1,5,4,5,7,4,4,5,5,4,2,12,1,3,10,3,4,B03,7,4,1,8,2,2,,1,1,1,21,8,B03,120.721383,24.248966,2
2023,2,8,11,37,臺中市,西屯區,0,0,0,8,,,50,,,,,,,,,,,,,,,23,,,,,C03,,,1,,2,,,23,,1,22,,C03,120.608563,24.169594,3
2023,2,8,11,39,臺中市,北屯區,0,1,0,8,1,5,50,4,1,1,5,4,5,7,2,1,10,5,5,2,16,8,2,9,1,1,C03,7,5,1,10,2,14,,8,8,1,21,8,C03,120.704567,24.186493,2
2023,2,8,11,40,臺中市,東區,0,1,0,8,1,5,50,4,1,1,5,4,5,7,2,1,10,5,5,2,9,15,3,10,3,4,F03,7,5,8,20,2,16,,15,15,1,5,8,F03,120.692383,24.13883,2
2023,2,8,11,40,臺中市,霧峰區,0,0,0,8,,,40,,,,,,,,,,,,,,,23,,,,,B03,,,1,,2,,,23,,1,3,,B03,120.696874,24.06274,3
2023,2,8,11,44,臺中市,西屯區,0,2,0,8,1,5,50,4,1,1,5,4,5,7,1,1,5,5,5,2,17,43,2,9,1,1,C03,7,5,1,10,2,15,,43,43,1,1,9,C03,120.638827,24.180171,2
2023,2,8,11,50,臺中市,大甲區,0,2,0,8,1,5,30,4,1,1,5,4,5,7,4,4,10,5,5,2,16,6,2,9,1,1,C03,7,5,1,10,2,14,,6,6,1,22,9,C03,120.629917,24.343519,2
2023,2,8,11,51,臺中市,西區,0,0,0,,,,50,,,,,,,,,,,,,,,4,,,,,C03,,,1,,1,,,4,,1,21,,C03,120.658848,24.149878,3
2023,2,8,11,56,臺中市,西屯區,0,2,0,8,1,5,50,4,1,1,5,4,5,7,1,1,10,5,5,2,17,6,3,10,3,4,C03,7,5,1,10,2,13,,6,6,1,22,9,C03,120.647873,24.169797,2
2023,2,8,12,4,臺中市,南區,0,0,0,,,,30,,,,,,,,,,,,,,,12,,,,,B12,,,1,,1,,,12,,1,5,,B12,120.652658,24.111417,3
2023,2,8,12,16,臺中市,南屯區,0,0,0,,,,50,,,,,,,,,,,,,,,42,,,,,A42,,,1,,1,,,42,42,1,22,,A42,120.623033,24.140267,3
2023,2,8,12,22,臺中市,西區,0,1,0,8,1,5,30,4,1,1,5,4,5,7,4,4,10,5,5,2,15,6,2,9,1,1,C03,7,9,1,10,1,12,,6,6,1,22,8,C03,120.659533,24.15257,2