年,月,日,時,分,縣市,區,死,受傷,2-30,天候,光線,道路類別,速限,道路型態,事故位置,路面鋪裝,路面狀態,路面缺陷,障礙物,視距,號誌種類,號誌動作,分向設施,快車道或一般車道間,快慢車道間,路面邊線,事故類型及型態,主要肇因,受傷程度,主要傷處,保護裝備,行動電話,當事者區分,車輛用途,當事者行動狀態,駕駛資格情形,駕駛執照種類,飲酒情形,車輛撞擊部位最初,車輛撞擊部位其他,肇事因素個別,肇事因素主要,肇事逃逸,職業,旅次目的,車種,GPS緯度,GPS經度,事故類別
2023,2,8,12,22,臺中市,南屯區,0,0,0,8,,,50,,,,,,,,,,,,,,,23,,,,,B03,,,1,,2,,,23,23,1,22,,B03,120.651341,24.135956,3
2023,2,8,12,25,臺中市,大里區,0,0,0,8,,,50,,,,,,,,,,,,,,,23,,,,,C03,,,2,,9,,,23,23,2,5,,C03,120.692269,24.115141,3
2023,2,8,12,29,臺中市,南區,0,1,0,8,1,5,50,4,1,1,5,4,5,7,1,1,10,5,5,2,17,42,2,9,1,1,C03,7,9,1,10,2,11,,42,42,1,22,8,C03,120.67792,24.126552,2
2023,2,8,12,32,臺中市,大雅區,0,1,0,8,1,5,50,14,9,1,5,4,5,7,4,4,5,5,5,1,16,6,3,10,1,1,B03,7,5,1,8,2,2,,6,6,1,22,8,B03,120.656979,24.247116,2
2023,2,8,12,32,臺中市,新社區,0,1,0,8,1,5,30,3,1,1,5,4,5,7,4,4,10,5,4,2,16,19,3,10,1,1,B03,7,1,1,8,2,5,,19,19,1,20,9,B03,120.808014,24.248356,2
2023,2,8,12,38,臺中市,大肚區,0,0,0,,,,50,,,,,,,,,,,,,,,23,,,,,B03,,,1,,2,,,23,,1,22,,B03,120.54251,24.159863,3
2023,2,8,12,46,臺中市,西屯區,0,0,0,8,,,40,,,,,,,,,,,,,,,19,,,,,B03,,,1,,1,,,19,,1,4,,B03,120.607721,24.166938,3
2023,2,8,12,47,臺中市,北屯區,0,0,0,8,,,50,,,,,,,,,,,,,,,19,,,,,B03,,,1,,1,,,19,,1,21,,B03,120.686593,24.17187,3
2023,2,8,12,49,臺中市,龍井區,0,2,0,8,1,5,50,4,1,1,5,4,5,7,3,1,10,5,5,2,15,6,2,9,1,1,C03,7,9,1,10,2,12,,6,6,1,20,9,C03,120.550861,24.21607,2
2023,2,8,12,49,臺中市,豐原區,0,0,0,8,,,60,,,,,,,,,,,,,,,44,,,,,B12,,,1,,2,,,44,,1,5,,B12,120.710555,24.237262,3
2023,2,8,12,57,臺中市,西屯區,0,4,0,8,1,5,50,4,1,1,5,4,5,7,1,1,1,4,5,2,16,6,3,10,1,1,A04,7,5,1,2,2,8,,6,6,1,10,8,A04,120.64693,24.168943,2
2023,2,8,13,0,臺中市,烏日區,0,0,0,8,,,30,,,,,,,,,,,,,,,6,,,,,B03,,,1,,2,,,6,6,1,21,,B03,120.616684,24.113986,3
2023,2,8,13,5,臺中市,后里區,0,0,0,8,,,50,,,,,,,,,,,,,,,23,,,,,B03,,,1,,2,,,23,,1,22,,B03,120.730179,24.287629,3
2023,2,8,13,5,臺中市,豐原區,0,2,0,8,1,5,50,5,1,1,5,4,5,7,3,1,10,5,5,2,17,16,2,9,1,1,C03,7,9,1,10,2,14,,16,16,1,22,8,C03,120.716122,24.246787,2
2023,2,8,13,8,臺中市,大雅區,0,0,0,8,,,50,,,,,,,,,,,,,,,23,,,,,B03,,,1,,2,,,23,,1,22,,B03,120.65278,24.228589,3
2023,2,8,13,9,臺中市,南屯區,0,1,0,8,1,5,50,4,1,1,5,4,5,7,1,1,10,5,5,2,13,23,2,9,1,4,C03,7,9,1,10,2,11,,23,23,1,22,8,C03,120.640526,24.146869,2
2023,2,8,13,15,臺中市,北屯區,0,0,0,8,,,50,,,,,,,,,,,,,,,42,,,,,A11,,,1,,1,,,42,,1,22,,A11,120.678539,24.174056,3
2023,2,8,13,16,臺中市,大雅區,0,0,0,8,,,30,,,,,,,,,,,,,,,23,,,,,B12,,,1,,2,,,23,,1,21,,B12,120.646738,24.222107,3
2023,2,8,13,16,臺中市,南屯區,0,1,0,8,1,5,50,3,1,1,5,4,5,7,4,4,10,5,5,2,17,6,3,10,1,1,B03,7,6,1,8,2,15,,6,6,1,19,8,B03,120.616666,24.154918,2
2023,2,8,13,18,臺中市,西屯區,0,1,0,8,1,5,30,3,1,1,5,4,5,7,4,4,10,5,5,2,17,6,3,10,1,1,B03,7,9,1,8,2,1,,6,6,1,1,9,B03,120.650033,24.202523,2
2023,2,8,13,20,臺中市,西屯區,0,1,0,8,1,5,50,14,7,1,5,4,5,7,4,4,5,5,4,2,17,19,3,10,3,4,B03,7,1,1,8,2,1,,19,19,1,22,9,B03,120.664192,24.171869,2
2023,2,8,13,25,臺中市,西屯區,0,0,0,8,,,50,,,,,,,,,,,,,,,7,,,,,B03,,,1,,1,,,7,,1,4,,B03,120.644765,24.193908,3
2023,2,8,13,25,臺中市,龍井區,0,1,0,8,1,5,30,3,1,1,5,4,5,7,4,4,9,5,5,2,16,10,3,10,1,1,C03,7,9,1,10,2,11,,23,10,1,3,1,C03,120.58506,24.181873,2
2023,2,8,13,27,臺中市,北屯區,0,0,0,8,,,50,,,,,,,,,,,,,,,16,,,,,B03,,,1,,1,,,16,,1,20,,B03,120.692848,24.16292,3
2023,2,8,13,27,臺中市,石岡區,0,1,0,8,1,5,70,4,2,1,5,4,5,7,1,1,1,2,5,1,13,26,2,8,1,1,B03,7,8,1,8,2,3,,26,26,1,21,9,B03,120.77389,24.27478,2
2023,2,8,13,28,臺中市,西屯區,0,0,0,8,,,50,,,,,,,,,,,,,,,23,,,,,A31,,,1,,1,,,23,23,1,10,,A31,120.587355,24.171928,3
2023,2,8,13,28,臺中市,大里區,0,1,0,8,1,5,30,4,1,1,5,4,5,7,3,1,10,5,5,2,15,6,2,9,1,1,C03,7,9,1,10,2,12,,6,6,1,22,8,C03,120.676483,24.101973,2
2023,2,8,13,31,臺中市,南區,0,0,0,8,,,30,,,,,,,,,,,,,,,18,,,,,B03,,,1,8,2,,,18,18,1,21,,B03,120.670824,24.128077,3
2023,2,8,13,33,臺中市,北屯區,0,0,0,8,,,50,,,,,,,,,,,,,,,23,,,,,A02,,,1,,2,,,23,,1,10,,A02,120.692283,24.162171,3
2023,2,8,13,36,臺中市,南屯區,0,0,0,,,,50,,,,,,,,,,,,,,,12,,,,,B03,,,1,,1,,,12,,1,4,,B03,120.641686,24.148786,3
2023,2,8,13,43,臺中市,北區,0,1,0,8,1,5,50,3,1,1,5,4,5,7,4,4,5,5,4,2,16,6,3,10,1,1,B03,7,5,1,8,1,6,,6,6,1,22,8,B03,120.675883,24.172975,2
2023,2,8,13,43,臺中市,西屯區,0,2,0,8,1,5,50,14,9,1,5,4,5,7,4,4,1,4,5,2,13,16,3,10,1,1,B03,7,9,1,8,2,1,,16,16,1,22,8,B03,120.653549,24.167907,2
2023,2,8,13,43,臺中市,太平區,0,1,0,8,1,5,40,12,9,1,5,4,5,7,4,4,4,5,5,1,18,23,2,9,1,1,C03,7,9,1,10,2,14,,23,23,1,22,8,C03,120.817175,24.089023,2
2023,2,8,13,48,臺中市,大里區,0,1,0,8,1,5,30,3,1,1,5,4,5,7,4,4,10,5,5,1,16,8,3,10,1,1,B02,7,5,1,8,2,5,,8,8,1,5,8,B02,120.680738,24.09503,2
2023,2,8,13,50,臺中市,潭子區,0,1,0,8,1,5,50,3,2,1,5,4,5,7,4,4,9,4,5,1,9,23,3,10,1,1,B03,7,5,1,8,2,1,,23,23,1,22,8,B03,120.697443,24.205305,2
2023,2,8,13,54,臺中市,西屯區,0,2,0,8,1,5,50,3,1,1,5,4,5,7,4,4,5,5,5,2,16,6,2,8,1,1,C03,7,11,1,10,2,12,,6,6,1,22,8,C03,120.64345,24.176626,2
2023,2,8,14,0,臺中市,北屯區,0,1,0,8,1,5,50,4,1,1,5,4,5,7,1,1,10,5,5,2,16,9,3,10,1,1,B03,7,6,1,8,2,5,,9,9,1,22,8,B03,120.693399,24.167284,2
2023,2,8,14,1,臺中市,西區,0,2,0,8,1,5,50,3,1,1,5,4,5,7,4,4,3,4,5,2,17,6,3,10,1,1,B03,7,6,3,18,2,5,,6,6,1,5,8,B03,120.673989,24.148208,2
2023,2,8,14,2,臺中市,潭子區,0,0,0,8,,,50,,,,,,,,,,,,,,,16,,,,,B03,,,1,,2,,,16,,1,22,,B03,120.717781,24.197709,3
2023,2,8,14,10,臺中市,中區,0,1,0,8,1,5,50,4,1,1,5,4,5,7,4,4,10,5,5,2,17,9,3,10,3,4,B12,7,6,1,8,2,2,,9,9,1,22,5,B12,120.680278,24.146621,2
2023,2,8,14,14,臺中市,西區,0,0,0,8,,,50,,,,,,,,,,,,,,,23,,,,,B03,,,1,,1,,,23,,1,22,,B03,120.662211,24.140168,3
2023,2,8,14,14,臺中市,南屯區,0,0,0,,,,50,,,,,,,,,,,,,,,23,,,,,B03,,,1,,1,,,23,,1,4,,B03,120.622694,24.140598,3
2023,2,8,14,15,臺中市,清水區,0,0,0,8,,,30,,,,,,,,,,,,,,,23,,,,,B12,,,1,,2,,,23,,1,22,,B12,120.616795,24.290223,3
2023,2,8,14,22,臺中市,南區,0,1,0,8,1,5,50,14,7,1,5,4,5,7,4,4,1,4,5,2,23,23,2,9,1,1,B03,7,9,1,8,2,8,,23,23,1,22,8,B03,120.678537,24.128182,2
2023,2,8,14,27,臺中市,西屯區,0,1,0,8,1,5,40,14,8,1,5,4,5,7,4,4,1,4,1,1,12,6,3,10,1,1,B03,7,6,1,8,2,2,,6,6,1,1,9,B03,120.615946,24.182604,2
2023,2,8,14,28,臺中市,豐原區,0,1,0,8,1,5,50,14,7,1,5,4,5,7,4,4,5,5,4,2,18,42,2,9,1,1,C03,7,9,1,10,2,15,,42,42,1,22,8,C03,120.718419,24.25043,2
2023,2,8,14,31,臺中市,神岡區,0,0,0,8,,,30,,,,,,,,,,,,,,,17,,,,,B12,,,1,,1,,,17,,1,22,,B12,120.675501,24.269235,3
2023,2,8,14,33,臺中市,沙鹿區,0,2,0,8,1,5,40,14,8,1,5,4,5,7,4,4,1,5,1,2,17,19,2,8,1,1,C03,7,1,1,10,2,14,,19,19,1,21,9,C03,120.553114,24.218958,2
2023,2,8,14,34,臺中市,北屯區,0,0,0,8,,,50,,,,,,,,,,,,,,,7,,,,,B03,,,1,,1,,,7,7,1,22,,B03,120.664118,24.185722,3
2023,2,8,14,37,臺中市,和平區,0,3,0,8,1,5,30,13,9,1,5,4,5,7,4,4,10,5,5,1,20,44,2,7,2,1,C03,7,9,2,18,3,11,,44,44,1,15,8,C03,120.977168,24.174012,2
2023,2,8,14,38,臺中市,太平區,0,2,0,8,1,5,50,3,1,1,5,4,5,7,4,4,10,5,5,2,16,6,2,9,1,1,C03,7,5,1,10,2,12,,6,6,1,19,8,C03,120.703638,24.148163,2
2023,2,8,14,43,臺中市,清水區,0,1,0,8,1,5,50,4,1,1,5,4,5,7,3,1,5,5,5,2,15,6,2,1,1,1,B11,7,9,1,8,2,8,,6,6,1,21,8,B11,120.575186,24.271905,2
2023,2,8,14,44,臺中市,太平區,0,7,0,8,1,5,80,14,9,1,5,4,5,7,4,4,5,5,5,1,13,23,2,9,1,1,B03,7,9,1,8,2,1,,23,23,1,21,8,B03,120.708027,24.132981,2
2023,2,8,14,49,臺中市,北區,0,0,0,8,,,50,,,,,,,,,,,,,,,23,,,,,A04,,,1,,1,,,23,,1,22,,A04,120.684959,24.163826,3
2023,2,8,14,50,臺中市,東區,0,0,0,8,,,50,,,,,,,,,,,,,,,6,,,,,C03,,,1,,2,,,6,,1,22,,C03,120.660721,24.130104,3
2023,2,8,14,58,臺中市,西屯區,0,7,0,8,1,5,50,14,9,1,5,4,5,7,4,4,1,4,5,2,17,50,3,10,3,4,B03,7,9,1,8,2,1,,50,50,1,22,9,B03,120.649939,24.163302,2
2023,2,8,15,2,臺中市,西區,0,0,0,,,,50,,,,,,,,,,,,,,,12,,,,,B03,,,1,,1,,,12,,1,20,,B03,120.656869,24.150248,3
2023,2,8,15,5,臺中市,太平區,0,1,0,8,1,5,50,5,1,1,5,4,5,7,4,4,10,5,5,2,16,6,3,10,1,1,B02,7,5,1,8,2,1,,6,6,1,22,8,B02,120.70454,24.155925,2
2023,2,8,15,7,臺中市,北屯區,0,0,0,8,,,80,,,,,,,,,,,,,,,7,,,,,B03,,,1,,1,,,7,,1,22,,B03,120.7157,24.164801,3
2023,2,8,15,9,臺中市,后里區,0,0,0,8,1,5,50,3,1,1,5,4,5,7,4,4,1,4,5,1,16,6,3,10,1,1,B12,7,9,1,7,2,7,,6,6,1,21,8,B12,120.708448,24.326448,3
2023,2,8,15,10,臺中市,大雅區,0,0,0,8,,,30,,,,,,,,,,,,,,,23,,,,,B03,,,1,,2,,,23,,1,21,,B03,120.647592,24.225071,3
2023,2,8,15,11,臺中市,西區,0,2,0,8,1,5,50,4,1,1,5,4,5,7,4,4,5,5,5,2,16,6,2,9,3,4,C03,7,9,1,10,2,12,,6,6,1,21,8,C03,120.672067,24.15224,2
2023,2,8,15,12,臺中市,大肚區,0,0,0,8,,,50,,,,,,,,,,,,,,,42,,,,,A12,,,1,,2,,,42,,1,10,,A12,120.579003,24.168786,3
2023,2,8,15,14,臺中市,南屯區,0,1,0,8,1,5,40,14,8,1,5,4,5,7,4,4,5,4,4,2,13,23,3,10,1,4,C03,7,9,1,10,2,11,,23,23,1,22,8,C03,120.652605,24.144904,2
2023,2,8,15,17,臺中市,豐原區,0,1,0,8,1,5,50,14,8,1,5,4,5,7,1,1,4,4,4,2,16,6,3,10,1,1,B03,7,6,1,8,2,2,,6,6,1,19,5,B03,120.71543,24.239311,2
2023,2,8,15,20,臺中市,西屯區,0,0,0,8,,,30,,,,,,,,,,,,,,,23,,,,,C03,,,1,,2,,,23,,1,22,,C03,120.649597,24.176636,3
2023,2,8,15,23,臺中市,南屯區,0,1,0,8,1,5,50,4,1,1,5,4,5,7,2,1,1,4,5,2,13,44,3,10,3,4,B12,7,6,1,8,2,15,,44,44,1,4,9,B12,120.628366,24.144906,2
2023,2,8,15,23,臺中市,北屯區,0,0,0,8,,,30,,,,,,,,,,,,,,,17,,,,,B03,,,1,,2,,,17,,1,21,,B03,120.701945,24.167273,3
2023,2,8,15,24,臺中市,西區,0,3,0,8,1,5,50,14,8,1,5,4,5,7,4,4,1,4,4,2,17,42,2,9,2,1,F01,7,1,8,20,1,16,,42,42,1,14,8,F01,120.657475,24.143397,2
2023,2,8,15,25,臺中市,北屯區,0,1,0,8,1,5,50,3,1,1,5,4,5,7,4,4,10,5,5,2,16,6,3,10,1,1,B03,7,5,1,8,2,8,,6,6,1,21,8,B03,120.684383,24.170163,2
2023,2,8,15,28,臺中市,豐原區,0,1,0,8,1,5,50,3,1,1,5,4,5,7,4,4,5,5,5,2,16,10,3,10,3,4,B03,7,11,1,8,2,8,,10,10,1,19,8,B03,120.725431,24.24323,2
2023,2,8,15,30,臺中市,潭子區,0,0,0,8,,,50,,,,,,,,,,,,,,,23,,,,,B03,,,1,,2,,,23,,1,22,,B03,120.705933,24.201525,3
2023,2,8,15,32,臺中市,沙鹿區,0,1,0,7,1,5,30,14,9,1,5,4,5,7,4,4,10,5,5,2,19,23,2,6,3,4,B03,7,15,1,8,7,8,,23,23,1,22,9,B03,120.598819,24.233001,2
2023,2,8,15,38,臺中市,大雅區,0,2,0,8,1,5,50,4,2,1,5,4,5,7,1,1,1,4,4,1,16,6,3,10,1,1,A12,7,6,1,2,2,2,,6,6,1,22,8,A12,120.650004,24.212713,2
2023,2,8,15,40,臺中市,沙鹿區,0,1,0,8,1,5,50,14,8,1,5,4,5,7,1,1,1,3,1,1,18,23,2,9,1,1,C03,7,21,1,10,2,14,,23,23,1,22,8,C03,120.581421,24.209662,2
2023,2,8,15,42,臺中市,梧棲區,0,0,0,8,,,50,,,,,,,,,,,,,,,16,,,,,B12,,,1,,1,,,16,,1,20,,B12,120.535135,24.246361,3
2023,2,8,15,44,臺中市,霧峰區,0,1,0,8,1,5,50,14,22,1,5,4,5,7,4,4,10,5,5,2,17,26,2,8,1,1,C03,7,1,1,10,2,11,,19,26,1,22,8,C03,120.699103,24.069552,2
2023,2,8,15,45,臺中市,東區,0,2,0,8,1,5,50,3,1,1,5,4,5,7,4,4,1,4,5,2,12,7,2,9,1,1,B01,7,8,1,4,2,2,,7,7,1,10,8,B01,120.686281,24.144579,2
2023,2,8,15,46,臺中市,豐原區,0,0,0,8,,,50,,,,,,,,,,,,,,,19,,,,,C03,,,1,,2,,,19,,1,19,,C03,120.708435,24.246019,4
2023,2,8,15,47,臺中市,大里區,0,1,0,8,1,5,50,5,1,1,5,4,5,7,2,1,1,4,5,1,12,9,3,10,1,1,B03,7,6,1,8,2,2,,9,9,1,22,8,B03,120.681082,24.104827,2
2023,2,8,15,51,臺中市,烏日區,0,0,0,8,,,30,,,,,,,,,,,,,,,23,,,,,B03,,,1,,2,,,23,23,1,21,,B03,120.618043,24.110884,3
2023,2,8,15,55,臺中市,東區,0,0,0,,,,50,,,,,,,,,,,,,,,19,,,,,B03,,,1,,2,,,19,,1,5,,B03,120.688574,24.136749,3
2023,2,8,16,0,臺中市,南屯區,0,1,0,8,1,5,50,4,1,1,5,4,5,7,1,1,10,5,5,2,16,6,3,10,1,1,B03,7,6,1,8,2,2,,6,6,1,5,8,B03,120.654595,24.135338,2
2023,2,8,16,1,臺中市,北屯區,0,0,0,8,,,50,,,,,,,,,,,,,,,23,,,,,B03,,,1,,11,,,23,,1,21,,B03,120.72425,24.180361,3
2023,2,8,16,10,臺中市,西屯區,0,0,0,8,,,80,,,,,,,,,,,,,,,42,,,,,B03,,,1,,2,,,42,,1,22,,B03,120.662613,24.200663,3
2023,2,8,16,13,臺中市,北屯區,0,0,0,8,,,80,,,,,,,,,,,,,,,23,,,,,A11,,,1,1,2,,,23,23,1,21,,A11,120.720397,24.165352,3
2023,2,8,16,15,臺中市,北區,0,1,0,8,1,5,50,3,1,1,5,4,5,7,1,1,5,3,4,2,16,10,3,10,1,1,B03,7,11,1,8,2,6,,10,10,1,22,8,B03,120.689316,24.146877,2
2023,2,8,16,16,臺中市,北屯區,0,2,0,8,1,5,30,4,1,1,5,4,5,7,4,4,10,5,5,2,15,6,2,9,1,1,C03,7,9,1,10,2,11,,14,6,1,4,8,C03,120.6704,24.1824,2
2023,2,8,16,19,臺中市,豐原區,0,1,0,8,1,5,30,3,1,1,5,4,5,7,4,4,10,5,5,2,16,6,2,9,1,4,C03,7,5,1,10,2,12,,6,6,1,20,8,C03,120.748825,24.25424,2
2023,2,8,16,22,臺中市,西區,0,1,0,8,1,5,50,4,1,1,5,4,5,7,1,1,10,5,5,2,15,25,3,10,3,4,B01,7,9,1,4,2,7,,25,25,1,10,5,B01,120.664161,24.13927,2
2023,2,8,16,24,臺中市,南屯區,0,1,0,8,1,5,50,14,9,1,5,4,5,7,4,4,9,5,5,2,9,4,3,10,4,5,H01,8,16,8,20,10,15,,53,4,1,14,8,H01,120.65264,24.139438,2
2023,2,8,16,27,臺中市,西屯區,0,0,0,8,,,50,,,,,,,,,,,,,,,23,,,,,B12,,,1,,1,,,23,,1,4,,B12,120.641414,24.186231,3
2023,2,8,16,30,臺中市,梧棲區,0,0,0,8,,,70,,,,,,,,,,,,,,,7,,,,,A11,,,1,,2,,,7,7,1,10,,A11,120.548283,24.236144,3
2023,2,8,16,32,臺中市,霧峰區,0,2,0,8,1,5,50,8,9,1,5,4,5,7,4,4,3,4,5,1,17,30,3,10,1,1,C03,7,9,3,18,2,13,,30,30,1,4,8,C03,120.699005,24.078587,2
2023,2,8,16,33,臺中市,豐原區,0,0,0,8,,,50,,,,,,,,,,,,,,,42,,,,,B03,,,1,,2,,,42,,1,19,,B03,120.701868,24.251475,4
2023,2,8,16,39,臺中市,太平區,0,1,0,8,1,5,50,4,1,1,5,4,5,7,4,4,10,5,5,2,16,19,2,9,1,1,C04,7,1,3,18,9,14,,19,19,1,19,8,C04,120.705007,24.159455,2
2023,2,8,16,42,臺中市,西區,0,1,0,8,1,5,40,14,8,1,5,4,5,7,4,4,1,5,1,2,13,23,3,10,1,1,B01,7,9,1,4,2,1,,23,23,1,10,8,B01,120.663594,24.154763,2
2023,2,8,16,45,臺中市,西區,0,1,0,8,1,5,50,4,1,1,5,4,5,7,4,4,10,5,5,2,15,6,3,10,1,1,C03,7,9,1,10,2,11,,14,6,1,20,8,C03,120.65968,24.150118,2
2023,2,8,16,47,臺中市,大雅區,0,2,0,8,1,5,50,3,1,1,5,4,5,7,4,4,5,5,5,1,17,23,2,9,1,1,C03,7,9,1,10,2,11,,23,23,1,21,8,C03,120.646628,24.229269,2
2023,2,8,16,50,臺中市,大雅區,0,1,0,8,1,5,50,14,9,1,5,4,5,7,4,4,1,4,5,1,27,23,2,9,1,1,C03,7,9,1,10,2,11,,23,23,1,22,9,C03,120.640832,24.230677,2
2023,2,8,16,50,臺中市,豐原區,0,1,0,8,1,5,50,3,1,1,5,4,5,7,4,4,5,5,5,2,16,6,2,7,1,1,C03,7,5,1,10,2,12,,6,6,1,19,8,C03,120.719938,24.252051,2
2023,2,8,16,52,臺中市,北區,0,0,0,,,,40,,,,,,,,,,,,,,,6,,,,,B03,,,1,,2,,,6,,1,21,,B03,120.676355,24.155565,3
2023,2,8,16,52,臺中市,南屯區,0,0,0,8,,,50,,,,,,,,,,,,,,,16,,,,,B12,,,1,,1,,,16,,1,22,,B12,120.648344,24.140253,3
2023,2,8,16,57,臺中市,西屯區,0,0,0,8,,,50,,,,,,,,,,,,,,,23,,,,,C03,,,3,,1,,,23,,1,4,,C03,120.636893,24.163641,3
2023,2,8,17,0,臺中市,太平區,0,0,0,8,,,50,,,,,,,,,,,,,,,12,,,,,B12,,,1,,2,,,12,,1,5,,B12,120.710037,24.122764,3
2023,2,8,17,0,臺中市,神岡區,0,2,0,8,1,5,30,3,1,1,5,4,5,7,4,4,10,5,5,1,17,5,2,9,1,1,C03,7,6,1,10,2,11,,5,5,1,21,8,C03,120.690213,24.263805,2
2023,2,8,17,2,臺中市,烏日區,0,1,0,8,1,5,30,4,1,1,5,4,5,3,4,4,10,5,5,2,15,6,2,1,1,1,C03,7,9,1,10,2,11,,6,6,1,21,9,C03,120.629898,24.103255,2
2023,2,8,17,3,臺中市,南屯區,0,1,0,8,2,5,50,4,1,1,5,4,5,7,4,4,5,2,5,2,15,6,2,9,3,4,C03,7,9,1,10,2,11,,6,6,1,4,9,C03,120.612791,24.148444,2
2023,2,8,17,3,臺中市,太平區,0,1,0,8,1,5,50,3,1,1,5,4,5,7,4,4,10,5,5,2,16,42,2,7,1,1,C03,7,9,1,10,2,12,,42,42,1,21,8,C03,120.715397,24.13694,2
2023,2,8,17,4,臺中市,東區,0,3,0,8,1,5,30,4,1,1,5,4,5,7,4,4,10,5,5,2,15,6,2,9,1,1,C03,7,9,1,10,2,14,,6,6,1,21,8,C03,120.697162,24.139603,2
2023,2,8,17,4,臺中市,北屯區,0,0,0,8,,,50,,,,,,,,,,,,,,,7,,,,,B03,,,1,,1,,,7,,1,18,,B03,120.686,24.1802,3
2023,2,8,17,6,臺中市,西屯區,0,1,0,8,1,5,50,4,1,1,5,4,5,7,1,1,10,5,5,2,18,42,2,7,3,4,C03,7,9,1,10,2,12,,42,42,1,22,8,C03,120.637109,24.185848,2
2023,2,8,17,8,臺中市,西屯區,0,1,0,8,1,5,40,4,1,1,5,4,5,7,1,1,1,3,1,2,16,43,2,9,1,1,C03,7,9,1,10,2,14,,43,43,1,22,9,C03,120.646454,24.164454,2
2023,2,8,17,9,臺中市,豐原區,0,1,0,8,1,5,40,3,2,1,5,4,5,7,4,4,10,5,5,1,18,42,2,9,1,1,C03,7,9,1,10,1,11,,42,42,1,22,8,C03,120.704577,24.231937,2
2023,2,8,17,10,臺中市,南區,0,0,0,8,,,50,,,,,,,,,,,,,,,12,,,,,B03,,,1,,2,,,12,,1,22,,B03,120.659208,24.113265,3
2023,2,8,17,10,臺中市,太平區,0,0,0,8,,,50,,,,,,,,,,,,,,,23,,,,,B03,,,1,,1,,,23,,1,5,,B03,120.710665,24.141913,3
2023,2,8,17,10,臺中市,龍井區,0,0,0,8,,,30,,,,,,,,,,,,,,,42,,,,,B03,,,7,,11,,,42,42,1,22,,B03,120.588834,24.181841,3
2023,2,8,17,13,臺中市,大里區,0,0,0,8,,,50,,,,,,,,,,,,,,,12,,,,,B12,,,1,,2,,,44,12,1,21,,B12,120.66196,24.09673,3
2023,2,8,17,15,臺中市,大雅區,0,0,0,8,,,50,,,,,,,,,,,,,,,19,,,,,B02,,,1,,9,,,19,19,1,22,,B02,120.650343,24.220149,3
2023,2,8,17,15,臺中市,東區,0,0,0,8,1,5,50,14,7,1,5,4,5,7,4,4,5,4,4,2,13,16,3,10,1,1,B03,7,9,1,8,1,1,,16,16,1,22,8,B03,120.708048,24.136086,3
2023,2,8,17,15,臺中市,西屯區,0,0,0,8,,,50,,,,,,,,,,,,,,,23,,,,,B03,,,1,,1,,,23,,1,22,,B03,120.595243,24.170606,3
2023,2,8,17,16,臺中市,沙鹿區,0,0,0,8,,,50,,,,,,,,,,,,,,,23,,,,,B03,,,1,,2,,,23,,1,22,,B03,120.559596,24.23723,4
2023,2,8,17,17,臺中市,潭子區,0,2,0,8,1,5,60,4,1,1,5,4,5,7,1,1,10,5,5,2,17,23,2,9,1,1,C03,7,9,1,10,2,11,,23,16,1,22,8,C03,120.705573,24.19936,2
2023,2,8,17,18,臺中市,西區,0,0,0,8,1,5,50,4,1,1,5,4,5,7,1,1,10,5,5,2,17,42,,,,,B03,,,1,,2,,,42,,1,4,,B03,120.663182,24.156542,3
2023,2,8,17,18,臺中市,南屯區,0,0,0,8,,,50,,,,,,,,,,,,,,,23,,,,,B03,,,1,,2,,,23,,1,5,,B03,120.647448,24.150993,3
2023,2,8,17,20,臺中市,西屯區,0,0,0,8,,,30,,,,,,,,,,,,,,,12,,,,,B12,,,1,,1,,,12,,1,4,,B12,120.65944,24.165225,3
2023,2,8,17,23,臺中市,后里區,0,0,0,8,,,50,,,,,,,,,,,,,,,23,,,,,C03,,,1,,2,,,23,,1,22,,C03,120.722739,24.310474,3
2023,2,8,17,26,臺中市,大雅區,0,0,0,8,,,50,,,,,,,,,,,,,,,23,,,,,C03,,,1,,2,,,23,,1,21,,C03,120.645429,24.221915,3
2023,2,8,17,28,臺中市,北區,0,1,0,8,1,5,40,14,7,1,5,4,5,7,4,4,5,5,4,2,17,19,3,10,1,1,B11,7,1,1,4,2,15,,19,19,1,22,9,B11,120.68302,24.15946,2
2023,2,8,17,28,臺中市,神岡區,0,0,0,8,,,50,,,,,,,,,,,,,,,12,,,,,B03,,,1,,2,,,12,,1,22,,B03,120.681989,24.26808,3
2023,2,8,17,30,臺中市,潭子區,0,0,0,8,,,60,,,,,,,,,,,,,,,23,,,,,C03,,,1,,2,,,23,,1,22,,C03,120.686781,24.210318,3
2023,2,8,17,30,臺中市,南區,0,0,0,,,,50,,,,,,,,,,,,,,,6,,,,,C03,,,1,,2,,,6,,1,5,,C03,120.651738,24.120988,3
2023,2,8,17,30,臺中市,南區,0,1,0,8,3,5,50,3,2,1,5,4,5,7,4,4,5,5,5,2,16,6,3,10,1,1,C03,7,11,1,10,2,13,,6,6,1,21,8,C03,120.66056,24.116186,2
2023,2,8,17,30,臺中市,北屯區,0,0,0,8,,,80,,,,,,,,,,,,,,,23,,,,,B03,,,1,8,2,,,23,23,1,21,,B03,120.72255,24.189755,3
2023,2,8,17,30,臺中市,和平區,0,0,0,8,,,50,,,,,,,,,,,,,,,23,,,,,B03,,,1,,1,,,23,23,1,22,,B03,120.890597,24.173716,3