年,月,日,時,分,縣市,區,死,受傷,2-30,天候,光線,道路類別,速限,道路型態,事故位置,路面鋪裝,路面狀態,路面缺陷,障礙物,視距,號誌種類,號誌動作,分向設施,快車道或一般車道間,快慢車道間,路面邊線,事故類型及型態,主要肇因,受傷程度,主要傷處,保護裝備,行動電話,當事者區分,車輛用途,當事者行動狀態,駕駛資格情形,駕駛執照種類,飲酒情形,車輛撞擊部位最初,車輛撞擊部位其他,肇事因素個別,肇事因素主要,肇事逃逸,職業,旅次目的,車種,GPS緯度,GPS經度,事故類別
2023,2,10,8,46,臺中市,北屯區,0,2,0,8,1,5,50,14,9,1,5,4,5,7,4,4,5,5,5,2,12,7,2,9,1,1,C03,7,10,1,10,2,14,,7,7,1,4,8,C03,120.702426,24.170103,2
2023,2,10,8,47,臺中市,沙鹿區,0,1,0,8,1,5,50,5,2,1,5,4,5,7,4,4,3,5,5,1,16,19,3,10,1,1,B03,7,1,1,8,2,1,,19,19,1,22,9,B03,120.560732,24.241599,2
2023,2,10,8,50,臺中市,北屯區,0,1,0,8,1,5,60,14,9,1,5,4,1,7,4,4,1,4,5,2,13,16,3,10,1,1,B12,7,9,1,8,2,1,,16,16,1,21,8,B12,120.666158,24.200927,2
2023,2,10,8,51,臺中市,龍井區,0,1,0,8,1,5,50,4,1,1,4,4,5,7,3,1,10,5,5,2,18,43,2,9,1,1,C03,7,5,1,10,2,14,,43,43,1,3,1,C03,120.587608,24.19212,2
2023,2,10,8,52,臺中市,大雅區,0,1,0,8,1,5,30,3,1,1,5,4,5,7,4,4,10,5,5,1,17,1,2,9,1,1,C03,7,4,1,10,2,14,,1,1,1,21,8,C03,120.670106,24.232948,2
2023,2,10,8,52,臺中市,西屯區,0,0,0,8,,,80,,,,,,,,,,,,,,,23,,,,,B03,,,1,,1,,,23,,1,22,,B03,120.625258,24.15588,3
2023,2,10,8,54,臺中市,北屯區,0,0,0,8,,,50,,,,,,,,,,,,,,,23,,,,,C03,,,1,,2,,,23,,1,22,,C03,120.693418,24.181727,3
2023,2,10,8,59,臺中市,南屯區,0,0,0,8,,,50,,,,,,,,,,,,,,,23,,,,,B03,,,1,,1,,,23,,1,22,,B03,120.641266,24.141513,3
2023,2,10,9,0,臺中市,烏日區,0,1,0,8,1,5,40,14,8,1,5,4,5,7,4,4,1,4,4,1,13,6,3,10,1,1,B03,7,3,1,8,2,3,,6,6,1,21,8,B03,120.645714,24.093059,2
2023,2,10,9,1,臺中市,西屯區,0,3,0,8,1,5,50,14,9,1,5,4,5,7,4,4,5,4,5,2,17,23,2,9,1,1,C03,7,9,1,10,2,12,,23,23,1,21,8,C03,120.653736,24.165061,2
2023,2,10,9,2,臺中市,西屯區,0,0,0,8,,,50,,,,,,,,,,,,,,,26,,,,,B03,,,1,,1,,,26,,1,22,,B03,120.657243,24.162836,3
2023,2,10,9,5,臺中市,太平區,0,1,0,8,1,5,40,4,1,1,5,4,5,7,1,1,10,5,5,2,15,25,2,9,1,1,F03,7,9,8,20,2,16,,25,25,1,4,7,F03,120.715168,24.108069,2
2023,2,10,9,6,臺中市,北屯區,0,0,0,,,,50,,,,,,,,,,,,,,,23,,,,,B03,,,1,,1,,,23,,1,21,,B03,120.733006,24.170231,3
2023,2,10,9,20,臺中市,烏日區,0,1,0,8,1,5,50,14,7,1,5,4,5,7,4,4,9,4,4,1,16,10,3,10,1,1,C03,7,11,1,10,2,11,,10,10,1,22,8,C03,120.623146,24.106218,2
2023,2,10,9,23,臺中市,太平區,0,0,0,8,,,50,,,,,,,,,,,,,,,23,,,,,B03,,,1,,2,,,23,,1,21,,B03,120.721043,24.133692,3
2023,2,10,9,23,臺中市,大肚區,0,0,0,8,,,50,,,,,,,,,,,,,,,6,,,,,B03,,,1,,2,,,6,,1,2,,B03,120.561245,24.125341,3
2023,2,10,9,24,臺中市,大里區,0,0,0,8,,,80,,,,,,,,,,,,,,,16,,,,,B03,,,3,,2,,,16,,1,22,,B03,120.685447,24.092072,3
2023,2,10,9,29,臺中市,梧棲區,0,1,0,8,1,5,30,4,1,1,5,4,5,7,4,4,10,5,5,2,15,6,2,9,1,1,C03,7,9,1,10,2,12,,6,6,1,3,8,C03,120.549605,24.255239,2
2023,2,10,9,30,臺中市,北屯區,0,1,0,8,1,5,50,4,2,1,5,4,5,7,4,4,10,5,5,2,16,6,2,8,1,1,C03,7,9,1,10,2,12,,6,6,1,22,8,C03,120.672549,24.177993,2
2023,2,10,9,38,臺中市,潭子區,0,2,0,8,1,5,60,3,1,1,5,4,5,7,2,1,10,5,5,2,16,26,2,9,2,1,F01,7,5,8,20,2,16,,26,26,1,22,8,F01,120.704429,24.204695,2
2023,2,10,9,42,臺中市,大里區,0,2,0,8,1,5,50,4,1,1,5,4,5,7,1,1,10,5,5,1,16,25,2,9,1,1,C03,7,9,3,18,2,14,,25,25,1,5,8,C03,120.692375,24.115701,2
2023,2,10,9,44,臺中市,沙鹿區,0,1,0,8,1,5,50,3,1,1,5,4,5,7,4,4,10,5,5,2,16,6,3,10,1,1,B03,7,5,1,8,2,1,,6,6,1,22,8,B03,120.559609,24.232534,2
2023,2,10,9,48,臺中市,中區,0,1,0,8,1,5,50,4,1,1,5,4,5,7,4,4,10,5,5,2,17,6,2,9,3,4,C03,7,5,1,10,2,11,,6,6,1,22,5,C03,120.680385,24.137528,2
2023,2,10,9,48,臺中市,西區,0,0,0,8,1,5,50,14,9,1,5,4,5,7,4,4,10,5,5,2,17,19,,,,,B12,,,1,,1,,,19,,1,10,,B12,120.663857,24.151615,3
2023,2,10,9,48,臺中市,西屯區,0,1,0,8,1,5,50,14,9,1,5,4,5,7,2,1,1,4,5,2,13,23,3,10,1,1,C03,7,9,1,10,2,11,,23,23,1,22,8,C03,120.590738,24.170833,2
2023,2,10,9,50,臺中市,龍井區,0,0,0,8,,,30,,,,,,,,,,,,,,,23,,,,,B03,,,1,,2,,,23,,1,20,,B03,120.530277,24.184722,3
2023,2,10,9,52,臺中市,南區,0,2,0,8,1,5,50,4,1,1,5,4,5,7,2,1,10,5,5,2,24,23,2,9,1,1,C03,7,9,1,10,2,12,14,23,23,1,21,8,C03,120.681108,24.124228,2
2023,2,10,9,53,臺中市,西屯區,0,0,0,8,,,50,,,,,,,,,,,,,,,43,,,,,B03,,,1,,1,,,43,,1,22,,B03,120.649888,24.163536,3
2023,2,10,9,56,臺中市,東區,0,0,0,,,,50,,,,,,,,,,,,,,,23,,,,,B12,,,1,,2,,,23,,1,5,,B12,120.700907,24.12666,3
2023,2,10,9,57,臺中市,北屯區,0,1,0,8,1,5,50,3,1,1,5,4,5,7,4,4,5,5,4,2,18,43,2,9,1,1,C03,7,9,1,10,2,14,,43,43,1,22,8,C03,120.685201,24.179124,2
2023,2,10,9,58,臺中市,豐原區,0,0,0,8,,,50,,,,,,,,,,,,,,,17,,,,,B03,,,1,,2,,,17,,1,22,,B03,120.716891,24.248206,3
2023,2,10,9,59,臺中市,北區,0,0,0,,,,50,,,,,,,,,,,,,,,23,,,,,B03,,,1,,2,,,23,,1,5,,B03,120.67392,24.164346,3
2023,2,10,10,0,臺中市,西區,0,2,0,8,1,5,50,4,1,1,5,4,5,7,1,1,10,5,5,2,13,23,2,9,1,1,C03,7,9,1,10,2,14,,23,23,1,22,9,C03,120.657262,24.140026,2
2023,2,10,10,0,臺中市,東區,0,1,0,8,1,5,50,4,1,1,5,4,5,7,1,1,10,5,5,2,15,25,2,8,1,1,C03,7,9,1,10,2,11,,25,25,1,22,8,C03,120.695019,24.136907,2
2023,2,10,10,0,臺中市,西屯區,0,0,0,8,,,50,,,,,,,,,,,,,,,42,,,,,B11,,,1,,1,,,42,,1,22,,B11,120.615369,24.183119,3
2023,2,10,10,2,臺中市,西屯區,0,1,0,8,1,5,50,3,1,1,5,4,5,7,4,4,10,5,5,2,17,6,3,10,1,1,B03,7,6,1,8,2,5,,6,6,1,21,8,B03,120.622691,24.183081,2
2023,2,10,10,8,臺中市,沙鹿區,0,0,0,,,,50,,,,,,,,,,,,,,,23,,,,,B03,,,1,,2,,,23,,1,22,,B03,120.570319,24.23753,3
2023,2,10,10,10,臺中市,潭子區,0,2,0,8,1,5,60,3,1,1,5,4,5,7,1,1,1,3,4,1,17,26,2,9,1,1,C03,7,5,3,18,2,12,,26,26,1,22,8,C03,120.705353,24.213282,2
2023,2,10,10,15,臺中市,東區,0,1,0,8,2,5,50,4,1,1,5,4,5,7,1,1,10,5,5,2,17,42,2,9,1,1,C03,7,9,4,8,2,15,,44,42,1,22,8,C03,120.701293,24.146376,2
2023,2,10,10,20,臺中市,西屯區,0,3,0,8,1,5,40,4,1,1,5,4,5,7,2,1,10,5,5,2,13,16,2,9,1,1,C03,7,9,1,10,2,12,,16,16,1,16,7,C03,120.656318,24.159271,2
2023,2,10,10,20,臺中市,烏日區,0,1,0,8,1,5,40,14,8,1,5,4,5,7,4,4,1,4,4,2,13,23,3,10,1,1,C03,7,9,1,10,2,11,,23,23,1,21,8,C03,120.615251,24.10614,2
2023,2,10,10,20,臺中市,大肚區,0,1,0,8,1,5,30,13,9,1,5,4,5,7,4,4,10,5,5,2,16,6,3,10,1,1,C03,7,6,1,10,2,14,,6,6,1,20,9,C03,120.579465,24.172583,2
2023,2,10,10,25,臺中市,清水區,0,0,0,8,,,70,,,,,,,,,,,,,,,7,,,,,A31,,,1,,2,,,7,,1,22,,A31,120.534629,24.276374,3
2023,2,10,10,29,臺中市,南屯區,0,0,0,,,,50,,,,,,,,,,,,,,,12,,,,,B03,,,1,,2,,,12,,1,22,,B03,120.640594,24.153824,3
2023,2,10,10,32,臺中市,潭子區,0,1,0,8,1,5,50,4,2,1,5,4,5,7,3,1,3,4,5,1,18,43,2,9,1,1,C03,7,9,1,10,2,12,,43,43,1,22,8,C03,120.721815,24.207955,2
2023,2,10,10,33,臺中市,霧峰區,0,1,0,8,1,5,50,14,9,1,5,4,5,7,4,4,5,4,5,2,12,18,3,10,3,4,A02,7,3,1,2,2,2,,18,18,1,10,8,A02,120.696813,24.054836,2
2023,2,10,10,37,臺中市,中區,0,0,0,8,,,50,,,,,,,,,,,,,,,12,,,,,B03,,,1,,2,,,12,,1,22,,B03,120.677133,24.144552,3
2023,2,10,10,40,臺中市,清水區,0,1,0,8,1,5,70,4,1,1,5,4,5,7,1,1,10,5,5,2,13,23,3,10,1,1,B03,7,9,1,8,2,1,,23,23,1,4,5,B03,120.556055,24.26856,2
2023,2,10,10,42,臺中市,東區,0,0,0,8,,,50,,,,,,,,,,,,,,,16,,,,,B01,,,1,4,2,,,16,16,1,21,,B01,120.695208,24.141603,3
2023,2,10,10,50,臺中市,北屯區,0,2,0,8,1,5,50,14,9,1,5,4,5,7,4,4,1,4,5,2,17,23,2,9,1,1,C03,7,9,1,10,2,11,,23,23,1,4,8,C03,120.662778,24.187991,2
2023,2,10,10,56,臺中市,沙鹿區,0,1,0,8,1,5,50,4,1,1,5,4,5,7,4,4,10,5,5,2,13,6,2,9,1,1,C03,7,5,1,10,2,13,,6,6,1,22,9,C03,120.560899,24.241426,2
2023,2,10,10,58,臺中市,新社區,0,0,0,8,,,50,,,,,,,,,,,,,,,23,,,,,B03,,,1,,1,,,23,,1,22,,B03,120.808398,24.241173,3
2023,2,10,11,0,臺中市,潭子區,0,0,0,8,,,50,,,,,,,,,,,,,,,23,,,,,B03,,,1,,2,,,23,,1,22,,B03,120.67981,24.206761,3
2023,2,10,11,0,臺中市,西區,0,0,0,8,,,50,,,,,,,,,,,,,,,17,,,,,B03,,,1,,2,,,17,,1,21,,B03,120.666727,24.132091,3
2023,2,10,11,0,臺中市,南屯區,0,0,0,8,,,50,,,,,,,,,,,,,,,23,,,,,B03,,,1,,1,,,23,,1,22,,B03,120.638964,24.141821,3
2023,2,10,11,0,臺中市,龍井區,0,1,0,8,1,5,50,14,9,1,5,4,5,7,4,4,9,5,5,1,17,40,3,10,3,1,B03,7,13,1,8,2,4,,40,40,1,22,7,B03,120.581552,24.175056,2
2023,2,10,11,0,臺中市,梧棲區,0,0,0,8,,,50,,,,,,,,,,,,,,,17,,,,,B12,,,1,,2,,,17,,1,11,,B12,120.518956,24.238516,3
2023,2,10,11,1,臺中市,龍井區,0,1,0,8,1,5,30,3,1,1,5,4,5,7,4,4,10,5,5,2,17,12,3,10,1,1,B03,7,2,1,8,2,6,,12,12,1,21,8,B03,120.549958,24.214605,2
2023,2,10,11,2,臺中市,沙鹿區,0,1,0,8,1,5,50,4,1,1,5,4,5,7,4,4,10,5,5,2,16,23,3,10,1,1,B12,7,5,1,8,2,8,,23,23,1,22,8,B12,120.559096,24.23564,2
2023,2,10,11,10,臺中市,大雅區,0,2,0,8,1,5,30,4,1,1,5,4,5,7,4,4,10,5,5,2,17,6,2,8,1,1,C03,7,5,1,10,2,11,,6,6,1,22,9,C03,120.651881,24.225396,2
2023,2,10,11,10,臺中市,大里區,0,0,0,8,,,50,,,,,,,,,,,,,,,26,,,,,B03,,,3,,2,,,26,,1,22,,B03,120.697071,24.111793,3
2023,2,10,11,10,臺中市,霧峰區,0,0,0,8,,,60,,,,,,,,,,,,,,,23,,,,,A12,,,1,,2,,,23,,1,10,,A12,120.692623,24.046124,3
2023,2,10,11,10,臺中市,東勢區,0,2,0,8,1,5,40,14,12,1,5,4,5,7,4,4,1,2,4,1,12,42,2,9,1,1,F01,7,9,8,20,2,16,,42,42,1,20,9,F01,120.833524,24.242065,2
2023,2,10,11,20,臺中市,北區,0,1,0,8,1,5,50,4,2,1,5,4,5,7,1,1,1,2,5,2,18,23,2,9,1,1,C03,7,9,6,18,2,14,,23,23,1,21,8,C03,120.68566,24.153687,2
2023,2,10,11,20,臺中市,豐原區,0,0,0,8,,,50,,,,,,,,,,,,,,,17,,,,,A02,,,1,,2,,,17,,1,10,,A02,120.723481,24.252121,3
2023,2,10,11,25,臺中市,北區,0,1,0,8,1,5,50,14,9,1,5,4,5,7,4,4,5,4,4,2,17,10,3,10,1,1,B12,7,11,1,10,2,6,,10,10,1,9,3,B12,120.688894,24.152943,2
2023,2,10,11,25,臺中市,北屯區,0,1,0,8,1,5,50,14,9,1,5,4,5,7,4,4,5,5,4,2,17,26,2,9,1,1,B03,7,9,1,8,2,8,,26,26,1,21,8,B03,120.706198,24.168819,2
2023,2,10,11,26,臺中市,太平區,0,1,0,8,1,5,50,4,1,1,5,4,5,7,1,1,10,5,5,2,16,6,2,9,1,1,F03,7,5,8,20,2,16,,6,6,1,22,8,F03,120.725034,24.108006,2
2023,2,10,11,26,臺中市,沙鹿區,0,1,0,8,1,5,60,3,2,1,5,4,5,7,1,1,3,3,3,1,17,25,3,10,3,4,B03,7,9,1,8,2,1,,25,25,1,22,8,B03,120.580741,24.214588,2
2023,2,10,11,28,臺中市,西屯區,0,2,0,8,1,5,50,14,7,1,5,4,5,7,4,4,5,5,4,2,16,43,2,9,3,4,C03,7,15,1,10,2,14,,43,43,1,22,8,C03,120.661281,24.162654,2
2023,2,10,11,30,臺中市,大雅區,0,1,0,8,1,5,50,4,1,1,5,4,5,7,1,1,5,5,5,1,12,23,3,10,1,1,B03,7,9,1,8,2,2,,23,23,1,21,9,B03,120.645845,24.225776,2
2023,2,10,11,31,臺中市,西屯區,0,0,0,,,,50,,,,,,,,,,,,,,,26,,,,,B03,,,3,,1,,,26,,1,22,,B03,120.63816,24.160646,3
2023,2,10,11,32,臺中市,南屯區,0,0,0,8,,,50,,,,,,,,,,,,,,,23,,,,,B03,,,1,,2,,,23,,1,22,,B03,120.612558,24.13844,3
2023,2,10,11,32,臺中市,沙鹿區,0,0,0,8,,,50,,,,,,,,,,,,,,,23,,,,,B12,,,1,,2,,,23,,1,22,,B12,120.557724,24.234767,3
2023,2,10,11,36,臺中市,沙鹿區,0,0,0,8,,,50,,,,,,,,,,,,,,,19,,,,,B03,,,1,,2,,,19,,1,22,,B03,120.569397,24.210371,3
2023,2,10,11,39,臺中市,太平區,0,2,0,8,1,5,80,10,7,1,5,4,5,7,4,4,2,3,5,1,16,42,2,9,1,1,B12,7,9,1,8,2,8,,42,42,1,4,5,B12,120.717104,24.155646,2
2023,2,10,11,44,臺中市,西區,0,0,0,,,,50,,,,,,,,,,,,,,,23,,,,,B03,,,1,,2,,,23,,1,20,,B03,120.669678,24.150839,3
2023,2,10,11,45,臺中市,東區,0,0,0,,,,50,,,,,,,,,,,,,,,16,,,,,B03,,,1,,2,,,16,,1,5,,B03,120.698155,24.144714,3
2023,2,10,11,47,臺中市,南區,0,2,0,8,1,5,50,4,2,1,5,4,5,7,4,4,3,4,3,2,16,6,2,4,1,1,B03,7,6,1,8,2,2,,6,6,1,21,8,B03,120.679039,24.119022,2
2023,2,10,11,48,臺中市,東勢區,0,1,0,8,1,5,50,4,9,1,5,4,5,7,2,1,5,4,5,1,16,10,3,10,1,1,B12,7,11,1,8,2,8,,10,10,1,22,9,B12,120.829726,24.257466,2
2023,2,10,11,51,臺中市,大里區,0,0,0,8,,,40,,,,,,,,,,,,,,,8,,,,,B03,,,1,,2,,,8,,1,5,,B03,120.690073,24.113056,3
2023,2,10,11,54,臺中市,西屯區,0,0,0,8,,,80,,,,,,,,,,,,,,,43,,,,,A31,,,1,,1,,,43,,1,21,,A31,120.623026,24.148263,3
2023,2,10,11,59,臺中市,北區,0,2,0,8,1,5,40,4,1,1,5,4,5,7,4,4,10,5,5,2,16,6,2,9,3,4,C03,7,9,1,10,2,11,,6,6,1,5,8,C03,120.683601,24.14677,2
2023,2,10,12,0,臺中市,潭子區,0,0,0,8,,,30,,,,,,,,,,,,,,,12,,,,,B11,,,1,,2,,,12,,1,22,,B11,120.714854,24.226579,3
2023,2,10,12,0,臺中市,東區,0,2,0,8,1,5,50,4,1,1,5,4,5,7,4,4,10,5,5,2,15,6,3,10,1,1,B03,7,9,1,8,2,6,,6,6,1,22,8,B03,120.70672,24.141064,2
2023,2,10,12,0,臺中市,大里區,0,0,0,8,,,50,,,,,,,,,,,,,,,43,,,,,B03,,,1,,10,,,43,,1,18,,B03,120.688098,24.084772,3
2023,2,10,12,4,臺中市,北區,0,2,0,8,1,5,50,4,1,1,5,4,5,7,1,1,10,5,5,2,16,6,2,9,1,1,C03,7,5,3,18,2,11,,6,6,1,6,8,C03,120.66474,24.161292,2
2023,2,10,12,5,臺中市,南屯區,0,3,0,8,1,5,50,14,9,1,5,4,5,7,4,4,4,3,5,2,13,23,2,9,1,1,B03,7,9,1,8,2,5,1,23,23,1,22,8,B03,120.64753,24.134583,2
2023,2,10,12,6,臺中市,西區,0,1,0,8,1,5,50,4,2,1,5,4,5,7,4,4,5,4,5,2,18,43,2,9,1,1,C03,7,9,1,10,2,15,,43,43,1,22,9,C03,120.661486,24.150073,2
2023,2,10,12,6,臺中市,神岡區,0,0,0,8,,,50,,,,,,,,,,,,,,,12,,,,,B02,,,1,,2,,,12,,1,22,,B02,120.654801,24.258909,3
2023,2,10,12,9,臺中市,霧峰區,0,1,0,8,1,5,30,11,9,1,5,4,5,7,4,4,10,5,5,1,18,23,2,9,3,4,F01,7,9,8,20,2,16,,23,23,1,15,2,F01,120.686773,24.040123,2
2023,2,10,12,10,臺中市,西屯區,0,1,0,8,1,5,50,14,9,1,5,4,5,7,4,4,5,4,5,2,16,6,3,10,1,1,B02,7,6,1,8,2,8,,6,6,1,22,8,B02,120.604101,24.174466,2
2023,2,10,12,12,臺中市,南區,0,1,0,8,1,5,50,4,1,1,5,4,5,7,1,1,10,5,5,2,13,23,3,10,1,1,C03,7,9,1,10,2,11,,23,23,1,22,8,C03,120.670095,24.119043,2
2023,2,10,12,13,臺中市,豐原區,0,0,0,8,,,50,,,,,,,,,,,,,,,6,,,,,B12,,,1,,2,,,6,,1,22,,B12,120.802916,24.256438,3
2023,2,10,12,14,臺中市,北屯區,0,1,0,8,1,5,50,14,9,1,5,4,5,7,4,4,5,5,5,2,17,23,2,9,1,1,C03,7,9,1,10,2,15,,23,23,1,21,8,C03,120.682692,24.193655,2
2023,2,10,12,16,臺中市,南屯區,0,0,0,,,,50,,,,,,,,,,,,,,,23,,,,,B12,,,1,,1,,,23,,1,22,,B12,120.638701,24.141985,3
2023,2,10,12,20,臺中市,北區,0,0,0,8,,,50,,,,,,,,,,,,,,,42,,,,,B03,,,1,,1,,,42,,1,21,,B03,120.68616,24.146227,3
2023,2,10,12,23,臺中市,梧棲區,0,0,0,8,,,90,,,,,,,,,,,,,,,43,,,,,A42,,,1,,2,,,43,,1,10,,A42,120.527767,24.230122,3
2023,2,10,12,30,臺中市,沙鹿區,0,0,0,8,,,50,,,,,,,,,,,,,,,67,,,,,,,,,,,,,67,,1,,,,120.573649,24.227592,3
2023,2,10,12,32,臺中市,烏日區,0,1,0,8,1,5,60,4,1,1,5,4,5,7,1,1,10,5,5,2,15,25,3,10,1,1,B03,7,9,1,8,2,8,,25,25,1,20,8,B03,120.646493,24.110391,2
2023,2,10,12,35,臺中市,大甲區,0,0,0,8,,,70,,,,,,,,,,,,,,,23,,,,,B03,,,1,,9,,,23,,1,22,,B03,120.64164,24.404275,3
2023,2,10,12,40,臺中市,烏日區,0,1,0,8,1,5,50,3,1,1,5,4,5,7,4,4,5,4,4,1,16,6,3,10,1,1,B03,7,9,1,8,2,2,,23,6,1,21,8,B03,120.622469,24.106391,2
2023,2,10,12,41,臺中市,西區,0,1,0,8,1,5,50,4,1,1,5,4,5,7,2,1,10,5,5,2,18,42,2,9,1,1,C03,7,6,1,10,2,11,,42,42,1,22,9,C03,120.657375,24.146713,2
2023,2,10,12,43,臺中市,太平區,0,1,0,8,1,5,50,4,1,1,5,4,5,7,1,1,5,5,5,2,16,26,3,10,1,1,C03,7,6,1,10,2,12,,26,26,1,16,8,C03,120.717918,24.1288,2
2023,2,10,12,49,臺中市,西屯區,0,2,0,8,1,5,50,4,1,1,5,4,5,7,1,1,10,5,5,2,12,43,3,10,1,1,A12,7,9,6,3,11,6,,43,43,1,10,4,A12,120.608163,24.158356,2
2023,2,10,12,50,臺中市,西區,0,3,0,8,1,5,50,4,1,1,5,4,5,7,1,1,10,5,5,2,17,26,2,9,3,4,C03,7,5,1,10,2,13,,26,26,1,22,5,C03,120.673853,24.140394,2
2023,2,10,12,53,臺中市,豐原區,0,2,0,8,1,5,50,3,1,1,5,4,5,3,4,4,9,5,5,2,16,4,2,7,1,1,F01,7,5,8,20,2,16,,4,4,1,22,8,F01,120.701312,24.22445,2
2023,2,10,12,55,臺中市,南屯區,0,0,0,8,,,40,,,,,,,,,,,,,,,16,,,,,B03,,,1,,2,,,16,,1,22,,B03,120.623232,24.150017,3
2023,2,10,12,55,臺中市,和平區,0,0,0,8,,,25,,,,,,,,,,,,,,,23,,,,,B12,,,1,,2,,,23,,1,21,,B12,120.97685,24.243441,4
2023,2,10,12,56,臺中市,西屯區,0,0,0,8,,,50,,,,,,,,,,,,,,,16,,,,,B03,,,1,,2,,,16,,1,22,,B03,120.634353,24.173576,3
2023,2,10,13,5,臺中市,大雅區,0,1,0,8,1,5,50,3,1,1,5,4,5,7,1,1,9,4,4,1,17,6,3,10,1,1,B03,7,6,1,8,2,2,,6,6,1,22,9,B03,120.639455,24.218696,2
2023,2,10,13,10,臺中市,西屯區,0,0,0,8,,,50,,,,,,,,,,,,,,,7,,,,,B03,,,1,,2,,,7,,1,22,,B03,120.656747,24.19843,3
2023,2,10,13,10,臺中市,清水區,0,0,0,8,,,70,,,,,,,,,,,,,,,42,,,,,B03,,,1,,1,,,42,42,1,21,,B03,120.562832,24.263537,3
2023,2,10,13,11,臺中市,北屯區,0,0,0,8,,,50,,,,,,,,,,,,,,,7,,,,,B03,,,1,,1,,,7,,1,5,,B03,120.724588,24.17455,3
2023,2,10,13,19,臺中市,大雅區,0,0,0,8,,,50,,,,,,,,,,,,,,,12,,,,,A11,,,1,,2,,,12,,1,22,,A11,120.658403,24.230837,3
2023,2,10,13,20,臺中市,清水區,0,0,0,8,,,50,,,,,,,,,,,,,,,23,,,,,B02,,,1,,2,,,23,,1,21,,B02,120.569299,24.263592,3
2023,2,10,13,22,臺中市,西屯區,0,1,0,8,1,5,50,4,1,1,5,4,5,7,1,1,1,4,5,2,13,23,3,10,1,1,B03,7,6,1,8,2,1,,23,23,1,22,8,B03,120.629308,24.163572,2
2023,2,10,13,25,臺中市,北屯區,0,1,0,8,1,5,40,14,8,1,5,4,5,7,4,4,1,4,4,2,13,16,2,9,1,1,C03,7,6,1,10,2,12,,16,16,1,21,8,C03,120.686396,24.194594,2
2023,2,10,13,35,臺中市,西區,0,1,0,8,1,5,50,4,1,1,5,4,5,7,1,1,1,2,4,1,15,25,3,10,1,1,B03,7,9,1,8,2,8,,25,25,1,21,8,B03,120.657261,24.139286,2
2023,2,10,13,37,臺中市,中區,0,0,0,,,,50,,,,,,,,,,,,,,,42,,,,,C03,,,1,,1,,,42,,1,5,,C03,120.674671,24.14336,3
2023,2,10,13,39,臺中市,北區,0,2,0,8,1,5,50,4,1,1,5,4,5,7,1,1,10,5,5,2,16,6,3,10,1,1,B03,7,5,1,8,2,8,,6,6,1,5,8,B03,120.670545,24.165155,2
2023,2,10,13,40,臺中市,西屯區,0,0,0,8,,,50,,,,,,,,,,,,,,,23,,,,,C03,,,1,,1,,,23,,1,21,,C03,120.624513,24.194863,3
2023,2,10,13,45,臺中市,大里區,0,0,0,8,,,30,,,,,,,,,,,,,,,17,,,,,B12,,,1,,2,,,17,,1,6,,B12,120.689221,24.096443,3
2023,2,10,13,47,臺中市,北屯區,0,1,0,8,1,5,50,14,8,1,5,4,5,7,4,4,1,4,4,2,16,9,3,10,1,1,B03,7,6,1,8,2,6,,9,9,1,21,8,B03,120.68648,24.182751,2
2023,2,10,13,50,臺中市,東區,0,0,0,,,,50,,,,,,,,,,,,,,,12,,,,,A12,,,1,,2,,,12,,1,5,,A12,120.702146,24.135153,3
2023,2,10,13,52,臺中市,大里區,0,1,0,8,1,5,50,14,9,1,5,4,5,7,4,4,5,5,5,1,11,4,2,7,1,1,C03,7,9,1,10,2,14,,4,4,1,5,8,C03,120.702378,24.111323,2
2023,2,10,13,53,臺中市,南屯區,0,1,0,8,1,5,50,14,9,1,5,4,5,7,1,1,1,4,5,2,18,43,2,9,1,1,C03,7,9,1,10,2,12,,43,43,1,5,1,C03,120.646802,24.146809,2
2023,2,10,13,54,臺中市,西區,0,0,0,,,,50,,,,,,,,,,,,,,,26,,,,,B03,,,1,,1,,,26,,1,20,,B03,120.673517,24.147762,3
2023,2,10,13,56,臺中市,太平區,0,2,0,8,1,5,50,4,2,1,5,4,5,7,1,1,10,5,5,2,16,6,2,9,1,1,C03,7,5,6,10,2,11,,6,6,1,5,8,C03,120.703778,24.153298,2
2023,2,10,13,57,臺中市,北區,0,2,0,8,1,5,50,4,2,1,5,4,5,7,1,1,1,2,4,2,13,23,2,9,1,1,C03,7,9,1,10,2,11,,23,23,1,21,8,C03,120.675884,24.159151,2
2023,2,10,13,57,臺中市,西屯區,0,0,0,8,,,50,,,,,,,,,,,,,,,12,,,,,B03,,,1,,1,,,12,,1,22,,B03,120.609135,24.161315,3
2023,2,10,13,58,臺中市,東區,0,1,0,8,1,5,50,5,1,1,5,4,5,7,4,4,10,5,5,2,16,6,2,8,1,1,C03,7,5,1,10,2,12,,6,6,1,22,8,C03,120.706145,24.131974,2
2023,2,10,13,58,臺中市,大甲區,0,0,0,8,,,50,,,,,,,,,,,,,,,18,3,10,1,1,C03,7,2,1,10,1,13,,18,18,1,22,1,C03,120.623121,24.347359,3