年,月,日,時,分,縣市,區,死,受傷,2-30,天候,光線,道路類別,速限,道路型態,事故位置,路面鋪裝,路面狀態,路面缺陷,障礙物,視距,號誌種類,號誌動作,分向設施,快車道或一般車道間,快慢車道間,路面邊線,事故類型及型態,主要肇因,受傷程度,主要傷處,保護裝備,行動電話,當事者區分,車輛用途,當事者行動狀態,駕駛資格情形,駕駛執照種類,飲酒情形,車輛撞擊部位最初,車輛撞擊部位其他,肇事因素個別,肇事因素主要,肇事逃逸,職業,旅次目的,車種,GPS緯度,GPS經度,事故類別
2023,2,10,13,59,臺中市,北區,0,1,0,8,1,5,50,14,9,1,5,4,5,7,4,4,5,4,5,2,16,7,2,9,1,1,C03,7,7,1,10,2,14,,7,7,1,20,8,C03,120.686516,24.145377,2
2023,2,10,14,1,臺中市,太平區,0,1,0,8,1,5,50,4,1,1,5,4,5,7,1,1,10,5,5,2,16,25,2,9,1,1,C03,7,9,1,9,2,11,,25,25,1,4,1,C03,120.715563,24.151704,2
2023,2,10,14,10,臺中市,潭子區,0,1,0,8,1,5,50,4,1,1,5,4,5,7,4,4,8,3,5,1,17,23,2,8,1,1,C03,7,9,1,10,2,11,,23,23,1,22,8,C03,120.701268,24.211163,2
2023,2,10,14,17,臺中市,西屯區,0,1,0,8,1,5,50,14,9,1,5,4,5,7,4,4,9,5,5,2,12,19,2,9,1,1,C03,7,1,4,7,2,14,,19,19,1,22,8,C03,120.658695,24.171751,2
2023,2,10,14,18,臺中市,西區,0,0,0,8,1,5,50,4,2,1,5,4,5,7,1,1,3,4,4,2,13,23,,,,,B03,,,1,,1,,,23,,1,22,,B03,120.655135,24.140024,3
2023,2,10,14,20,臺中市,東區,0,3,0,8,1,5,50,3,1,1,5,4,5,7,1,1,10,5,5,2,16,8,2,8,1,1,C03,7,5,3,18,2,12,,8,8,1,5,8,C03,120.709249,24.140736,2
2023,2,10,14,24,臺中市,太平區,0,0,0,8,,,50,,,,,,,,,,,,,,,23,,,,,B02,,,1,,2,,,23,,1,21,,B02,120.70876,24.123013,3
2023,2,10,14,28,臺中市,南區,0,1,0,8,1,5,50,4,1,1,5,4,5,7,1,1,10,5,5,2,16,10,2,9,1,1,C03,7,11,1,10,2,14,,10,10,1,22,8,C03,120.668748,24.125806,2
2023,2,10,14,30,臺中市,西屯區,0,0,0,8,,,50,,,,,,,,,,,,,,,6,,,,,B03,,,1,,1,,,6,,1,22,,B03,120.642037,24.16071,3
2023,2,10,14,30,臺中市,梧棲區,0,1,0,8,1,5,30,4,1,1,5,4,5,4,4,4,10,5,5,2,15,6,2,9,1,1,C03,7,9,1,10,2,12,,6,6,1,18,8,C03,120.546148,24.261157,2
2023,2,10,14,31,臺中市,北屯區,0,0,0,8,,,50,,,,,,,,,,,,,,,23,,,,,C03,,,1,,1,,,23,23,1,22,,C03,120.670843,24.201218,3
2023,2,10,14,31,臺中市,神岡區,0,1,0,8,1,5,50,14,9,1,5,4,5,7,4,4,5,4,5,2,16,19,3,10,1,1,B03,7,1,1,8,2,8,,19,19,1,22,8,B03,120.664605,24.25813,2
2023,2,10,14,33,臺中市,西區,0,2,0,8,1,5,50,4,1,1,5,4,5,7,1,1,10,5,5,2,18,42,2,8,1,1,C03,7,9,1,10,2,14,,42,42,1,22,9,C03,120.653872,24.150939,2
2023,2,10,14,35,臺中市,北屯區,0,1,0,8,1,5,50,14,9,1,5,4,5,7,4,4,1,4,5,2,12,16,2,9,1,1,C03,7,9,1,10,2,11,13,16,16,1,4,8,C03,120.670635,24.174156,2
2023,2,10,14,36,臺中市,北區,0,2,0,8,1,5,50,14,9,1,5,4,5,7,4,4,5,5,5,2,17,43,2,9,3,4,C03,7,9,1,10,2,15,,43,43,1,5,8,C03,120.678453,24.161676,2
2023,2,10,14,36,臺中市,沙鹿區,0,0,0,8,,,60,,,,,,,,,,,,,,,23,,,,,B03,,,1,,2,,,23,,1,4,,B03,120.569977,24.236526,3
2023,2,10,14,40,臺中市,西區,0,1,0,8,1,5,50,4,1,1,5,4,5,7,4,4,10,5,5,2,15,6,3,10,1,1,B03,7,9,1,8,2,5,,6,6,1,2,5,B03,120.668831,24.136523,2
2023,2,10,14,41,臺中市,西屯區,0,0,0,8,,,50,,,,,,,,,,,,,,,16,,,,,B03,,,6,,1,,,16,,1,22,,B03,120.649796,24.162755,3
2023,2,10,14,45,臺中市,西屯區,0,2,0,8,1,5,50,4,1,1,5,4,5,7,1,1,10,5,5,2,17,43,2,9,1,1,C01,7,9,1,9,2,11,,43,43,1,21,8,C01,120.652516,24.166715,2
2023,2,10,14,46,臺中市,南屯區,0,1,0,8,1,5,50,14,7,1,5,4,5,7,4,4,1,4,4,2,16,19,3,10,3,4,B03,7,1,1,8,2,4,,19,19,1,22,8,B03,120.629047,24.151509,2
2023,2,10,14,50,臺中市,潭子區,0,0,0,8,,,60,,,,,,,,,,,,,,,23,,,,,B03,,,1,,2,,,23,,1,22,,B03,120.706031,24.200805,3
2023,2,10,14,52,臺中市,烏日區,0,0,0,8,1,5,30,3,1,1,5,4,5,7,4,4,10,5,5,1,16,6,,,,,B03,,,1,,2,,,6,,1,22,,B03,120.62036,24.102093,3
2023,2,10,14,54,臺中市,北區,0,0,0,8,,,50,,,,,,,,,,,,,,,6,,,,,B03,,,1,,2,,,23,6,1,5,,B03,120.683437,24.15371,3
2023,2,10,15,5,臺中市,北屯區,0,0,0,8,,,50,,,,,,,,,,,,,,,12,,,,,B03,,,1,,2,,,12,,1,21,,B03,120.71144,24.172405,3
2023,2,10,15,7,臺中市,南屯區,0,0,0,,,,50,,,,,,,,,,,,,,,6,,,,,B03,,,1,,1,,,6,6,1,4,,B03,120.639008,24.144978,3
2023,2,10,15,8,臺中市,大里區,0,0,0,8,,,50,,,,,,,,,,,,,,,16,,,,,B03,,,1,,2,,,16,,1,6,,B03,120.688313,24.102595,3
2023,2,10,15,19,臺中市,南屯區,0,1,0,8,1,5,40,14,8,1,5,4,5,7,1,1,5,5,4,2,13,23,2,9,1,1,C03,7,9,1,10,2,11,,23,23,1,5,1,C03,120.633937,24.159476,2
2023,2,10,15,19,臺中市,北屯區,0,0,0,8,,,50,,,,,,,,,,,,,,,16,,,,,B12,,,1,,1,,,16,,1,21,,B12,120.687503,24.200982,3
2023,2,10,15,20,臺中市,霧峰區,0,0,0,8,,,50,,,,,,,,,,,,,,,19,,,,,B03,,,1,,2,,,19,,1,22,,B03,120.729246,24.072796,3
2023,2,10,15,25,臺中市,北屯區,0,1,0,8,1,5,50,4,1,1,5,4,5,7,4,4,10,5,5,2,16,6,3,10,3,4,B03,7,9,1,8,2,2,,6,6,1,21,8,B03,120.703058,24.178321,2
2023,2,10,15,27,臺中市,南屯區,0,0,0,8,,,50,,,,,,,,,,,,,,,16,,,,,B03,,,1,,1,,,16,,1,5,,B03,120.63625,24.151284,3
2023,2,10,15,30,臺中市,清水區,0,2,0,8,1,5,90,14,7,1,5,4,5,7,4,4,1,4,4,2,12,23,2,9,1,1,A41,7,9,1,1,2,5,,23,23,1,10,1,A41,120.555481,24.303946,2
2023,2,10,15,31,臺中市,東區,0,2,0,8,1,5,50,4,1,1,5,4,5,6,4,4,10,5,5,2,15,6,3,10,1,1,B03,7,9,1,8,2,8,,6,6,1,22,8,B03,120.698888,24.141524,2
2023,2,10,15,34,臺中市,北屯區,0,0,0,8,,,50,,,,,,,,,,,,,,,23,,,,,C03,,,1,,1,,,23,,1,21,,C03,120.687255,24.175694,3
2023,2,10,15,35,臺中市,北區,0,0,0,8,,,50,,,,,,,,,,,,,,,16,,,,,C03,,,1,,1,,,16,,1,22,,C03,120.678273,24.171302,3
2023,2,10,15,42,臺中市,北屯區,0,0,0,8,,,50,,,,,,,,,,,,,,,23,,,,,B03,,,1,,1,,,23,,1,21,,B03,120.711213,24.172643,3
2023,2,10,15,45,臺中市,東區,0,1,0,8,1,5,50,5,1,1,5,4,5,7,1,1,10,5,5,2,17,19,3,10,1,1,C04,7,1,1,10,2,11,,19,19,1,22,8,C04,120.693588,24.133241,2
2023,2,10,15,45,臺中市,北屯區,0,1,0,8,1,5,50,14,9,1,5,4,5,7,4,4,1,4,5,2,17,23,2,9,1,1,C03,7,9,1,10,2,12,14,23,23,1,22,8,C03,120.68911,24.171545,2
2023,2,10,15,46,臺中市,大里區,0,1,0,8,1,5,50,3,1,1,5,4,5,7,2,1,10,5,5,2,17,25,3,10,2,1,C03,7,9,6,10,11,15,,25,25,2,20,5,C03,120.692946,24.090637,2
2023,2,10,15,48,臺中市,西屯區,0,0,0,8,,,30,,,,,,,,,,,,,,,42,,,,,C01,,,1,,2,,,42,,1,4,,C01,120.646933,24.182856,3
2023,2,10,15,50,臺中市,神岡區,0,0,0,8,,,50,,,,,,,,,,,,,,,6,,,,,B03,,,1,,2,,,6,6,1,12,,B03,120.660085,24.272006,3
2023,2,10,15,51,臺中市,南屯區,0,1,0,8,1,5,80,14,7,1,5,4,5,7,4,4,1,4,5,1,12,23,3,10,1,1,A02,7,9,1,2,2,5,,23,23,1,22,8,A02,120.623224,24.145174,2
2023,2,10,15,56,臺中市,豐原區,0,1,0,8,1,5,50,14,9,1,5,4,5,7,4,4,3,4,5,1,16,18,3,10,1,1,B12,7,3,6,18,2,2,,18,18,1,22,8,B12,120.758933,24.276374,2
2023,2,10,15,58,臺中市,南屯區,0,0,0,8,,,50,,,,,,,,,,,,,,,23,,,,,B03,,,1,,9,,,23,,1,22,,B03,120.615289,24.14719,3
2023,2,10,15,59,臺中市,北屯區,0,2,0,7,1,5,50,14,7,1,5,4,5,7,1,1,5,4,4,2,12,7,3,10,1,1,B03,7,9,1,8,2,2,,23,7,1,21,8,B03,120.72713,24.173982,2
2023,2,10,16,0,臺中市,南區,0,2,0,8,1,5,50,4,1,1,5,4,5,7,1,1,10,5,5,2,13,16,2,9,1,1,C03,7,9,1,10,2,11,,16,16,1,22,8,C03,120.679286,24.119037,2
2023,2,10,16,0,臺中市,太平區,0,2,0,8,1,5,50,14,9,1,5,4,5,7,4,4,5,4,5,1,16,23,2,9,1,1,C03,7,9,3,18,1,12,,23,23,1,20,8,C03,120.716335,24.127759,2
2023,2,10,16,0,臺中市,沙鹿區,0,0,0,8,,,60,,,,,,,,,,,,,,,23,,,,,B03,,,1,,2,,,23,,1,5,,B03,120.558013,24.21141,3
2023,2,10,16,1,臺中市,大雅區,0,0,0,8,,,50,,,,,,,,,,,,,,,16,,,,,B03,,,1,,2,,,16,,1,22,,B03,120.663844,24.21857,3
2023,2,10,16,4,臺中市,大雅區,0,0,0,8,,,50,,,,,,,,,,,,,,,26,,,,,B03,,,1,,2,,,26,,1,22,,B03,120.65236,24.205649,3
2023,2,10,16,9,臺中市,后里區,0,1,0,8,1,5,30,12,9,1,5,4,5,7,4,4,10,5,5,1,18,66,,,,,,,,,,,,,66,66,1,,,,120.656838,24.304741,2
2023,2,10,16,10,臺中市,西屯區,0,1,0,8,1,5,50,14,9,1,5,4,5,7,4,4,5,5,5,2,13,26,3,10,3,4,C03,7,5,1,10,2,13,,26,26,1,22,8,C03,120.602538,24.160131,2
2023,2,10,16,10,臺中市,大里區,0,2,0,8,2,5,50,4,1,1,5,4,5,7,1,1,10,5,5,2,12,23,2,7,1,1,C03,7,9,1,10,2,15,,23,23,1,5,8,C03,120.689556,24.107936,2
2023,2,10,16,13,臺中市,南屯區,0,0,0,,,,50,,,,,,,,,,,,,,,23,,,,,B12,,,1,,1,,,23,,1,4,,B12,120.634426,24.155665,3
2023,2,10,16,15,臺中市,大雅區,0,0,0,8,,,70,,,,,,,,,,,,,,,23,,,,,B03,,,1,,2,,,23,,1,21,,B03,120.634343,24.23669,3
2023,2,10,16,17,臺中市,南區,0,0,0,,,,50,,,,,,,,,,,,,,,42,,,,,C03,,,1,,2,,,42,,1,5,,C03,120.677685,24.12647,3
2023,2,10,16,17,臺中市,梧棲區,0,0,0,8,,,30,,,,,,,,,,,,,,,12,,,,,B03,,,1,,2,,,12,,1,9,,B03,120.536943,24.248447,3
2023,2,10,16,20,臺中市,北屯區,0,1,0,8,1,5,50,14,9,1,5,4,5,7,4,4,5,4,5,2,12,7,3,10,3,4,B03,7,10,1,8,2,5,,7,7,1,21,8,B03,120.71625,24.165258,2
2023,2,10,16,20,臺中市,沙鹿區,0,2,0,8,1,5,50,3,1,1,5,4,5,7,4,4,10,5,5,2,13,16,2,9,1,1,C03,7,9,1,10,2,11,,16,16,1,18,5,C03,120.559188,24.231733,2
2023,2,10,16,26,臺中市,大里區,0,1,0,8,1,5,50,4,1,1,5,4,5,7,1,1,1,2,4,1,16,9,3,10,1,1,B03,7,6,1,8,2,2,,9,9,1,22,9,B03,120.671623,24.102209,2
2023,2,10,16,27,臺中市,西屯區,0,0,0,8,,,40,,,,,,,,,,,,,,,23,,,,,B03,,,1,,2,,,23,,1,4,,B03,120.645196,24.164643,3
2023,2,10,16,30,臺中市,龍井區,0,2,0,8,1,5,40,14,8,1,5,4,5,7,4,4,10,5,1,1,12,16,2,9,3,4,C03,7,9,1,10,2,12,,16,23,1,22,9,C03,120.583999,24.186715,2
2023,2,10,16,34,臺中市,大里區,0,1,0,8,1,5,50,4,1,1,5,4,5,7,1,1,1,2,5,1,16,8,2,8,1,1,C03,7,5,1,9,2,14,,8,8,1,22,9,C03,120.684992,24.119144,2
2023,2,10,16,37,臺中市,東勢區,0,0,0,8,,,50,,,,,,,,,,,,,,,12,,,,,B12,,,1,,2,,,12,,1,22,,B12,120.83002,24.251432,3
2023,2,10,16,38,臺中市,潭子區,0,0,0,8,,,50,,,,,,,,,,,,,,,12,,,,,B03,,,1,,2,,,12,,1,21,,B03,120.702049,24.216256,3
2023,2,10,16,41,臺中市,西屯區,0,0,0,8,,,50,,,,,,,,,,,,,,,12,,,,,B03,,,1,,1,,,12,,1,22,,B03,120.612416,24.190607,3
2023,2,10,16,43,臺中市,北屯區,0,0,0,8,,,50,,,,,,,,,,,,,,,16,,,,,B03,,,1,,2,,,16,,1,22,,B03,120.684593,24.201433,3
2023,2,10,16,44,臺中市,西屯區,0,1,0,8,1,5,50,4,1,1,5,4,5,7,2,1,10,5,5,2,16,6,3,10,1,1,B03,7,6,1,8,2,5,,6,6,1,22,8,B03,120.615647,24.189135,2
2023,2,10,16,48,臺中市,西屯區,0,1,0,8,1,5,50,14,7,1,5,4,5,7,4,4,5,5,4,2,18,23,2,9,1,1,C03,7,9,1,10,2,14,,23,23,1,4,8,C03,120.633939,24.162903,2
2023,2,10,16,48,臺中市,霧峰區,0,1,0,8,1,5,30,14,9,1,5,4,5,7,4,4,10,5,5,1,10,5,2,9,1,1,C03,7,9,1,10,2,11,,5,5,1,22,9,C03,120.686691,24.050583,2
2023,2,10,16,50,臺中市,烏日區,0,1,0,8,1,5,50,4,1,1,5,4,5,7,4,4,5,4,5,2,16,6,3,10,1,1,B03,7,6,1,8,2,8,,6,6,1,21,8,B03,120.593839,24.111069,2
2023,2,10,16,53,臺中市,太平區,0,0,0,8,,,50,,,,,,,,,,,,,,,12,,,,,B12,,,1,,2,,,12,,1,21,,B12,120.715213,24.104539,3
2023,2,10,16,54,臺中市,西屯區,0,0,0,8,,,50,,,,,,,,,,,,,,,16,,,,,B03,,,1,,1,,,16,,1,22,,B03,120.659661,24.171308,3
2023,2,10,16,58,臺中市,西屯區,0,2,0,8,3,5,30,3,1,1,5,4,5,7,4,4,10,5,5,2,16,6,3,10,1,1,B03,7,5,1,8,2,5,,6,6,1,4,8,B03,120.655358,24.165695,2
2023,2,10,16,58,臺中市,梧棲區,0,0,0,8,,,50,,,,,,,,,,,,,,,25,,,,,B03,,,1,,2,,,25,,1,11,,B03,120.533588,24.243223,3
2023,2,10,17,7,臺中市,豐原區,0,0,0,8,,,30,,,,,,,,,,,,,,,17,,,,,A12,,,1,,2,,,17,,1,22,,A12,120.727926,24.241095,3
2023,2,10,17,8,臺中市,北區,0,2,0,8,1,5,50,14,8,1,5,4,5,7,4,4,3,2,4,1,16,44,2,9,3,4,C03,7,9,1,10,2,11,,23,44,1,22,9,C03,120.6816,24.162957,2
2023,2,10,17,8,臺中市,太平區,0,1,0,8,1,5,50,5,2,1,5,4,5,7,2,1,10,5,5,2,16,6,3,10,1,1,B03,7,6,1,8,2,2,,6,6,1,5,8,B03,120.710306,24.134931,2
2023,2,10,17,9,臺中市,太平區,0,2,0,8,1,5,50,3,1,1,5,4,5,7,4,4,10,5,5,2,16,6,2,9,1,1,C03,7,5,1,10,1,12,,6,6,1,5,9,C03,120.726802,24.14992,2
2023,2,10,17,10,臺中市,西屯區,0,0,0,8,,,50,,,,,,,,,,,,,,,23,,,,,C03,,,3,,1,,,23,,1,4,,C03,120.64999,24.162286,3
2023,2,10,17,14,臺中市,龍井區,0,0,0,8,,,40,,,,,,,,,,,,,,,23,,,,,B01,,,1,,2,,,23,,1,22,,B01,120.57457,24.180596,3
2023,2,10,17,14,臺中市,后里區,0,0,0,8,1,5,30,14,9,1,5,4,5,7,4,4,5,5,5,1,14,12,3,10,1,1,B12,7,2,1,8,2,3,,12,12,1,4,8,B12,120.732596,24.30878,3
2023,2,10,17,15,臺中市,南區,0,1,0,8,1,5,50,4,1,1,5,4,5,7,2,1,5,2,5,2,16,25,3,10,1,1,C03,7,9,1,10,2,11,,25,25,1,22,8,C03,120.666603,24.116895,2
2023,2,10,17,15,臺中市,大甲區,0,0,0,8,,,50,,,,,,,,,,,,,,,4,,,,,B11,,,1,,2,,,4,,1,10,,B11,120.62838,24.34269,3
2023,2,10,17,18,臺中市,北屯區,0,0,0,,,,50,,,,,,,,,,,,,,,23,,,,,B03,,,1,,1,,,23,,1,21,,B03,120.695233,24.182691,3
2023,2,10,17,18,臺中市,西屯區,0,0,0,8,,,50,,,,,,,,,,,,,,,23,,,,,B03,,,1,,1,,,23,,1,22,,B03,120.619409,24.184541,3
2023,2,10,17,20,臺中市,西屯區,0,1,0,8,2,5,40,14,8,1,5,4,5,7,4,4,4,5,4,2,9,36,3,10,1,1,A02,7,15,1,3,2,15,,36,36,1,10,8,A02,120.646344,24.171594,2
2023,2,10,17,31,臺中市,神岡區,0,0,0,8,,,1,,,,,,,,,,,,,,,42,,,,,C03,,,1,,1,,,42,,1,22,,C03,120.682985,24.24628,3
2023,2,10,17,33,臺中市,清水區,0,1,0,8,2,5,50,4,7,1,5,4,5,7,1,1,1,4,4,1,15,25,3,10,1,1,B03,7,9,1,8,2,8,,25,25,1,21,8,B03,120.536728,24.266826,2
2023,2,10,17,35,臺中市,大肚區,0,2,0,8,1,5,30,4,1,1,5,4,5,7,4,4,10,5,5,2,16,6,2,9,3,4,C04,7,5,1,10,2,12,,6,6,1,22,9,C04,120.57887,24.168919,2
2023,2,10,17,36,臺中市,清水區,0,4,0,8,3,5,50,14,9,1,5,4,5,7,4,4,5,5,5,1,9,10,2,9,1,1,C03,7,11,1,10,2,11,,10,10,1,21,8,C03,120.547855,24.264022,2
2023,2,10,17,37,臺中市,西區,0,0,0,8,2,5,50,14,7,1,5,4,5,7,4,4,1,5,1,2,13,23,,,,,B12,,,1,,1,,,23,23,1,21,,B12,120.662033,24.155858,3
2023,2,10,17,41,臺中市,南屯區,0,0,0,8,,,50,,,,,,,,,,,,,,,19,,,,,B02,,,3,,9,,,19,,1,5,,B02,120.652971,24.140127,3
2023,2,10,17,43,臺中市,北區,0,1,0,8,1,5,50,14,9,1,5,4,5,7,4,4,1,4,5,2,16,7,2,9,1,1,C03,7,7,1,10,2,13,,7,7,1,22,8,C03,120.667842,24.173171,2
2023,2,10,17,43,臺中市,南屯區,0,0,0,8,3,6,60,14,7,1,5,4,5,7,4,4,1,4,1,2,13,16,3,10,1,1,B03,7,9,1,8,1,1,,16,16,1,22,8,B03,120.591797,24.158401,3
2023,2,10,17,43,臺中市,霧峰區,0,0,0,8,,,60,,,,,,,,,,,,,,,7,,,,,B03,,,1,,2,,,7,7,1,22,,B03,120.699411,24.073001,3
2023,2,10,17,44,臺中市,南區,0,2,0,8,1,5,30,4,1,1,5,4,5,7,4,4,10,5,5,2,11,5,2,9,1,1,F01,7,9,8,20,2,16,,5,5,1,22,8,F01,120.670983,24.115677,2
2023,2,10,17,45,臺中市,后里區,0,0,0,8,,,30,,,,,,,,,,,,,,,5,,,,,B03,,,1,,2,,,5,,1,21,,B03,120.703669,24.300494,3
2023,2,10,17,46,臺中市,南區,0,1,0,8,3,5,50,4,1,1,5,4,5,7,1,1,10,5,5,2,13,23,3,10,1,1,B03,7,14,1,8,2,6,,44,23,1,22,8,B03,120.661925,24.130102,2
2023,2,10,17,48,臺中市,沙鹿區,0,1,0,8,2,5,70,3,1,1,5,4,5,7,4,4,10,5,5,2,16,6,3,10,1,1,B03,7,5,1,8,2,2,,6,6,1,9,8,B03,120.610055,24.245755,2
2023,2,10,17,48,臺中市,神岡區,0,0,0,8,,,50,,,,,,,,,,,,,,,17,,,,,C03,,,1,,2,,,17,,1,22,,C03,120.696379,24.248541,3
2023,2,10,17,53,臺中市,神岡區,0,1,0,8,3,5,50,3,1,1,5,4,5,7,4,4,5,5,5,1,18,42,2,9,1,4,C03,7,12,1,10,2,14,,42,42,1,22,9,C03,120.701354,24.252221,2
2023,2,10,17,55,臺中市,西屯區,0,1,0,8,2,5,50,4,1,1,5,4,5,7,2,1,10,5,5,2,16,19,3,10,1,1,B01,7,1,1,4,2,1,,19,19,1,22,8,B01,120.646694,24.155644,2
2023,2,10,17,57,臺中市,中區,0,0,0,,,,50,,,,,,,,,,,,,,,16,,,,,B03,,,1,,1,,,16,,1,21,,B03,120.681464,24.144027,3
2023,2,10,17,57,臺中市,霧峰區,0,1,0,8,3,5,50,4,1,1,5,4,5,7,1,1,5,4,5,1,11,17,3,10,1,1,B03,7,5,1,8,2,8,,17,17,1,22,9,B03,120.703036,24.070544,2
2023,2,10,18,0,臺中市,北區,0,0,0,8,3,5,50,15,9,1,5,4,5,7,4,4,8,3,5,2,13,23,,,,,C03,,,2,,1,,,23,,1,22,,C03,120.685682,24.143334,3
2023,2,10,18,0,臺中市,霧峰區,0,0,0,8,,,30,,,,,,,,,,,,,,,17,,,,,B03,,,1,,2,,,17,,1,22,,B03,120.678096,24.071143,3
2023,2,10,18,0,臺中市,沙鹿區,0,0,0,8,,,50,,,,,,,,,,,,,,,16,,,,,C03,,,1,,2,,,16,,1,5,,C03,120.56164,24.243219,3
2023,2,10,18,2,臺中市,北區,0,2,0,8,3,5,50,5,2,1,5,4,5,7,2,1,3,2,4,1,16,25,2,9,3,4,C03,7,9,4,10,2,12,,25,25,1,22,9,C03,120.673889,24.17383,2
2023,2,10,18,4,臺中市,北區,0,1,0,8,3,5,40,14,8,1,5,4,5,7,4,4,5,4,4,2,13,23,3,10,1,1,C03,7,15,1,10,2,11,,23,23,1,22,8,C03,120.678465,24.159367,2
2023,2,10,18,5,臺中市,潭子區,0,2,0,8,2,5,50,4,1,1,5,4,5,7,1,1,10,5,5,2,16,6,3,10,1,1,B03,7,5,1,8,2,2,,6,6,1,22,8,B03,120.723667,24.218003,2
2023,2,10,18,5,臺中市,潭子區,0,0,0,8,,,60,,,,,,,,,,,,,,,17,,,,,C03,,,1,,2,,,17,,1,22,,C03,120.70339,24.201661,3
2023,2,10,18,5,臺中市,潭子區,0,2,0,8,3,5,30,3,1,1,5,4,5,5,4,4,8,3,5,1,17,6,2,9,1,1,C03,7,5,1,10,2,14,,6,6,1,22,8,C03,120.707755,24.21772,2
2023,2,10,18,8,臺中市,西屯區,0,1,0,8,3,5,35,11,9,1,5,4,5,7,4,4,10,5,5,1,17,19,3,10,3,4,B03,7,1,1,8,2,15,,19,19,1,22,8,B03,120.630365,24.176693,2
2023,2,10,18,10,臺中市,西區,0,0,0,8,,,50,,,,,,,,,,,,,,,12,,,,,B03,,,1,,9,,,12,,1,21,,B03,120.662474,24.137486,3
2023,2,10,18,11,臺中市,西屯區,0,1,0,8,1,5,50,14,9,1,5,4,5,7,4,4,1,4,5,1,16,44,3,10,1,4,B03,7,7,1,8,2,2,,44,44,1,4,8,B03,120.659836,24.171146,2
2023,2,10,18,12,臺中市,大肚區,0,2,0,8,3,5,70,14,9,1,5,4,5,7,1,1,1,4,5,1,13,23,2,9,1,1,C03,7,9,1,10,2,11,,23,23,1,2,1,C03,120.548553,24.142266,2
2023,2,10,18,12,臺中市,大肚區,0,2,0,8,1,5,70,14,9,1,5,4,5,7,1,1,1,4,5,1,17,23,2,8,1,1,C03,7,9,1,10,2,11,,23,23,1,2,8,C03,120.548559,24.142246,2
2023,2,10,18,15,臺中市,西屯區,0,1,0,8,1,5,50,14,9,1,5,4,5,7,4,4,10,4,5,2,13,23,2,9,3,4,C03,7,9,1,10,2,11,,23,23,1,22,8,C03,120.657025,24.178176,2
2023,2,10,18,23,臺中市,南屯區,0,0,0,8,3,5,40,14,8,1,5,4,5,7,4,4,1,4,1,2,13,23,,,,,B03,,,1,,1,,,23,,1,5,,B03,120.628112,24.160916,3
2023,2,10,18,23,臺中市,西屯區,0,0,0,8,,,50,,,,,,,,,,,,,,,23,,,,,B03,,,1,,1,,,23,,1,22,,B03,120.656512,24.200658,3
2023,2,10,18,26,臺中市,東區,0,0,0,,,,50,,,,,,,,,,,,,,,16,,,,,B03,,,1,,2,,,16,,1,5,,B03,120.703371,24.13396,3
2023,2,10,18,26,臺中市,北屯區,0,1,0,8,3,5,50,14,9,1,5,4,5,7,4,4,5,5,5,2,17,40,3,10,1,1,B12,7,13,1,4,2,4,,40,40,1,21,8,B12,120.705907,24.165147,2
2023,2,10,18,33,臺中市,大里區,0,1,0,8,3,5,50,4,1,1,5,4,5,7,1,1,5,5,5,1,16,27,3,10,1,1,B03,7,6,1,8,2,6,,27,9,1,22,9,B03,120.672487,24.104855,2
2023,2,10,18,35,臺中市,南屯區,0,1,0,8,3,5,50,14,9,1,5,4,5,7,4,4,9,5,5,2,13,23,2,9,3,4,C03,7,9,1,10,2,11,,23,23,1,4,9,C03,120.652883,24.134288,2
2023,2,10,18,37,臺中市,西區,0,1,0,8,3,5,50,5,1,1,5,4,5,7,2,1,10,5,5,2,16,23,3,10,1,1,B03,7,9,1,8,1,8,,23,23,1,5,5,B03,120.675424,24.150936,2
2023,2,10,18,39,臺中市,南屯區,0,0,0,8,,,50,,,,,,,,,,,,,,,16,,,,,B03,,,1,,1,,,16,,1,5,,B03,120.634033,24.156285,3
2023,2,10,18,42,臺中市,神岡區,0,1,0,8,3,5,50,4,1,1,5,4,5,7,1,1,1,4,4,1,16,6,3,10,1,1,B03,7,5,1,8,2,5,,6,6,1,22,8,B03,120.684131,24.246517,2
2023,2,10,18,43,臺中市,豐原區,0,0,0,8,,,50,,,,,,,,,,,,,,,26,,,,,B03,,,1,,2,,,26,,1,22,,B03,120.719092,24.257347,3
2023,2,10,18,49,臺中市,西區,0,0,0,8,,,50,,,,,,,,,,,,,,,12,,,,,B03,,,1,,9,,,12,,2,21,,B03,120.667284,24.141389,3
2023,2,10,18,49,臺中市,南區,0,0,0,8,,,50,,,,,,,,,,,,,,,23,,,,,B03,,,1,,2,,,23,,1,22,,B03,120.667245,24.119421,3
2023,2,10,18,50,臺中市,西屯區,0,0,0,8,,,50,,,,,,,,,,,,,,,38,,,,,B03,,,1,,9,,,38,,1,22,,B03,120.589721,24.176275,3
2023,2,10,18,52,臺中市,西屯區,0,0,0,8,,,40,,,,,,,,,,,,,,,26,,,,,B03,,,1,,1,,,26,,1,22,,B03,120.626969,24.159703,3
2023,2,10,18,52,臺中市,豐原區,0,1,0,7,3,5,40,4,1,1,5,4,5,7,1,1,5,5,4,2,16,8,2,9,1,1,F03,7,5,8,20,2,16,,8,8,1,22,8,F03,120.705693,24.252634,2