年,月,日,時,分,縣市,區,死,受傷,2-30,天候,光線,道路類別,速限,道路型態,事故位置,路面鋪裝,路面狀態,路面缺陷,障礙物,視距,號誌種類,號誌動作,分向設施,快車道或一般車道間,快慢車道間,路面邊線,事故類型及型態,主要肇因,受傷程度,主要傷處,保護裝備,行動電話,當事者區分,車輛用途,當事者行動狀態,駕駛資格情形,駕駛執照種類,飲酒情形,車輛撞擊部位最初,車輛撞擊部位其他,肇事因素個別,肇事因素主要,肇事逃逸,職業,旅次目的,車種,GPS緯度,GPS經度,事故類別
2023,2,11,20,39,臺中市,西屯區,0,0,0,,,,50,,,,,,,,,,,,,,,19,,,,,B03,,,1,,1,,,19,,1,22,,B03,120.656196,24.181503,3
2023,2,11,20,50,臺中市,豐原區,0,1,0,8,3,5,50,4,1,1,5,4,5,7,3,1,4,5,5,1,15,6,3,10,1,1,C03,7,1,1,10,2,14,,6,6,1,22,8,C03,120.730238,24.248418,2
2023,2,11,20,55,臺中市,烏日區,0,1,0,8,3,5,40,14,7,1,5,4,5,7,4,4,5,4,4,2,16,26,3,10,1,1,B03,7,11,1,8,2,4,,26,26,1,5,8,B03,120.607315,24.12609,2
2023,2,11,21,0,臺中市,大雅區,0,0,0,8,,,50,,,,,,,,,,,,,,,43,,,,,,,,,,,,,43,,2,,,,120.644221,24.208981,3
2023,2,11,21,8,臺中市,沙鹿區,0,1,0,8,3,5,50,15,9,1,5,4,5,7,4,4,9,5,5,1,18,23,2,9,1,1,C03,7,9,1,10,4,14,,23,23,1,20,8,C03,120.553319,24.225907,2
2023,2,11,21,9,臺中市,烏日區,0,1,0,8,1,5,70,14,16,1,5,4,5,7,4,4,1,5,5,2,20,23,2,8,1,1,C03,7,9,1,10,2,11,12,23,23,1,21,8,C03,120.599642,24.110249,2
2023,2,11,21,10,臺中市,北屯區,0,0,0,8,,,50,,,,,,,,,,,,,,,23,,,,,B03,,,1,,2,,,23,,1,22,,B03,120.661043,24.184861,3
2023,2,11,21,19,臺中市,大雅區,0,2,0,8,3,5,50,14,9,1,5,4,5,7,4,4,5,4,5,1,3,51,2,9,1,5,H01,8,18,8,20,2,16,,51,51,1,22,9,H01,120.654019,24.224144,2
2023,2,11,21,21,臺中市,南區,0,1,0,8,3,5,50,4,1,1,5,4,5,6,3,1,1,2,5,2,23,23,2,9,1,1,C03,7,9,1,10,2,11,,23,23,1,22,8,C03,120.656555,24.120586,2
2023,2,11,21,29,臺中市,南區,0,2,0,8,1,5,50,4,1,1,5,4,5,7,1,1,10,5,5,2,17,25,2,9,1,1,C03,7,9,1,10,2,14,,25,25,1,22,8,C03,120.662055,24.130022,2
2023,2,11,21,30,臺中市,大雅區,0,4,0,8,3,5,30,5,1,1,5,4,5,7,4,4,10,5,5,2,16,23,2,9,1,1,B03,7,9,1,8,2,8,,23,23,1,22,9,B03,120.669509,24.203661,2
2023,2,11,21,30,臺中市,大甲區,0,3,0,8,3,5,50,3,8,1,5,4,5,7,1,1,3,3,4,1,12,6,3,10,1,1,B03,7,8,1,8,2,3,,6,6,1,22,9,B03,120.643299,24.400409,2
2023,2,11,21,42,臺中市,南屯區,0,0,0,8,,,50,,,,,,,,,,,,,,,17,,,,,B03,,,1,,2,,,17,,1,22,,B03,120.637316,24.147017,3
2023,2,11,21,48,臺中市,西屯區,0,0,0,8,,,30,,,,,,,,,,,,,,,12,,,,,B03,,,1,,2,,,12,,1,22,,B03,120.643475,24.178259,3
2023,2,11,21,51,臺中市,南屯區,0,2,0,8,3,5,50,14,9,1,5,4,5,7,4,4,5,5,5,2,16,10,2,9,1,1,C03,7,11,1,10,2,14,,10,10,1,22,8,C03,120.612135,24.145791,2
2023,2,11,21,52,臺中市,潭子區,0,1,0,8,3,5,50,4,1,1,5,4,5,7,1,1,1,4,4,1,16,6,3,10,1,1,B03,7,6,1,8,2,5,,6,6,1,22,9,B03,120.690233,24.224979,2
2023,2,11,22,1,臺中市,西屯區,0,0,0,8,,,50,,,,,,,,,,,,,,,42,,,,,B12,,,1,,1,,,42,,1,22,,B12,120.613183,24.191528,3
2023,2,11,22,5,臺中市,大雅區,0,1,0,8,4,5,50,3,1,1,5,4,5,7,4,4,3,4,4,1,17,23,2,9,1,1,C03,7,9,1,10,2,15,,23,23,1,22,9,C03,120.615243,24.219546,2
2023,2,11,22,8,臺中市,南屯區,0,0,0,8,,,50,,,,,,,,,,,,,,,9,,,,,B03,,,1,,2,,,9,,1,22,,B03,120.649918,24.140936,3
2023,2,11,22,19,臺中市,神岡區,0,1,0,8,4,5,50,14,8,1,5,4,5,7,4,4,5,5,4,2,17,23,2,9,3,4,C03,7,9,1,10,2,11,,23,23,1,22,7,C03,120.686789,24.248966,2
2023,2,11,22,24,臺中市,北屯區,0,2,0,8,3,5,50,4,2,1,5,4,5,7,2,1,1,4,4,2,16,6,3,10,1,1,B01,7,6,1,4,2,5,,6,6,1,10,8,B01,120.667655,24.179613,2
2023,2,11,22,29,臺中市,烏日區,0,0,0,,,,50,,,,,,,,,,,,,,,17,,,,,B03,,,1,,2,,,17,,1,21,,B03,120.616844,24.116186,3
2023,2,11,22,30,臺中市,北屯區,0,0,0,8,,,50,,,,,,,,,,,,,,,23,,,,,C03,,,1,,2,,,23,23,1,21,,C03,120.684531,24.172525,3
2023,2,11,22,30,臺中市,霧峰區,0,0,0,8,,,30,,,,,,,,,,,,,,,12,,,,,B03,,,1,,2,,,12,,1,21,,B03,120.672192,24.076225,3
2023,2,11,22,31,臺中市,北區,0,0,0,,,,50,,,,,,,,,,,,,,,7,,,,,B03,,,1,,11,,,7,,1,22,,B03,120.675464,24.155732,3
2023,2,11,22,50,臺中市,東區,0,0,0,8,1,5,50,14,7,1,5,4,5,7,4,4,1,4,4,2,12,7,3,10,1,1,B03,7,7,1,8,2,8,,7,7,1,22,8,B03,120.694582,24.143571,3
2023,2,11,22,50,臺中市,霧峰區,0,0,0,8,,,30,,,,,,,,,,,,,,,44,,,,,,,,,,,,,44,,1,,,,120.687373,24.04405,3
2023,2,11,22,52,臺中市,北屯區,0,1,0,8,3,5,60,4,1,1,5,4,5,7,2,1,10,5,5,2,16,9,2,9,1,1,C03,7,6,1,10,2,13,,9,9,1,22,8,C03,120.704415,24.164733,2
2023,2,11,22,55,臺中市,北屯區,0,2,0,8,3,5,50,14,9,1,5,4,5,7,4,4,1,4,5,2,16,19,3,10,1,1,B01,7,1,1,4,2,8,,19,19,1,10,8,B01,120.658448,24.18472,2
2023,2,11,22,58,臺中市,東區,0,1,0,8,3,5,50,14,9,1,5,4,5,7,1,1,3,5,5,2,13,16,2,8,3,4,C03,7,9,1,10,9,11,,16,16,1,22,8,C03,120.686877,24.136117,2
2023,2,11,23,2,臺中市,南屯區,0,1,0,8,3,5,50,14,9,1,5,4,5,7,4,4,5,4,5,2,16,7,3,10,1,1,B03,7,8,6,8,2,5,,7,7,1,22,8,B03,120.634598,24.146306,2
2023,2,11,23,10,臺中市,龍井區,0,0,0,8,,,50,,,,,,,,,,,,,,,12,,,,,B12,,,1,,2,,,12,,1,5,,B12,120.52578,24.213986,3
2023,2,11,23,12,臺中市,東區,0,1,0,7,3,5,50,4,1,1,5,4,5,7,3,1,10,5,5,2,15,6,3,10,1,1,B03,7,9,1,8,2,4,,6,6,1,22,9,B03,120.704553,24.13518,2
2023,2,11,23,13,臺中市,東區,0,1,0,8,3,5,50,4,1,1,5,4,5,7,4,4,5,5,5,2,15,6,3,10,1,1,B01,7,9,1,4,2,2,,6,6,1,22,8,B01,120.688256,24.14087,2
2023,2,11,23,16,臺中市,北屯區,0,2,0,8,3,5,50,3,1,1,5,4,5,7,1,1,10,5,5,2,17,6,3,10,3,4,B01,7,5,1,1,2,1,,6,6,1,10,8,B01,120.69545,24.166808,2
2023,2,11,23,17,臺中市,北屯區,0,1,0,8,3,5,50,4,1,1,5,4,5,7,2,1,10,5,5,2,18,13,2,9,1,1,C03,7,9,1,10,2,14,,13,13,1,22,8,C03,120.686123,24.183643,2
2023,2,11,23,20,臺中市,西屯區,0,2,0,8,3,5,50,3,1,1,5,4,5,7,4,4,9,4,5,2,17,43,2,9,1,1,C03,7,9,1,10,2,11,,43,43,1,22,8,C03,120.654786,24.16576,2
2023,2,11,23,23,臺中市,西屯區,0,1,0,8,3,5,50,14,9,1,5,4,5,7,4,4,9,4,5,2,18,42,2,9,1,1,C03,7,9,1,10,2,12,,42,42,1,12,8,C03,120.64398,24.194623,2
2023,2,11,23,32,臺中市,大里區,0,0,0,8,,,40,,,,,,,,,,,,,,,23,,,,,B03,,,1,,2,,,23,,1,5,,B03,120.688335,24.095088,3
2023,2,11,23,57,臺中市,西屯區,0,1,0,8,3,5,40,3,1,1,5,4,5,7,1,1,10,5,5,2,12,8,3,10,1,1,B03,7,5,1,8,2,5,,8,8,1,22,8,B03,120.63205,24.173988,2
2023,2,12,0,12,臺中市,北屯區,0,2,0,8,3,5,50,4,1,1,5,4,5,7,2,1,10,5,5,2,17,6,2,9,3,4,C03,7,5,3,18,1,12,,6,6,1,21,8,C03,120.685417,24.170805,2
2023,2,12,0,21,臺中市,南屯區,0,2,0,8,3,5,50,3,1,1,5,4,5,7,2,1,10,5,5,2,16,6,2,9,1,1,C03,7,5,1,10,2,14,,6,6,1,22,9,C03,120.653204,24.12949,2
2023,2,12,0,54,臺中市,南區,0,0,0,8,3,5,50,3,9,1,5,4,5,7,1,1,2,5,5,2,13,23,3,10,1,1,B03,7,1,1,8,2,1,,23,23,1,21,8,B03,120.645502,24.111993,3
2023,2,12,0,55,臺中市,太平區,0,0,0,8,,,50,,,,,,,,,,,,,,,42,,,,,B03,,,1,,1,,,42,,1,21,,B03,120.714932,24.157926,3
2023,2,12,3,14,臺中市,西屯區,0,0,0,8,3,5,60,5,1,1,5,4,5,7,1,1,9,4,1,2,17,21,3,10,1,1,B03,7,9,1,8,7,1,,21,21,1,12,8,B03,120.643913,24.165788,3
2023,2,12,3,38,臺中市,北區,0,1,0,8,1,5,50,4,1,1,5,4,5,7,4,4,10,5,5,2,15,6,2,9,1,1,C03,7,9,1,10,2,12,,6,6,1,5,8,C03,120.688858,24.160333,2
2023,2,12,3,42,臺中市,大肚區,0,1,0,8,3,5,50,4,2,1,5,4,5,7,3,1,5,4,5,1,9,60,2,8,1,1,H01,8,20,8,20,10,16,,60,60,1,5,8,H01,120.575786,24.162435,2
2023,2,12,4,32,臺中市,西屯區,0,0,0,8,3,5,50,14,9,1,5,4,5,7,4,4,9,4,5,2,13,21,2,1,1,1,F02,7,9,8,20,8,16,,21,43,1,22,8,F02,120.661674,24.166201,3
2023,2,12,4,56,臺中市,烏日區,0,0,0,8,,,50,,,,,,,,,,,,,,,23,,,,,B02,,,1,,2,,,23,,1,21,,B02,120.642003,24.066952,3
2023,2,12,5,55,臺中市,太平區,0,2,0,8,3,5,50,4,9,1,5,4,5,7,4,4,5,5,5,2,3,51,2,9,4,1,H01,8,16,8,20,9,16,,51,51,1,22,8,H01,120.723655,24.155638,2
2023,2,12,6,15,臺中市,東區,0,2,0,8,2,5,50,5,1,1,5,4,5,7,1,1,10,5,5,2,16,1,3,10,1,1,B12,7,6,6,18,2,2,,1,1,1,20,8,B12,120.693955,24.133361,2
2023,2,12,7,25,臺中市,南屯區,0,0,0,,,,50,,,,,,,,,,,,,,,23,,,,,B03,,,1,,2,,,23,23,1,12,,B03,120.635568,24.152566,3
2023,2,12,7,27,臺中市,豐原區,0,1,0,8,1,5,40,14,9,1,5,4,5,7,4,4,10,5,5,2,18,42,2,9,1,1,F01,7,15,8,20,1,16,,42,42,1,22,8,F01,120.734854,24.267349,2
2023,2,12,7,35,臺中市,西屯區,0,2,0,8,1,5,50,4,1,1,5,4,5,7,2,1,10,5,5,2,16,19,2,9,1,1,C03,7,1,1,10,2,15,,19,19,1,22,8,C03,120.655945,24.15912,2
2023,2,12,7,43,臺中市,大里區,0,0,0,8,,,50,,,,,,,,,,,,,,,23,,,,,B03,,,1,,2,,,23,,1,22,,B03,120.694826,24.111729,3
2023,2,12,7,50,臺中市,潭子區,0,0,0,8,,,50,,,,,,,,,,,,,,,23,,,,,B03,,,1,,2,,,23,23,1,22,,B03,120.688438,24.225493,3
2023,2,12,7,55,臺中市,東區,0,2,0,8,1,5,50,14,7,1,5,4,5,7,4,4,3,4,4,2,17,4,2,7,1,1,C03,7,15,3,18,2,14,,4,4,1,19,8,C03,120.697763,24.145483,2
2023,2,12,7,56,臺中市,南屯區,0,0,0,8,,,30,,,,,,,,,,,,,,,23,,,,,B02,,,1,,3,,,23,,1,5,,B02,120.624884,24.112783,3
2023,2,12,8,10,臺中市,北區,0,1,0,8,1,5,40,14,8,1,5,4,5,7,4,4,1,4,4,2,12,23,2,9,1,1,F03,7,9,8,20,2,16,,23,23,1,22,8,F03,120.698716,24.151985,2
2023,2,12,8,20,臺中市,北屯區,0,0,0,8,,,50,,,,,,,,,,,,,,,23,,,,,B03,,,1,,1,,,23,,1,21,,B03,120.680537,24.200824,3
2023,2,12,8,22,臺中市,西屯區,0,0,0,8,,,40,,,,,,,,,,,,,,,23,,,,,B03,,,1,,11,,,23,,1,22,,B03,120.639414,24.188611,3
2023,2,12,8,28,臺中市,西屯區,0,1,0,8,1,5,50,3,7,1,5,4,5,7,1,1,1,2,1,2,13,16,3,10,3,4,B03,7,9,1,8,2,1,,16,16,1,22,8,B03,120.624311,24.17864,2
2023,2,12,8,29,臺中市,西區,0,1,0,8,1,5,50,14,9,1,5,4,5,7,4,4,10,5,5,2,11,23,2,9,1,2,C03,7,9,1,10,1,11,,23,23,1,21,8,C03,120.667669,24.130731,2
2023,2,12,8,34,臺中市,北區,0,0,0,8,,,50,,,,,,,,,,,,,,,23,,,,,B12,,,1,,2,,,23,,1,22,,B12,120.680745,24.154067,3
2023,2,12,8,36,臺中市,大里區,0,3,0,8,1,5,50,14,11,1,5,4,5,7,4,4,2,1,2,1,13,23,2,9,1,1,F03,7,9,8,20,2,16,,44,23,1,22,8,F03,120.688543,24.093861,2
2023,2,12,8,40,臺中市,北屯區,0,0,0,8,,,50,,,,,,,,,,,,,,,23,,,,,B03,,,1,,1,,,23,,1,22,,B03,120.679873,24.173999,3
2023,2,12,8,51,臺中市,清水區,0,0,0,8,,,50,,,,,,,,,,,,,,,6,,,,,B12,,,1,,2,,,6,6,1,21,,B12,120.555749,24.279035,3
2023,2,12,8,53,臺中市,北屯區,0,2,0,8,1,5,50,14,9,1,5,4,5,7,4,4,1,4,5,2,18,23,2,9,1,1,C03,7,9,1,10,2,14,,23,23,1,22,8,C03,120.671921,24.174121,2
2023,2,12,8,59,臺中市,東區,0,1,0,8,1,5,50,14,9,1,5,4,5,7,4,4,5,4,5,2,27,42,2,9,1,1,C03,7,9,1,10,2,15,,42,42,1,22,8,C03,120.689051,24.136853,2
2023,2,12,9,4,臺中市,東區,0,1,0,8,1,5,50,14,9,1,5,4,5,7,4,4,5,5,5,2,12,23,3,10,1,1,B01,7,9,1,4,2,2,,23,23,1,10,8,B01,120.703442,24.125466,2
2023,2,12,9,5,臺中市,西區,0,0,0,8,,,30,,,,,,,,,,,,,,,6,,,,,C03,,,4,,1,,,6,,1,21,,C03,120.660948,24.148448,3
2023,2,12,9,5,臺中市,北屯區,0,1,0,8,1,5,50,3,1,1,5,4,5,7,4,4,10,5,5,2,18,42,2,9,1,1,C03,7,6,1,10,2,12,,42,42,1,5,8,C03,120.71011,24.183883,2
2023,2,12,9,14,臺中市,南區,0,2,0,8,1,5,50,3,1,1,5,4,5,7,4,4,10,5,5,2,12,7,2,9,1,1,C03,7,8,1,10,2,13,,7,7,1,5,8,C03,120.662325,24.122562,2
2023,2,12,9,15,臺中市,東區,0,1,0,8,1,5,50,4,2,1,5,4,5,7,2,1,5,4,5,2,17,43,,,,,,,,,,,,,43,43,2,,,,120.701691,24.125466,2
2023,2,12,9,20,臺中市,大里區,0,1,0,8,1,5,50,3,1,1,5,4,5,7,4,4,9,5,5,1,9,43,2,8,4,5,H01,8,16,8,20,10,16,,67,43,1,22,8,H01,120.694751,24.09126,2
2023,2,12,9,21,臺中市,清水區,0,2,0,8,1,5,50,3,1,1,5,4,5,7,4,4,10,5,5,2,16,6,3,10,1,1,B03,7,5,1,8,2,5,,6,6,1,21,8,B03,120.553391,24.262793,2
2023,2,12,9,31,臺中市,北屯區,0,0,0,8,,,50,,,,,,,,,,,,,,,19,,,,,B03,,,1,,1,,,19,,1,22,,B03,120.683925,24.180295,3
2023,2,12,9,32,臺中市,北屯區,0,2,0,8,1,5,50,4,1,1,5,4,5,7,1,1,5,5,5,2,15,25,2,9,1,1,C03,7,9,1,10,2,12,,25,25,1,22,8,C03,120.686512,24.193214,2
2023,2,12,9,33,臺中市,西屯區,0,0,0,8,,,30,,,,,,,,,,,,,,,23,,,,,B03,,,1,,2,,,23,,1,22,,B03,120.660548,24.199627,3
2023,2,12,9,33,臺中市,太平區,0,0,0,8,,,50,,,,,,,,,,,,,,,23,,,,,B03,,,1,,2,,,23,,1,22,,B03,120.733999,24.147808,3
2023,2,12,9,38,臺中市,大里區,0,0,0,8,,,50,,,,,,,,,,,,,,,4,,,,,C03,,,1,,2,,,4,,1,22,,C03,120.691521,24.106529,3
2023,2,12,9,40,臺中市,北屯區,0,1,0,8,1,5,40,3,1,1,5,4,5,7,1,1,10,5,5,2,16,19,2,9,1,1,C03,7,1,1,10,2,14,11,19,19,1,4,8,C03,120.708248,24.170115,2
2023,2,12,9,50,臺中市,清水區,0,3,0,8,1,5,50,4,1,1,5,4,5,7,1,1,10,5,5,2,12,23,2,8,1,1,C03,7,9,1,10,2,12,,23,23,1,21,8,C03,120.558808,24.266757,2
2023,2,12,9,52,臺中市,南屯區,0,0,0,8,,,30,,,,,,,,,,,,,,,12,,,,,B03,,,1,,1,,,12,,1,22,,B03,120.622492,24.117469,3
2023,2,12,9,55,臺中市,北區,0,1,0,8,1,5,50,3,2,1,5,4,5,7,4,4,1,4,4,2,17,7,3,10,1,1,C03,7,10,1,10,2,13,,7,7,1,5,8,C03,120.675361,24.161039,2
2023,2,12,9,55,臺中市,東區,0,0,0,,,,50,,,,,,,,,,,,,,,23,,,,,B03,,,1,,2,,,23,,1,21,,B03,120.70928,24.149448,3
2023,2,12,9,55,臺中市,烏日區,0,1,0,8,1,5,30,4,1,1,5,4,5,7,4,4,10,5,5,2,16,6,3,10,1,1,C03,7,9,1,10,2,11,,6,6,1,22,8,C03,120.642917,24.096154,2
2023,2,12,10,3,臺中市,霧峰區,0,2,0,8,1,5,40,14,8,1,5,4,5,7,4,4,1,5,1,1,17,23,2,9,1,1,F01,7,9,8,20,2,16,,23,23,1,16,8,F01,120.683246,24.016244,2
2023,2,12,10,5,臺中市,太平區,0,1,0,8,1,5,50,4,1,1,5,4,5,7,4,4,10,5,5,2,15,5,3,10,1,1,B03,7,9,1,8,2,8,,5,5,1,22,5,B03,120.723863,24.129847,2
2023,2,12,10,22,臺中市,西區,0,1,0,8,1,5,50,14,9,1,5,4,5,7,4,4,5,5,5,2,18,43,2,9,1,1,C03,7,1,1,10,2,15,,43,43,1,22,9,C03,120.667845,24.13493,2
2023,2,12,10,24,臺中市,西區,0,0,0,,,,,,,,,,,,,,,,,,,67,,,,,C03,,,1,,1,,,44,67,1,5,,C03,120.65485,24.151941,3
2023,2,12,10,48,臺中市,大雅區,0,1,0,8,1,5,30,5,1,1,5,4,5,7,4,4,10,5,5,2,17,6,2,3,1,1,C03,7,9,1,10,2,12,,6,6,1,22,8,C03,120.664823,24.232848,2
2023,2,12,10,49,臺中市,西屯區,0,3,0,8,1,5,50,14,9,1,5,4,5,7,4,4,1,5,5,2,13,16,2,9,1,1,C03,7,9,1,10,2,11,,16,16,1,22,8,C03,120.642324,24.172921,2
2023,2,12,10,50,臺中市,南屯區,0,1,0,8,1,5,40,14,8,1,5,4,5,7,4,4,1,2,1,2,13,23,2,8,1,1,C03,7,9,1,10,2,11,,23,23,1,22,9,C03,120.624106,24.151928,2
2023,2,12,10,50,臺中市,沙鹿區,0,0,0,8,1,5,50,4,9,1,5,4,5,7,4,4,4,3,5,1,15,6,,,,,C03,,,1,,2,,,6,,1,22,,C03,120.571125,24.224819,3
2023,2,12,10,50,臺中市,大甲區,0,1,0,8,1,5,50,4,1,1,5,4,5,7,4,4,10,5,5,2,15,6,3,10,1,1,B03,7,9,1,8,2,1,,6,6,1,4,1,B03,120.639816,24.401328,2
2023,2,12,10,58,臺中市,西屯區,0,0,0,8,,,50,,,,,,,,,,,,,,,23,,,,,C03,,,1,,11,,,23,,1,22,,C03,120.641076,24.167898,3
2023,2,12,11,0,臺中市,西區,0,3,0,8,1,5,50,14,9,1,5,4,5,7,4,4,5,5,5,2,17,42,2,9,1,1,C03,7,9,1,10,2,12,,42,42,1,21,8,C03,120.660284,24.146261,2
2023,2,12,11,0,臺中市,后里區,0,0,0,8,1,6,40,3,2,1,5,4,5,7,4,4,10,5,5,1,12,43,3,10,1,1,B03,7,6,1,8,1,2,,43,43,1,21,9,B03,120.717544,24.308181,3
2023,2,12,11,0,臺中市,新社區,0,0,0,8,1,5,50,16,9,1,5,4,5,7,4,4,10,5,5,2,13,23,,,,,B03,,,1,,2,,,23,,1,22,,B03,120.79399,24.205736,3
2023,2,12,11,4,臺中市,南屯區,0,1,0,8,1,5,40,14,8,1,5,4,5,7,4,4,5,2,4,2,17,40,3,10,3,4,B03,7,13,6,8,2,15,,40,40,1,20,8,B03,120.63351,24.148525,2
2023,2,12,11,6,臺中市,南屯區,0,1,0,8,1,5,50,4,1,1,5,4,5,7,1,1,10,5,5,2,3,15,3,10,1,1,B03,7,5,1,8,2,1,,15,15,1,22,8,B03,120.637844,24.145594,2
2023,2,12,11,7,臺中市,太平區,0,0,0,8,,,50,,,,,,,,,,,,,,,23,,,,,B03,,,1,,2,,,23,,1,4,,B03,120.712654,24.149129,3
2023,2,12,11,8,臺中市,大安區,0,2,0,8,1,5,50,4,1,1,5,4,5,7,1,1,10,5,5,2,15,25,3,10,1,1,B03,7,9,1,8,2,1,,25,25,1,4,1,B03,120.639598,24.401106,2
2023,2,12,11,13,臺中市,中區,0,0,0,8,,,50,,,,,,,,,,,,,,,42,,,,,C03,,,1,,2,,,42,,1,21,,C03,120.685971,24.138889,3
2023,2,12,11,13,臺中市,后里區,0,2,0,8,1,5,50,3,1,1,5,4,5,7,1,1,10,5,5,2,17,23,2,9,1,1,C03,7,9,1,6,2,11,,23,23,1,22,8,C03,120.697617,24.310529,2
2023,2,12,11,14,臺中市,神岡區,0,0,0,8,,,50,,,,,,,,,,,,,,,6,,,,,B02,,,1,,2,,,6,6,1,22,,B02,120.695838,24.236133,3
2023,2,12,11,15,臺中市,沙鹿區,0,0,0,8,,,70,,,,,,,,,,,,,,,23,,,,,B03,,,1,,1,,,23,,1,22,,B03,120.614596,24.244151,3
2023,2,12,11,16,臺中市,西屯區,0,0,0,8,,,50,,,,,,,,,,,,,,,23,,,,,B01,,,1,,1,,,23,,1,22,,B01,120.636066,24.171791,3
2023,2,12,11,17,臺中市,北屯區,0,0,0,8,,,50,,,,,,,,,,,,,,,23,,,,,B03,,,1,,1,,,23,,1,22,,B03,120.738145,24.178367,3
2023,2,12,11,25,臺中市,潭子區,0,0,0,8,,,60,,,,,,,,,,,,,,,7,,,,,B03,,,1,,2,,,7,,1,22,,B03,120.70392,24.202416,3
2023,2,12,11,25,臺中市,潭子區,0,0,0,8,,,30,,,,,,,,,,,,,,,5,,,,,B03,,,1,,2,,,5,,1,22,,B03,120.725407,24.200001,3
2023,2,12,11,25,臺中市,大雅區,0,0,0,8,,,50,,,,,,,,,,,,,,,26,,,,,B03,,,1,,2,,,26,,1,22,,B03,120.668805,24.236885,3
2023,2,12,11,30,臺中市,潭子區,0,1,0,8,1,7,30,11,22,1,5,4,5,7,4,4,10,5,5,1,18,23,2,9,2,1,F01,7,9,8,20,2,16,,23,23,1,22,8,F01,120.695129,24.232696,2
2023,2,12,11,32,臺中市,大里區,0,0,0,8,,,50,,,,,,,,,,,,,,,23,,,,,C03,,,1,,2,,,23,,1,22,,C03,120.690106,24.112515,3
2023,2,12,11,34,臺中市,神岡區,0,0,0,8,,,50,,,,,,,,,,,,,,,23,,,,,B12,,,1,,2,,,23,,1,22,,B12,120.684042,24.246501,3
2023,2,12,11,45,臺中市,南區,0,1,0,8,1,5,50,3,1,1,5,4,5,7,1,1,1,4,4,2,29,67,,,,,,,,,,,,,67,67,1,,,,120.680801,24.133506,2
2023,2,12,11,45,臺中市,石岡區,0,0,0,8,,,50,,,,,,,,,,,,,,,6,,,,,B03,,,1,,2,,,6,,1,22,,B03,120.777065,24.275334,3
2023,2,12,11,48,臺中市,潭子區,0,1,0,8,1,5,50,4,1,1,5,4,5,7,1,1,10,5,5,2,15,25,2,9,1,1,C03,7,9,1,10,2,11,,25,26,1,22,8,C03,120.718325,24.21811,2
2023,2,12,11,48,臺中市,大肚區,0,1,0,8,1,5,40,3,1,1,5,4,5,7,1,1,1,5,1,1,17,23,2,9,1,1,C03,7,9,1,10,2,14,,23,23,1,21,8,C03,120.582415,24.172886,2
2023,2,12,11,51,臺中市,太平區,0,1,0,8,1,5,50,14,9,1,5,4,5,7,4,4,9,5,5,2,17,12,3,10,1,1,B03,7,2,1,8,2,3,,12,12,1,4,5,B03,120.71953,24.153238,2
2023,2,12,11,53,臺中市,西屯區,0,1,0,8,1,5,50,4,1,1,5,4,5,7,1,1,10,5,5,2,12,8,2,8,2,1,F01,7,5,8,20,1,16,,8,8,1,22,8,F01,120.663048,24.163851,2
2023,2,12,11,55,臺中市,梧棲區,0,1,0,8,1,5,60,14,9,1,5,4,5,7,4,4,1,2,5,1,17,23,2,9,1,1,C03,7,9,1,10,2,11,,23,23,1,5,8,C03,120.53568,24.248206,2
2023,2,12,12,0,臺中市,霧峰區,0,0,0,8,,,40,,,,,,,,,,,,,,,23,,,,,B03,,,1,,2,,,23,,1,9,,B03,120.69475,24.051803,3
2023,2,12,12,3,臺中市,潭子區,0,1,0,8,1,5,50,14,9,1,5,4,5,7,4,4,1,3,5,2,13,23,2,1,1,1,B12,7,9,1,8,2,1,,23,23,1,22,9,B12,120.704195,24.200989,2
2023,2,12,12,8,臺中市,大里區,0,2,0,8,1,5,50,14,9,1,5,4,5,7,4,4,5,5,5,1,16,26,2,9,1,1,C03,7,11,1,10,2,12,,26,26,1,4,8,C03,120.698145,24.089896,2
2023,2,12,12,10,臺中市,西區,0,0,0,8,1,5,50,4,1,1,5,4,5,7,1,1,10,5,5,2,15,25,3,10,1,1,B03,7,9,1,8,1,8,,25,25,1,22,9,B03,120.669011,24.137697,3
2023,2,12,12,10,臺中市,北屯區,0,0,0,8,,,50,,,,,,,,,,,,,,,23,,,,,F01,,,8,,2,,,23,,1,22,,F01,120.713869,24.169958,3
2023,2,12,12,10,臺中市,西屯區,0,0,0,8,,,60,,,,,,,,,,,,,,,23,,,,,B03,,,1,,1,,,23,,1,1,,B03,120.650964,24.162311,3
2023,2,12,12,10,臺中市,豐原區,0,0,0,8,,,50,,,,,,,,,,,,,,,19,,,,,B12,,,1,,2,,,19,,1,22,,B12,120.802916,24.256438,3
2023,2,12,12,10,臺中市,豐原區,0,2,0,8,1,5,30,3,9,1,5,4,5,7,4,4,10,5,5,2,16,27,2,6,1,1,C03,7,5,1,10,2,14,,27,27,1,22,8,C03,120.719571,24.26466,2
2023,2,12,12,16,臺中市,北區,0,1,0,8,1,5,50,4,1,1,5,4,5,7,1,1,10,5,5,2,16,25,2,9,1,1,C03,7,5,6,18,2,12,,25,25,1,22,8,C03,120.677944,24.167048,2