年,月,日,時,分,縣市,區,死,受傷,2-30,天候,光線,道路類別,速限,道路型態,事故位置,路面鋪裝,路面狀態,路面缺陷,障礙物,視距,號誌種類,號誌動作,分向設施,快車道或一般車道間,快慢車道間,路面邊線,事故類型及型態,主要肇因,受傷程度,主要傷處,保護裝備,行動電話,當事者區分,車輛用途,當事者行動狀態,駕駛資格情形,駕駛執照種類,飲酒情形,車輛撞擊部位最初,車輛撞擊部位其他,肇事因素個別,肇事因素主要,肇事逃逸,職業,旅次目的,車種,GPS緯度,GPS經度,事故類別
2023,2,14,9,41,臺中市,北屯區,0,2,0,8,1,5,50,14,9,1,5,4,5,7,4,4,1,4,5,2,13,16,3,10,1,1,A12,7,9,1,7,2,1,,16,16,1,21,4,A12,120.731574,24.174761,2
2023,2,14,9,43,臺中市,大雅區,0,1,0,8,1,5,30,14,9,1,5,4,5,7,4,4,10,4,5,1,17,21,2,1,1,1,B03,7,9,1,8,8,5,,21,21,1,22,9,B03,120.664993,24.218442,2
2023,2,14,9,43,臺中市,梧棲區,0,1,0,8,1,5,50,4,1,1,5,4,5,7,4,4,10,5,5,2,15,23,3,10,1,1,B03,7,9,1,8,2,2,,23,23,1,19,8,B03,120.539659,24.225918,2
2023,2,14,9,47,臺中市,東區,0,1,0,8,1,5,50,4,1,1,5,4,5,7,4,4,10,5,5,2,15,6,3,10,1,1,B03,7,9,1,8,2,2,,6,6,1,5,8,B03,120.706022,24.142108,2
2023,2,14,9,58,臺中市,和平區,0,0,0,8,1,2,30,11,9,1,5,4,5,7,4,4,10,5,5,1,11,17,3,10,3,4,A05,7,9,1,2,2,4,,17,17,1,10,,A05,121.33826,24.377745,3
2023,2,14,9,59,臺中市,南屯區,0,0,0,8,,,50,,,,,,,,,,,,,,,7,,,,,B03,,,1,,1,,,7,,1,5,,B03,120.612344,24.136952,3
2023,2,14,10,12,臺中市,西區,0,2,0,8,1,5,50,5,1,1,5,4,5,7,1,1,10,5,5,2,13,44,2,9,1,1,C03,7,9,1,10,2,14,,23,44,1,5,5,C03,120.669837,24.150818,2
2023,2,14,10,20,臺中市,烏日區,0,0,0,8,,,30,,,,,,,,,,,,,,,17,,,,,B02,,,1,,2,,,17,,1,21,,B02,120.633308,24.071854,3
2023,2,14,10,21,臺中市,太平區,0,2,0,8,1,5,50,4,1,1,5,4,5,7,4,4,10,5,5,2,16,6,2,9,1,1,C03,7,5,1,10,2,11,,6,6,1,9,5,C03,120.716315,24.133045,2
2023,2,14,10,28,臺中市,西屯區,0,2,0,8,1,5,30,3,1,1,5,4,5,7,4,4,10,5,5,2,3,23,2,9,3,4,C03,7,9,1,10,2,11,,23,23,1,22,7,C03,120.646309,24.179901,2
2023,2,14,10,34,臺中市,神岡區,0,1,0,7,1,5,40,4,1,1,5,4,5,7,4,4,10,5,5,1,16,6,3,10,1,1,B03,7,5,1,8,2,1,,6,6,1,22,8,B03,120.678281,24.247542,2
2023,2,14,10,35,臺中市,西屯區,0,0,0,8,,,50,,,,,,,,,,,,,,,12,,,,,A11,,,1,,1,,,12,,1,1,,A11,120.597287,24.1738,3
2023,2,14,10,38,臺中市,北屯區,0,0,0,8,,,50,,,,,,,,,,,,,,,16,,,,,B03,,,1,,1,,,16,,1,22,,B03,120.729465,24.171408,3
2023,2,14,10,43,臺中市,沙鹿區,0,0,0,8,,,40,,,,,,,,,,,,,,,42,,,,,C03,,,1,,2,,,42,,1,20,,C03,120.56277,24.237697,3
2023,2,14,10,45,臺中市,后里區,0,0,0,8,1,5,50,14,9,1,5,4,5,7,4,4,4,3,4,1,13,23,3,10,1,1,B03,7,9,1,8,2,1,,23,23,1,4,8,B03,120.723683,24.294684,3
2023,2,14,10,50,臺中市,梧棲區,0,2,0,8,1,5,50,3,1,1,5,4,5,7,4,4,5,5,5,1,14,12,3,10,1,1,B03,7,2,1,7,2,3,,12,12,1,20,8,B03,120.541297,24.251589,2
2023,2,14,10,54,臺中市,潭子區,0,0,0,8,,,30,,,,,,,,,,,,,,,18,,,,,B03,,,1,,2,,,18,,1,22,,B03,120.707918,24.205829,3
2023,2,14,10,58,臺中市,神岡區,0,1,0,8,1,5,30,11,9,1,5,4,5,1,4,4,10,5,5,1,16,5,2,9,1,1,C03,7,9,1,10,1,14,,5,5,1,21,8,C03,120.688508,24.262298,2
2023,2,14,11,0,臺中市,西屯區,0,0,0,8,,,50,,,,,,,,,,,,,,,23,,,,,B03,,,1,,1,,,23,,1,22,,B03,120.653258,24.160817,3
2023,2,14,11,0,臺中市,新社區,0,0,0,8,,,40,,,,,,,,,,,,,,,23,,,,,B03,,,1,,2,,,23,,1,2,,B03,120.798884,24.228381,3
2023,2,14,11,1,臺中市,南屯區,0,1,0,8,1,5,50,3,1,1,5,4,5,7,4,4,10,5,5,2,16,10,3,10,3,4,B03,7,11,1,8,2,8,,10,10,1,22,8,B03,120.653248,24.144705,2
2023,2,14,11,2,臺中市,北屯區,0,1,0,8,1,5,50,11,9,1,5,4,5,7,4,4,9,4,5,2,26,23,2,9,1,1,B03,7,9,1,8,2,1,,23,23,1,21,8,B03,120.758153,24.20035,2
2023,2,14,11,10,臺中市,西區,0,1,0,8,1,5,50,3,2,1,5,4,5,7,4,4,5,4,4,2,13,23,3,10,1,1,B01,7,9,1,4,2,1,,23,23,1,10,1,B01,120.663261,24.155738,2
2023,2,14,11,10,臺中市,太平區,0,3,0,8,1,5,50,4,1,1,5,4,5,7,1,1,10,5,5,2,16,26,2,3,1,1,C03,7,5,1,10,2,14,,26,26,1,22,5,C03,120.701865,24.153694,2
2023,2,14,11,14,臺中市,南屯區,0,1,0,8,1,5,50,4,1,1,5,4,5,7,1,1,10,5,5,2,16,6,3,10,3,4,B02,7,5,1,8,2,8,,6,6,1,12,8,B02,120.633589,24.141391,2
2023,2,14,11,18,臺中市,新社區,0,1,0,8,1,5,50,4,1,1,5,4,5,7,2,1,10,5,5,2,15,25,2,8,1,1,C03,7,1,1,10,2,11,,25,25,1,9,8,C03,120.806846,24.255865,2
2023,2,14,11,21,臺中市,大里區,0,0,0,8,,,50,,,,,,,,,,,,,,,23,,,,,B03,,,1,,2,,,23,,1,22,,B03,120.698036,24.10866,3
2023,2,14,11,27,臺中市,西屯區,0,0,0,8,,,50,,,,,,,,,,,,,,,7,,,,,B12,,,1,,1,,,7,,1,22,,B12,120.647184,24.157598,3
2023,2,14,11,29,臺中市,大里區,0,2,0,8,1,5,50,3,1,1,5,4,5,7,4,4,10,5,5,2,16,6,2,9,1,1,C03,7,5,1,10,2,11,,6,6,1,22,8,C03,120.711245,24.100716,2
2023,2,14,11,30,臺中市,清水區,0,2,0,8,1,5,50,5,2,1,5,4,5,7,1,1,1,4,4,2,13,23,2,3,1,1,B03,7,9,1,8,2,1,,23,23,1,22,8,B03,120.572681,24.262228,2
2023,2,14,11,30,臺中市,沙鹿區,0,0,0,8,,,40,,,,,,,,,,,,,,,18,,,,,C03,,,1,,1,,,18,,1,4,,C03,120.574762,24.267874,3
2023,2,14,11,32,臺中市,豐原區,0,1,0,8,1,5,50,3,1,1,5,4,5,7,3,1,3,4,5,1,17,42,3,10,1,1,B03,7,9,1,8,2,5,,42,42,1,22,8,B03,120.708936,24.251138,2
2023,2,14,11,33,臺中市,烏日區,0,0,0,,,,50,,,,,,,,,,,,,,,42,,,,,C03,,,1,,10,,,42,,1,21,,C03,120.641645,24.110022,3
2023,2,14,11,35,臺中市,大雅區,0,0,0,8,,,50,,,,,,,,,,,,,,,44,,,,,C03,,,1,,1,,,44,,1,22,,C03,120.653311,24.222231,3
2023,2,14,11,35,臺中市,北屯區,0,1,0,8,1,5,50,14,9,1,5,4,5,7,4,4,4,5,5,2,18,23,2,9,1,1,C03,7,9,6,18,6,11,,23,23,1,22,8,C03,120.7091,24.1738,2
2023,2,14,11,40,臺中市,大雅區,0,0,0,8,,,50,,,,,,,,,,,,,,,23,,,,,C03,,,1,,2,,,23,,1,22,,C03,120.651934,24.228225,3
2023,2,14,11,40,臺中市,北屯區,0,1,0,8,1,5,50,3,2,1,5,4,5,7,1,1,1,4,5,2,13,23,3,10,1,1,B03,7,9,1,8,2,5,,23,23,1,21,8,B03,120.665429,24.201284,2
2023,2,14,11,44,臺中市,沙鹿區,0,0,0,8,,,40,,,,,,,,,,,,,,,23,,,,,A12,,,1,,1,,,23,,1,21,,A12,120.566269,24.234579,3
2023,2,14,11,49,臺中市,大里區,0,0,0,8,,,30,,,,,,,,,,,,,,,12,,,,,B12,,,1,,2,,,12,,1,22,,B12,120.703468,24.105905,3
2023,2,14,11,50,臺中市,龍井區,0,0,0,8,,,50,,,,,,,,,,,,,,,10,,,,,B12,,,1,,2,,,10,,1,19,,B12,120.523511,24.20588,3
2023,2,14,11,52,臺中市,西屯區,0,2,0,8,1,5,50,4,1,1,5,4,5,7,1,1,10,5,5,2,16,6,3,10,1,1,B03,7,5,1,8,2,5,,6,6,1,22,8,B03,120.644775,24.183708,2
2023,2,14,11,57,臺中市,東區,0,1,0,8,1,5,50,14,9,1,5,4,5,7,4,4,5,4,5,2,13,16,2,8,1,1,C03,7,9,1,10,2,11,,16,16,1,21,8,C03,120.692433,24.140548,2
2023,2,14,11,58,臺中市,大雅區,0,0,0,8,,,50,,,,,,,,,,,,,,,16,,,,,B03,,,1,,9,,,16,,1,22,,B03,120.630509,24.240942,3
2023,2,14,12,0,臺中市,南屯區,0,1,0,8,1,5,50,4,1,1,5,4,5,7,4,4,10,5,5,2,15,6,3,10,1,1,C03,7,9,1,10,2,12,,6,6,1,5,8,C03,120.650581,24.155212,2
2023,2,14,12,1,臺中市,北區,0,0,0,8,,,50,,,,,,,,,,,,,,,23,,,,,B12,,,1,,11,,,23,,1,10,,B12,120.701949,24.157852,3
2023,2,14,12,10,臺中市,太平區,0,1,0,8,1,5,50,5,9,1,5,4,5,7,2,1,5,4,5,2,16,7,3,10,1,1,B03,7,7,1,8,1,4,,7,7,1,21,8,B03,120.710053,24.134751,2
2023,2,14,12,15,臺中市,北屯區,0,0,0,8,,,50,,,,,,,,,,,,,,,16,,,,,C01,,,1,,1,,,16,,1,22,,C01,120.766284,24.197175,3
2023,2,14,12,23,臺中市,西屯區,0,0,0,8,,,50,,,,,,,,,,,,,,,7,,,,,B12,,,1,,2,,,7,,1,22,,B12,120.640518,24.168672,3
2023,2,14,12,23,臺中市,大里區,0,1,0,8,1,5,50,3,1,1,5,4,5,7,1,1,1,4,4,1,13,23,2,8,1,1,C03,7,9,1,10,2,11,,23,23,1,22,9,C03,120.693545,24.090162,2
2023,2,14,12,24,臺中市,東勢區,0,0,0,8,,,50,,,,,,,,,,,,,,,12,,,,,B12,,,1,,1,,,12,,1,10,,B12,120.830983,24.260536,3
2023,2,14,12,27,臺中市,西屯區,0,0,0,8,,,50,,,,,,,,,,,,,,,7,,,,,B03,,,1,,1,,,7,,1,1,,B03,120.655224,24.200551,3
2023,2,14,12,40,臺中市,沙鹿區,0,1,0,8,1,5,50,4,1,1,5,4,5,7,1,1,10,5,5,2,16,25,3,10,1,1,B03,7,5,1,8,2,8,,25,25,1,5,9,B03,120.568054,24.253934,2
2023,2,14,12,50,臺中市,南區,0,2,0,8,1,5,50,4,1,1,5,4,5,7,1,1,10,5,5,2,13,16,2,9,1,1,C03,7,9,1,10,2,11,,16,16,1,22,8,C03,120.670805,24.114753,2
2023,2,14,12,50,臺中市,沙鹿區,0,1,0,8,1,5,50,14,7,1,5,4,5,7,4,4,5,5,4,2,18,42,2,9,1,1,C03,7,9,1,10,2,14,,42,42,1,21,8,C03,120.582331,24.243812,2
2023,2,14,12,53,臺中市,烏日區,0,2,0,8,1,5,50,14,9,1,5,4,5,7,4,4,5,5,5,2,18,50,2,9,1,1,C03,7,9,1,10,2,14,,50,50,1,4,8,C03,120.603765,24.106788,2
2023,2,14,12,55,臺中市,西屯區,0,0,0,8,,,30,,,,,,,,,,,,,,,23,,,,,B03,,,1,,2,,,23,,1,22,,B03,120.618431,24.194015,3
2023,2,14,12,55,臺中市,豐原區,0,0,0,8,,,40,,,,,,,,,,,,,,,7,,,,,B12,,,1,,2,,,7,,1,22,,B12,120.740736,24.255668,3
2023,2,14,12,56,臺中市,西屯區,0,0,0,8,,,50,,,,,,,,,,,,,,,8,,,,,B03,,,1,,2,,,8,,1,22,,B03,120.606243,24.187327,3
2023,2,14,12,58,臺中市,豐原區,0,0,0,8,,,30,,,,,,,,,,,,,,,12,,,,,B03,,,1,,2,,,12,,1,4,,B03,120.735091,24.27193,3
2023,2,14,13,3,臺中市,南區,0,0,0,,,,40,,,,,,,,,,,,,,,19,,,,,B02,,,1,,2,,,19,,1,5,,B02,120.66495,24.113756,3
2023,2,14,13,10,臺中市,南區,0,0,0,8,,,50,,,,,,,,,,,,,,,7,,,,,A12,,,1,,2,,,7,,1,22,,A12,120.645581,24.112528,3
2023,2,14,13,10,臺中市,霧峰區,0,2,0,8,1,5,30,14,9,1,5,4,5,7,4,4,10,5,5,1,16,13,2,9,1,1,C03,7,9,1,10,2,11,,13,13,1,4,8,C03,120.690824,24.037808,2
2023,2,14,13,12,臺中市,北區,0,0,0,,,,50,,,,,,,,,,,,,,,17,,,,,B03,,,1,,1,,,17,,1,21,,B03,120.692261,24.156706,3
2023,2,14,13,17,臺中市,北區,0,0,0,8,,,50,,,,,,,,,,,,,,,26,,,,,B12,,,1,,1,,,26,,1,22,,B12,120.685005,24.161641,3
2023,2,14,13,18,臺中市,西區,0,0,0,7,1,5,50,14,9,1,5,4,5,7,4,4,5,5,5,2,12,23,,,,,B03,,,1,,2,,,23,,1,21,,B03,120.671147,24.137873,3
2023,2,14,13,27,臺中市,霧峰區,0,0,0,8,1,5,50,14,9,1,5,4,5,7,4,4,9,5,5,1,16,10,,,,,B03,,,1,,2,,,10,,1,22,,B03,120.708318,24.073964,3
2023,2,14,13,33,臺中市,梧棲區,0,1,0,8,1,5,40,3,1,1,5,4,5,7,4,4,10,5,5,2,17,6,2,9,3,4,C03,7,6,1,10,2,15,,6,6,1,22,8,C03,120.55098,24.244416,2
2023,2,14,13,37,臺中市,北區,0,1,0,7,1,5,50,14,9,1,5,4,5,7,4,4,5,4,5,2,17,23,3,10,1,1,C03,7,9,1,10,2,11,,23,23,1,22,8,C03,120.686062,24.146762,2
2023,2,14,13,40,臺中市,北屯區,0,1,0,8,1,5,30,4,1,1,5,4,5,7,4,4,10,5,5,2,16,6,3,10,1,1,B03,7,9,1,8,2,2,,6,6,1,21,8,B03,120.677361,24.174941,2
2023,2,14,13,42,臺中市,沙鹿區,0,0,0,8,,,40,,,,,,,,,,,,,,,42,,,,,B12,,,1,,2,,,42,,1,19,,B12,120.559152,24.235353,3
2023,2,14,13,44,臺中市,大里區,0,1,0,7,1,5,50,14,9,1,5,4,5,7,1,1,3,4,5,1,13,16,3,10,1,1,B03,7,9,1,8,2,5,,16,16,1,22,8,B03,120.681386,24.10455,2
2023,2,14,13,49,臺中市,西屯區,0,1,0,8,1,5,50,4,1,1,5,4,5,7,2,1,10,5,5,2,16,6,3,10,1,1,B03,7,6,1,8,2,6,,6,6,1,22,8,B03,120.667106,24.173206,2
2023,2,14,13,49,臺中市,太平區,0,2,0,8,1,5,50,14,9,1,5,4,5,7,4,4,9,5,5,2,16,6,2,9,1,1,C03,7,5,1,10,2,12,,6,6,1,5,7,C03,120.721651,24.101957,2
2023,2,14,13,49,臺中市,豐原區,0,1,0,8,1,5,50,14,9,1,5,4,5,7,4,4,5,5,5,2,3,44,3,10,1,1,B03,7,9,1,8,2,2,,44,44,1,22,8,B03,120.719688,24.248678,2
2023,2,14,13,51,臺中市,西屯區,0,0,0,8,,,50,,,,,,,,,,,,,,,23,,,,,B03,,,1,,11,,,23,,1,22,,B03,120.665366,24.166799,3
2023,2,14,13,53,臺中市,西屯區,0,2,0,8,1,5,50,3,9,1,5,4,5,7,1,1,3,4,5,2,13,16,2,9,1,1,C03,7,9,1,10,2,11,,16,16,1,22,8,C03,120.59745,24.191535,2
2023,2,14,13,59,臺中市,南區,0,1,0,8,1,5,40,14,7,1,5,4,5,7,4,4,7,4,4,2,17,7,2,9,1,1,C03,7,7,4,8,2,14,12,7,7,1,21,8,C03,120.6595,24.133598,2
2023,2,14,13,59,臺中市,南屯區,0,1,0,8,1,5,50,4,1,1,5,4,5,7,2,1,4,3,4,2,12,23,3,10,1,1,C03,7,9,1,10,2,12,,23,23,1,22,8,C03,120.635206,24.151453,2
2023,2,14,14,3,臺中市,西屯區,0,1,0,8,1,5,1,14,20,4,5,4,5,7,4,4,10,5,5,2,16,26,2,8,1,4,C03,7,5,1,10,1,14,,26,26,1,22,8,C03,120.595506,24.181846,2
2023,2,14,14,5,臺中市,南區,0,1,0,8,1,5,50,4,2,1,5,4,5,7,4,4,1,4,4,2,17,6,3,10,1,1,B03,7,6,1,8,2,2,,6,6,1,22,8,B03,120.670047,24.126452,2
2023,2,14,14,13,臺中市,大里區,0,1,0,8,1,5,30,3,1,1,5,4,5,7,4,4,10,4,5,2,17,42,2,9,1,1,C03,7,9,1,10,2,14,,42,42,1,22,8,C03,120.68014,24.116353,2
2023,2,14,14,16,臺中市,東勢區,0,0,0,8,,,30,,,,,,,,,,,,,,,17,,,,,B02,,,1,,2,,,17,,1,22,,B02,120.87518,24.239398,3
2023,2,14,14,18,臺中市,西區,0,0,0,,,,50,,,,,,,,,,,,,,,7,,,,,B03,,,1,,1,,,7,,1,21,,B03,120.65981,24.15693,3
2023,2,14,14,20,臺中市,北屯區,0,0,0,8,,,50,,,,,,,,,,,,,,,42,,,,,B03,,,1,,1,,,42,,1,18,,B03,120.665946,24.182561,3
2023,2,14,14,23,臺中市,豐原區,0,0,0,8,,,50,,,,,,,,,,,,,,,17,,,,,B03,,,1,,2,,,17,,1,22,,B03,120.72555,24.254651,3
2023,2,14,14,26,臺中市,西屯區,0,1,0,8,1,5,50,4,1,1,5,4,5,7,1,1,10,5,5,2,17,6,3,10,1,4,B03,7,5,1,8,2,15,,6,6,1,22,8,B03,120.648294,24.167899,2
2023,2,14,14,29,臺中市,南屯區,0,1,0,8,1,5,40,14,7,1,5,4,5,7,4,4,5,4,4,2,17,19,3,10,1,1,B03,7,1,1,8,2,8,,19,19,1,22,8,B03,120.651408,24.157097,2
2023,2,14,14,33,臺中市,西屯區,0,0,0,8,,,50,,,,,,,,,,,,,,,42,,,,,B12,,,1,,2,,,42,,1,22,,B12,120.660075,24.169147,3
2023,2,14,14,37,臺中市,神岡區,0,0,0,8,,,50,,,,,,,,,,,,,,,25,,,,,A11,,,1,,2,,,25,,1,22,,A11,120.663428,24.272321,3
2023,2,14,14,50,臺中市,南區,0,1,0,8,1,5,50,4,1,1,5,4,5,7,4,4,10,5,5,2,17,23,2,8,1,1,C03,7,9,1,10,2,11,,23,23,1,5,8,C03,120.662012,24.129362,2
2023,2,14,14,51,臺中市,沙鹿區,0,0,0,8,,,50,,,,,,,,,,,,,,,19,,,,,A32,,,1,,2,,,19,,1,10,,A32,120.565613,24.210645,3
2023,2,14,14,57,臺中市,太平區,0,0,0,8,,,30,,,,,,,,,,,,,,,16,,,,,C03,,,1,,2,,,16,,1,21,,C03,120.711801,24.125651,3
2023,2,14,14,58,臺中市,西屯區,0,1,0,8,1,5,50,4,2,1,5,4,5,7,2,1,8,3,5,1,17,42,2,9,1,1,C03,7,4,1,10,2,12,,42,42,1,22,8,C03,120.623684,24.18539,2
2023,2,14,14,59,臺中市,西區,0,1,0,8,1,5,50,14,7,1,5,4,5,7,4,4,5,5,4,2,3,51,3,10,4,5,H01,8,16,8,20,10,16,,51,51,1,22,9,H01,120.655014,24.147237,2
2023,2,14,15,0,臺中市,潭子區,1,0,0,8,1,5,50,11,7,1,5,4,5,7,4,4,5,4,4,2,17,19,1,9,1,1,C03,7,1,1,10,11,14,,19,19,1,22,8,C03,120.692873,24.229574,1
2023,2,14,15,7,臺中市,西區,0,2,0,8,1,5,50,4,1,1,5,4,5,7,1,1,1,5,5,2,16,25,3,10,3,4,B03,7,9,1,8,2,5,,25,25,1,21,8,B03,120.666736,24.141067,2
2023,2,14,15,12,臺中市,太平區,0,1,0,8,1,5,50,3,1,1,5,4,5,7,4,4,10,4,5,1,16,6,3,10,1,1,B12,7,5,1,7,2,5,,6,6,1,22,5,B12,120.721966,24.107605,2
2023,2,14,15,13,臺中市,龍井區,0,1,0,7,1,5,30,4,1,1,5,4,5,7,4,4,10,5,5,2,15,6,3,10,1,1,B03,7,9,1,8,2,5,,6,6,1,9,7,B03,120.53063,24.179213,2
2023,2,14,15,15,臺中市,霧峰區,0,0,0,8,,,30,,,,,,,,,,,,,,,12,,,,,B03,,,1,,1,,,12,,1,22,,B03,120.713254,24.077672,3
2023,2,14,15,21,臺中市,南區,0,0,0,8,,,50,,,,,,,,,,,,,,,23,,,,,B03,,,1,,2,,,23,,1,5,,B03,120.670277,24.123919,3
2023,2,14,15,23,臺中市,北屯區,0,0,0,8,,,50,,,,,,,,,,,,,,,12,,,,,B03,,,1,,1,,,12,,1,5,,B03,120.700414,24.178991,3
2023,2,14,15,23,臺中市,北屯區,0,0,0,8,,,50,,,,,,,,,,,,,,,23,,,,,C03,,,1,,9,,,23,23,1,5,,C03,120.673786,24.174055,3
2023,2,14,15,26,臺中市,豐原區,0,0,0,8,,,50,,,,,,,,,,,,,,,23,,,,,B03,,,1,,2,,,23,,1,22,,B03,120.728775,24.246047,3
2023,2,14,15,33,臺中市,龍井區,0,0,0,8,,,70,,,,,,,,,,,,,,,7,,,,,A41,,,1,,2,,,7,,1,10,,A41,120.513144,24.199005,3
2023,2,14,15,35,臺中市,清水區,0,0,0,8,,,50,,,,,,,,,,,,,,,12,,,,,B12,,,1,,2,,,12,,1,5,,B12,120.53652,24.2692,3
2023,2,14,15,37,臺中市,南區,0,2,0,8,1,5,50,4,1,1,5,4,5,7,2,1,10,5,5,2,16,1,2,9,1,1,C03,7,9,1,10,2,11,14,1,1,1,22,8,C03,120.666828,24.122352,2
2023,2,14,15,37,臺中市,太平區,0,1,0,8,1,5,50,4,1,1,5,4,5,7,4,4,10,5,5,2,16,6,3,10,1,1,B03,7,5,1,8,2,5,,6,6,1,21,8,B03,120.716569,24.132396,2
2023,2,14,15,40,臺中市,潭子區,0,1,0,7,1,5,60,4,1,1,5,4,5,7,1,1,10,5,5,2,18,23,2,9,1,1,C03,7,9,1,10,2,12,,23,23,1,22,8,C03,120.70515,24.215575,2
2023,2,14,15,40,臺中市,東區,0,0,0,,,,50,,,,,,,,,,,,,,,23,,,,,B12,,,1,,2,,,23,,1,22,,B12,120.699701,24.147228,3
2023,2,14,15,42,臺中市,北區,0,1,0,8,1,5,50,4,1,1,5,4,5,7,1,1,10,5,5,2,18,25,2,9,1,1,C03,7,9,1,10,1,14,,25,13,1,20,8,C03,120.676548,24.16324,2
2023,2,14,15,43,臺中市,北區,0,1,0,8,3,5,50,4,1,1,5,4,5,7,1,1,10,5,5,2,16,9,3,10,1,1,B03,7,6,1,8,2,5,,9,26,1,22,9,B03,120.685493,24.146366,2
2023,2,14,15,46,臺中市,西屯區,0,0,0,8,,,50,,,,,,,,,,,,,,,23,,,,,B03,,,1,,1,,,23,,1,22,,B03,120.644286,24.155234,3
2023,2,14,15,50,臺中市,烏日區,0,0,0,8,,,50,,,,,,,,,,,,,,,12,,,,,B12,,,1,,2,,,12,,1,21,,B12,120.642786,24.075315,3
2023,2,14,15,55,臺中市,西屯區,0,1,0,8,1,5,50,4,1,1,5,4,5,7,4,4,8,5,5,1,17,23,2,9,1,4,C03,7,9,1,10,2,14,,23,23,1,4,8,C03,120.589342,24.175765,2
2023,2,14,15,57,臺中市,北屯區,0,0,0,8,,,50,,,,,,,,,,,,,,,23,,,,,A06,,,1,,1,,,23,,1,10,,A06,120.695218,24.183206,3
2023,2,14,15,59,臺中市,烏日區,0,0,0,8,,,30,,,,,,,,,,,,,,,6,,,,,B12,,,1,,2,,,6,,1,21,,B12,120.627186,24.079924,3
2023,2,14,15,59,臺中市,豐原區,0,0,0,8,,,30,,,,,,,,,,,,,,,23,,,,,B03,,,1,,2,,,23,,1,22,,B03,120.707112,24.246172,3
2023,2,14,16,5,臺中市,太平區,0,0,0,8,,,50,,,,,,,,,,,,,,,16,,,,,C03,,,1,,2,,,16,16,1,22,,C03,120.727786,24.150023,3
2023,2,14,16,6,臺中市,西區,0,1,0,8,1,5,50,4,1,1,5,4,5,7,1,1,10,5,5,2,13,25,3,10,1,1,B03,7,9,1,8,2,1,,25,25,1,21,8,B03,120.665287,24.150867,2
2023,2,14,16,7,臺中市,大甲區,0,0,0,8,,,50,,,,,,,,,,,,,,,19,,,,,B03,,,1,,1,,,19,,1,21,,B03,120.657176,24.400828,3
2023,2,14,16,10,臺中市,北屯區,0,0,0,8,,,50,,,,,,,,,,,,,,,23,,,,,B12,,,1,,1,,,23,,1,22,,B12,120.719475,24.163003,3
2023,2,14,16,15,臺中市,東區,0,1,0,8,1,5,50,4,1,1,5,4,5,7,2,1,1,5,5,2,16,23,3,10,1,1,C03,7,9,1,9,2,11,,23,23,1,5,5,C03,120.700082,24.132455,2
2023,2,14,16,16,臺中市,神岡區,0,0,0,8,,,30,,,,,,,,,,,,,,,23,,,,,B12,,,1,,2,,,23,,1,22,,B12,120.695185,24.245633,3
2023,2,14,16,18,臺中市,西屯區,0,1,0,8,1,5,50,3,9,1,5,4,5,7,1,1,5,4,5,2,17,23,3,10,3,4,F01,7,9,8,20,2,16,,23,23,1,22,8,F01,120.641453,24.162574,2
2023,2,14,16,20,臺中市,西屯區,0,0,0,8,,,50,,,,,,,,,,,,,,,19,,,,,B03,,,1,,1,,,19,,1,4,,B03,120.624122,24.176667,3
2023,2,14,16,20,臺中市,霧峰區,0,0,0,8,,,50,,,,,,,,,,,,,,,17,,,,,B12,,,1,,2,,,17,,1,10,,B12,120.717897,24.076337,3
2023,2,14,16,27,臺中市,神岡區,0,0,0,8,,,40,,,,,,,,,,,,,,,19,,,,,G03,,,1,,2,,,19,,1,22,,G03,120.672098,24.255335,3
2023,2,14,16,28,臺中市,南區,0,1,0,8,1,5,50,3,1,1,5,4,5,7,4,4,10,5,5,2,16,7,3,10,1,1,C03,7,8,1,10,2,12,,7,7,1,22,9,C03,120.661255,24.121472,2
2023,2,14,16,29,臺中市,南區,0,0,0,8,,,50,,,,,,,,,,,,,,,7,,,,,B03,,,1,,2,,,7,,1,5,,B03,120.67024,24.112143,3
2023,2,14,16,30,臺中市,大雅區,0,0,0,8,,,50,,,,,,,,,,,,,,,23,,,,,B03,,,1,,2,,,23,,1,22,,B03,120.636432,24.216854,3
2023,2,14,16,30,臺中市,西區,0,0,0,8,1,5,50,4,1,1,5,4,5,7,1,1,10,5,5,2,12,19,,,,,B03,,,1,,2,,,44,19,1,21,,B03,120.673838,24.140261,3
2023,2,14,16,30,臺中市,北屯區,0,1,0,8,1,5,50,14,8,1,5,4,5,7,4,4,5,4,4,2,16,23,2,8,3,1,F01,7,9,8,20,2,16,,23,23,1,21,8,F01,120.67757,24.174978,2
2023,2,14,16,30,臺中市,太平區,0,0,0,8,,,30,,,,,,,,,,,,,,,19,,,,,G03,,,1,,2,,,19,,1,21,,G03,120.732878,24.114393,3
2023,2,14,16,30,臺中市,大肚區,0,1,0,8,1,5,50,14,9,1,5,4,5,7,4,4,1,4,5,1,13,23,3,10,1,1,B12,7,9,1,8,2,1,,23,23,1,6,8,B12,120.579649,24.117616,2
2023,2,14,16,32,臺中市,豐原區,0,0,0,8,,,50,,,,,,,,,,,,,,,38,,,,,B03,,,1,,2,,,38,,1,22,,B03,120.749904,24.269093,3