年,月,日,時,分,縣市,區,死,受傷,2-30,天候,光線,道路類別,速限,道路型態,事故位置,路面鋪裝,路面狀態,路面缺陷,障礙物,視距,號誌種類,號誌動作,分向設施,快車道或一般車道間,快慢車道間,路面邊線,事故類型及型態,主要肇因,受傷程度,主要傷處,保護裝備,行動電話,當事者區分,車輛用途,當事者行動狀態,駕駛資格情形,駕駛執照種類,飲酒情形,車輛撞擊部位最初,車輛撞擊部位其他,肇事因素個別,肇事因素主要,肇事逃逸,職業,旅次目的,車種,GPS緯度,GPS經度,事故類別
2023,2,15,16,0,臺中市,南屯區,0,0,0,,,,40,,,,,,,,,,,,,,,23,,,,,B03,,,1,,1,,,23,,1,22,,B03,120.627375,24.129651,3
2023,2,15,16,2,臺中市,南區,0,1,0,8,1,5,50,14,8,1,5,4,5,7,4,4,9,4,4,2,12,23,3,10,1,1,A04,7,9,1,2,2,5,,23,23,1,5,1,A04,120.663747,24.127958,2
2023,2,15,16,3,臺中市,西屯區,0,1,0,8,1,5,50,3,1,1,5,4,5,7,1,1,5,3,5,2,16,9,3,10,1,1,B03,7,6,1,8,2,2,,9,9,1,22,9,B03,120.637487,24.175913,2
2023,2,15,16,6,臺中市,西區,0,0,0,,,,50,,,,,,,,,,,,,,,23,,,,,B03,,,1,,1,,,23,,1,21,,B03,120.66221,24.163211,3
2023,2,15,16,6,臺中市,西區,0,1,0,8,1,5,50,4,1,1,5,4,5,7,2,1,10,5,5,2,16,6,3,10,1,1,B03,7,6,1,8,2,2,,6,6,1,20,8,B03,120.659143,24.160174,2
2023,2,15,16,10,臺中市,大里區,0,0,0,8,,,30,,,,,,,,,,,,,,,17,,,,,B03,,,1,,2,,,17,,1,22,,B03,120.730571,24.089339,3
2023,2,15,16,11,臺中市,西屯區,0,0,0,8,,,50,,,,,,,,,,,,,,,23,,,,,B03,,,1,,1,,,23,,1,1,,B03,120.639323,24.171719,3
2023,2,15,16,12,臺中市,西屯區,0,2,0,8,1,5,40,14,7,1,5,4,5,7,4,4,5,4,4,2,16,7,2,9,1,1,C03,7,7,1,10,2,15,,23,7,1,22,8,C03,120.664966,24.170349,2
2023,2,15,16,13,臺中市,霧峰區,0,0,0,8,,,30,,,,,,,,,,,,,,,23,,,,,C03,,,1,,2,,,23,,1,22,,C03,120.712216,24.077242,3
2023,2,15,16,15,臺中市,西屯區,0,1,0,8,1,5,50,3,1,1,5,4,5,7,4,4,10,5,5,2,16,6,3,10,3,4,B03,7,5,1,8,2,8,,6,6,1,22,8,B03,120.646481,24.171389,2
2023,2,15,16,15,臺中市,龍井區,0,0,0,8,,,50,,,,,,,,,,,,,,,19,,,,,B03,,,1,,2,,,19,,1,18,,B03,120.523388,24.202888,3
2023,2,15,16,18,臺中市,西屯區,0,1,0,8,1,5,30,4,1,1,5,4,5,7,4,4,10,5,5,2,17,6,3,10,3,4,B03,7,9,1,8,2,2,,6,6,1,22,9,B03,120.616653,24.189847,2
2023,2,15,16,19,臺中市,神岡區,0,1,0,8,1,5,1,14,9,1,5,4,5,7,4,4,5,5,5,1,17,19,3,10,1,4,C03,7,1,1,10,2,14,,19,19,1,22,9,C03,120.68059,24.267008,2
2023,2,15,16,20,臺中市,南屯區,0,0,0,8,,,50,,,,,,,,,,,,,,,17,,,,,B03,,,1,,1,,,17,,1,22,,B03,120.633406,24.149745,3
2023,2,15,16,20,臺中市,大甲區,0,2,0,8,1,5,50,4,1,1,5,4,5,7,3,1,10,5,5,2,15,6,2,2,1,1,B03,7,9,1,8,2,1,,6,6,1,4,8,B03,120.626924,24.349171,2
2023,2,15,16,22,臺中市,豐原區,0,1,0,8,1,5,50,14,8,1,5,4,5,7,4,4,5,5,4,2,17,23,3,10,1,1,B03,7,8,1,8,2,5,,23,23,1,22,8,B03,120.713315,24.250905,2
2023,2,15,16,23,臺中市,太平區,0,0,0,8,,,50,,,,,,,,,,,,,,,19,,,,,B03,,,1,,2,,,19,,1,5,,B03,120.714988,24.139811,3
2023,2,15,16,25,臺中市,大雅區,0,0,0,8,,,30,,,,,,,,,,,,,,,6,,,,,C03,,,1,,2,,,6,,1,21,,C03,120.629226,24.235991,3
2023,2,15,16,26,臺中市,北區,0,0,0,,,,50,,,,,,,,,,,,,,,7,,,,,B03,,,1,,2,,,7,,1,22,,B03,120.674507,24.162862,3
2023,2,15,16,26,臺中市,西屯區,0,2,0,8,1,5,40,15,8,1,5,4,5,7,4,4,8,4,4,1,3,51,2,9,4,5,H01,8,16,8,20,10,16,,51,51,1,4,8,H01,120.637396,24.176715,2
2023,2,15,16,27,臺中市,南區,0,3,0,8,1,5,50,14,9,1,5,4,5,7,4,4,5,4,5,2,13,43,2,9,1,1,C03,7,9,1,10,2,13,,43,43,1,22,8,C03,120.649283,24.12023,2
2023,2,15,16,28,臺中市,大肚區,0,0,0,,,,30,,,,,,,,,,,,,,,6,,,,,B03,,,1,,2,,,6,,1,21,,B03,120.531156,24.166128,3
2023,2,15,16,28,臺中市,沙鹿區,0,2,0,8,1,5,50,3,1,1,5,4,5,7,4,4,3,4,3,1,13,23,3,10,1,1,B03,7,9,1,8,2,1,,23,23,1,22,9,B03,120.577455,24.22438,2
2023,2,15,16,36,臺中市,霧峰區,0,0,0,8,,,50,,,,,,,,,,,,,,,6,,,,,B03,,,1,,2,,,6,,1,22,,B03,120.696552,24.060909,3
2023,2,15,16,37,臺中市,南區,0,1,0,7,2,5,50,4,1,1,5,4,5,7,1,1,10,5,5,2,16,6,3,10,1,1,B03,7,5,1,8,2,5,,6,6,1,22,9,B03,120.707908,24.148866,2
2023,2,15,16,52,臺中市,大里區,0,0,0,8,,,80,,,,,,,,,,,,,,,23,,,,,B03,,,1,,2,,,23,,1,22,,B03,120.690704,24.098029,3
2023,2,15,16,53,臺中市,太平區,0,1,0,8,1,5,50,3,1,1,5,4,5,7,3,1,10,5,5,2,16,6,2,9,1,1,C03,7,5,1,10,2,13,,6,6,1,5,9,C03,120.72996,24.109781,2
2023,2,15,16,54,臺中市,北屯區,0,0,0,8,,,50,,,,,,,,,,,,,,,16,,,,,C03,,,1,,2,,,16,,1,21,,C03,120.696233,24.167977,3
2023,2,15,16,54,臺中市,沙鹿區,0,1,0,8,1,5,50,3,1,1,5,4,5,7,4,4,10,5,5,2,17,23,3,10,1,1,B03,7,5,1,8,2,8,,23,23,1,5,1,B03,120.563226,24.244879,2
2023,2,15,16,56,臺中市,北區,0,0,0,8,,,50,,,,,,,,,,,,,,,6,,,,,B03,,,1,,2,,,6,,1,20,,B03,120.691377,24.158921,3
2023,2,15,17,4,臺中市,北屯區,0,1,0,8,1,5,30,4,1,1,5,4,5,7,4,4,10,5,5,2,17,8,3,10,3,4,C03,7,9,1,10,2,11,,23,8,1,21,8,C03,120.67562,24.178621,2
2023,2,15,17,4,臺中市,大里區,0,2,0,8,2,5,50,4,2,1,5,4,5,7,1,1,10,5,5,2,11,25,2,9,1,1,C03,7,5,3,18,2,11,,25,25,1,9,8,C03,120.691851,24.115156,2
2023,2,15,17,5,臺中市,南區,0,0,0,,,,50,,,,,,,,,,,,,,,23,,,,,B03,,,1,,2,,,44,23,1,22,,B03,120.675011,24.126525,3
2023,2,15,17,5,臺中市,南屯區,0,1,0,8,1,5,50,14,9,1,5,4,5,7,4,4,3,4,5,2,17,16,3,10,1,1,C03,7,9,1,10,2,13,,16,16,1,22,8,C03,120.599922,24.144881,2
2023,2,15,17,5,臺中市,南屯區,0,2,0,8,1,5,50,14,9,1,5,4,5,7,4,4,3,4,5,2,17,23,2,9,1,1,C03,7,9,1,10,2,11,,23,23,1,22,8,C03,120.599859,24.145032,2
2023,2,15,17,5,臺中市,南屯區,0,2,0,8,1,5,50,14,9,1,5,4,5,7,4,4,3,4,5,2,17,16,2,9,1,1,C03,7,9,1,10,2,11,,16,16,1,22,8,C03,120.600429,24.14404,2
2023,2,15,17,6,臺中市,北區,0,0,0,8,,,50,,,,,,,,,,,,,,,23,,,,,A02,,,1,,2,,,23,,1,22,,A02,120.685173,24.158456,3
2023,2,15,17,7,臺中市,太平區,0,1,0,8,1,5,50,14,9,1,5,4,5,7,4,4,10,4,5,1,18,23,2,9,1,1,C03,7,9,1,10,2,12,,23,23,1,22,5,C03,120.707759,24.130401,2
2023,2,15,17,7,臺中市,豐原區,0,1,0,8,1,5,50,14,9,1,5,4,5,7,4,4,5,5,5,2,16,44,3,10,3,4,B03,7,9,1,8,2,7,,44,44,1,19,8,B03,120.721458,24.254453,2
2023,2,15,17,8,臺中市,北屯區,0,0,0,8,,,40,,,,,,,,,,,,,,,23,,,,,B11,,,1,,1,,,23,,1,5,,B11,120.689287,24.164932,3
2023,2,15,17,8,臺中市,新社區,0,0,0,8,,,50,,,,,,,,,,,,,,,12,,,,,B12,,,1,,11,,,12,,1,21,,B12,120.808334,24.241232,3
2023,2,15,17,10,臺中市,南區,0,0,0,8,,,50,,,,,,,,,,,,,,,42,,,,,C03,,,1,,2,,,42,,1,22,,C03,120.645502,24.111993,3
2023,2,15,17,10,臺中市,南屯區,0,1,0,8,1,5,50,4,1,1,5,4,5,7,4,4,10,5,5,2,15,6,3,10,1,1,C03,7,9,1,10,2,12,,6,6,1,5,8,C03,120.624887,24.115165,2
2023,2,15,17,12,臺中市,大雅區,0,0,0,8,,,50,,,,,,,,,,,,,,,23,,,,,C03,,,1,,2,,,23,,1,21,,C03,120.646346,24.222602,3
2023,2,15,17,12,臺中市,西屯區,0,1,0,8,1,5,50,14,9,1,5,4,5,7,4,4,5,4,5,2,16,10,3,10,1,1,B03,7,11,1,8,2,8,,10,10,1,22,9,B03,120.616787,24.188731,2
2023,2,15,17,13,臺中市,大里區,0,1,0,8,1,5,50,3,1,1,5,4,5,7,4,4,10,5,5,1,16,6,3,10,1,1,B12,7,5,1,8,2,8,,6,6,1,22,9,B12,120.700729,24.081052,2
2023,2,15,17,15,臺中市,西區,0,0,0,8,,,50,,,,,,,,,,,,,,,23,,,,,B03,,,1,,11,,,23,23,1,21,,B03,120.655112,24.13791,3
2023,2,15,17,15,臺中市,北屯區,0,1,0,8,1,5,50,4,1,1,5,4,5,7,2,1,10,5,5,2,12,26,3,10,1,1,B03,7,6,1,8,2,5,,26,26,1,5,8,B03,120.694259,24.16491,2
2023,2,15,17,15,臺中市,霧峰區,0,0,0,8,,,50,,,,,,,,,,,,,,,11,,,,,C03,,,1,,2,,,11,,1,22,,C03,120.700107,24.064529,3
2023,2,15,17,18,臺中市,太平區,0,0,0,8,,,80,,,,,,,,,,,,,,,16,,,,,B03,,,1,,1,,,16,,1,5,,B03,120.718251,24.159795,3
2023,2,15,17,18,臺中市,沙鹿區,0,2,0,8,1,5,50,14,9,1,5,4,5,7,4,4,3,3,3,1,17,19,2,9,3,4,C03,7,1,1,10,2,14,,19,19,1,22,8,C03,120.567702,24.227113,2
2023,2,15,17,19,臺中市,南區,0,0,0,,,,50,,,,,,,,,,,,,,,17,,,,,B03,,,1,,2,,,17,,1,22,,B03,120.653443,24.123295,3
2023,2,15,17,19,臺中市,南區,0,0,0,8,,,50,,,,,,,,,,,,,,,43,,,,,,,,,,,,,43,,1,,,,120.668644,24.11594,3
2023,2,15,17,20,臺中市,南屯區,0,0,0,8,,,50,,,,,,,,,,,,,,,12,,,,,B03,,,1,,9,,,44,12,1,22,,B03,120.625303,24.14308,3
2023,2,15,17,23,臺中市,大雅區,0,0,0,8,,,50,,,,,,,,,,,,,,,23,,,,,B03,,,1,,2,,,23,,1,22,,B03,120.6672,24.216038,3
2023,2,15,17,23,臺中市,北區,0,1,0,8,1,5,50,3,1,1,5,4,5,7,1,1,5,5,4,2,12,23,3,10,1,1,B01,7,9,1,4,2,5,,23,23,1,21,8,B01,120.668276,24.170018,2
2023,2,15,17,24,臺中市,北區,0,0,0,,,,50,,,,,,,,,,,,,,,9,,,,,B03,,,1,,2,,,9,,1,22,,B03,120.671456,24.17374,3
2023,2,15,17,24,臺中市,霧峰區,0,1,0,8,1,5,50,14,9,1,5,4,5,6,3,1,5,5,5,1,16,19,3,10,3,4,B03,7,1,1,8,2,8,,19,19,1,21,8,B03,120.710429,24.07716,2
2023,2,15,17,25,臺中市,南屯區,0,0,0,,,,50,,,,,,,,,,,,,,,6,,,,,B03,,,1,,2,,,6,,1,22,,B03,120.638185,24.139825,3
2023,2,15,17,25,臺中市,西屯區,0,0,0,8,,,50,,,,,,,,,,,,,,,43,,,,,,,,,,,,,43,,1,,,,120.592246,24.167075,3
2023,2,15,17,30,臺中市,南區,0,1,0,8,2,5,40,14,8,1,5,4,5,7,4,4,1,4,4,2,17,16,3,10,1,1,C03,7,9,1,10,2,11,,16,16,1,22,8,C03,120.661452,24.109338,2
2023,2,15,17,30,臺中市,北屯區,0,0,0,8,,,50,,,,,,,,,,,,,,,9,,,,,B02,,,1,,1,,,9,,1,4,,B02,120.720641,24.175668,3
2023,2,15,17,30,臺中市,大肚區,0,1,0,8,3,5,50,12,9,1,5,4,5,7,4,4,4,5,5,1,18,23,2,9,1,1,C03,7,9,1,10,2,11,,23,23,1,21,8,C03,120.561187,24.154871,2
2023,2,15,17,30,臺中市,大肚區,0,0,0,8,,,30,,,,,,,,,,,,,,,23,,,,,C03,,,4,,2,,,23,,1,21,,C03,120.558284,24.12832,3
2023,2,15,17,30,臺中市,烏日區,0,0,0,8,,,50,,,,,,,,,,,,,,,16,,,,,B03,,,1,,2,,,16,,1,22,,B03,120.645533,24.085869,3
2023,2,15,17,30,臺中市,豐原區,0,0,0,8,,,50,,,,,,,,,,,,,,,42,,,,,B03,,,1,,2,,,42,,1,22,,B03,120.711195,24.250725,3
2023,2,15,17,32,臺中市,北屯區,0,2,0,8,1,5,50,4,1,1,5,4,5,7,4,4,10,5,5,2,15,6,2,8,1,1,C03,7,9,1,10,2,11,,6,6,1,21,8,C03,120.693592,24.164915,2
2023,2,15,17,34,臺中市,北屯區,0,1,0,8,3,5,50,3,1,1,5,4,5,7,2,1,10,5,5,2,17,10,2,9,3,4,C03,7,9,1,10,2,11,,44,10,1,21,8,C03,120.69753,24.164947,2
2023,2,15,17,38,臺中市,和平區,0,0,0,8,,,25,,,,,,,,,,,,,,,12,,,,,B11,,,1,,2,,,12,12,1,5,,B11,121.30949,24.350869,3
2023,2,15,17,39,臺中市,太平區,0,0,0,8,,,50,,,,,,,,,,,,,,,23,,,,,B03,,,1,,1,,,23,,1,19,,B03,120.71199,24.158967,3
2023,2,15,17,40,臺中市,西屯區,0,0,0,8,,,50,,,,,,,,,,,,,,,42,,,,,B03,,,1,,1,,,42,,1,22,,B03,120.623623,24.177538,3
2023,2,15,17,41,臺中市,北屯區,0,1,0,8,3,5,50,14,9,1,5,4,5,7,4,4,9,5,5,2,3,51,2,9,4,5,H01,8,18,8,20,10,16,,51,51,1,14,2,H01,120.690754,24.183132,2
2023,2,15,17,41,臺中市,西屯區,0,0,0,8,,,40,,,,,,,,,,,,,,,16,,,,,C03,,,1,,2,,,16,,1,22,,C03,120.640629,24.158695,3
2023,2,15,17,53,臺中市,大雅區,0,1,0,8,3,5,50,3,1,1,5,4,5,7,1,1,5,5,5,1,16,43,3,10,1,1,B01,7,6,1,4,2,2,,43,43,1,22,9,B01,120.638035,24.246523,2
2023,2,15,17,56,臺中市,大里區,0,0,0,8,,,50,,,,,,,,,,,,,,,23,,,,,B03,,,1,,2,,,23,,1,21,,B03,120.663176,24.096876,3
2023,2,15,18,0,臺中市,西區,0,0,0,,,,50,,,,,,,,,,,,,,,19,,,,,B01,,,1,,1,,,19,,1,10,,B01,120.667627,24.130998,3
2023,2,15,18,0,臺中市,西屯區,0,0,0,8,,,50,,,,,,,,,,,,,,,23,,,,,B12,,,1,,1,,,23,,1,22,,B12,120.604772,24.187601,3
2023,2,15,18,6,臺中市,西區,0,2,0,8,3,5,50,5,1,1,5,4,5,7,1,1,10,5,5,2,16,8,2,9,1,1,C03,7,5,1,10,2,14,,8,8,1,21,8,C03,120.672019,24.131402,2
2023,2,15,18,7,臺中市,南區,0,0,0,8,,,50,,,,,,,,,,,,,,,12,,,,,B03,,,1,,2,,,12,,1,5,,B03,120.662134,24.129803,3
2023,2,15,18,9,臺中市,北屯區,0,1,0,8,3,5,50,4,1,1,5,4,5,7,1,1,10,5,5,2,16,10,3,10,1,1,B02,7,11,1,8,2,8,,10,10,1,5,8,B02,120.660328,24.188855,2
2023,2,15,18,12,臺中市,西屯區,0,2,0,8,3,5,50,3,1,1,5,4,5,7,1,1,10,5,5,2,17,26,3,10,3,4,B03,7,11,1,8,2,2,,26,26,1,22,9,B03,120.65612,24.198594,2
2023,2,15,18,14,臺中市,南屯區,0,2,0,8,3,5,50,4,2,1,5,4,5,7,2,1,10,5,5,2,17,23,2,9,1,1,C04,7,9,1,10,2,14,,23,23,1,5,8,C04,120.637876,24.148751,2
2023,2,15,18,15,臺中市,西屯區,0,2,0,8,1,5,50,14,7,1,5,4,5,7,4,4,1,4,4,1,29,66,,,,,,,,,,,,,66,66,1,,,,120.652896,24.204891,2
2023,2,15,18,16,臺中市,北屯區,0,0,0,8,,,50,,,,,,,,,,,,,,,26,,,,,B03,,,1,,1,,,26,26,1,21,,B03,120.694,24.166502,3
2023,2,15,18,17,臺中市,北屯區,0,1,0,8,3,5,30,4,1,1,5,4,5,7,4,4,10,5,5,2,16,6,3,10,1,1,B03,7,5,1,8,2,1,,6,6,1,4,8,B03,120.664523,24.188883,2
2023,2,15,18,19,臺中市,大雅區,0,1,0,8,3,5,50,14,7,1,5,4,5,7,1,1,1,4,4,1,12,23,2,9,1,1,C03,7,9,1,10,2,11,,23,23,1,21,1,C03,120.657898,24.22053,2
2023,2,15,18,19,臺中市,南屯區,0,0,0,8,,,50,,,,,,,,,,,,,,,23,,,,,B03,,,1,,1,,,23,,1,22,,B03,120.646622,24.147549,3
2023,2,15,18,21,臺中市,南區,0,1,0,8,3,5,50,4,1,1,5,4,5,7,1,1,10,5,5,2,17,43,2,9,1,1,C03,7,9,1,10,2,11,,43,43,1,22,8,C03,120.657943,24.117891,2
2023,2,15,18,21,臺中市,豐原區,0,0,0,8,1,5,50,14,9,1,5,4,5,7,4,4,5,5,5,1,17,26,3,10,1,1,B12,7,11,3,18,2,5,,26,26,1,22,8,B12,120.720911,24.266496,3
2023,2,15,18,23,臺中市,南屯區,0,0,0,8,,,50,,,,,,,,,,,,,,,23,,,,,B03,,,1,,1,,,23,,1,22,,B03,120.646712,24.150935,3
2023,2,15,18,24,臺中市,北屯區,0,0,0,8,,,50,,,,,,,,,,,,,,,23,,,,,B03,,,1,,1,,,23,,1,5,,B03,120.690293,24.179663,3
2023,2,15,18,25,臺中市,南屯區,0,0,0,8,,,30,,,,,,,,,,,,,,,6,,,,,C03,,,1,,2,,,6,,1,22,,C03,120.615309,24.148225,3
2023,2,15,18,28,臺中市,北區,0,1,0,8,3,5,50,3,2,1,5,4,5,7,4,4,1,4,4,2,9,23,3,10,1,1,B03,7,9,1,8,2,1,,23,23,1,5,8,B03,120.688647,24.146768,2
2023,2,15,18,28,臺中市,西屯區,0,2,0,8,3,5,40,14,8,1,5,4,5,7,4,4,1,4,1,2,12,17,2,8,3,4,C03,7,9,1,10,2,14,,17,17,1,22,8,C03,120.656236,24.158794,2
2023,2,15,18,30,臺中市,豐原區,0,1,0,8,3,5,50,4,1,1,5,4,5,7,4,4,5,5,5,2,16,26,3,10,3,4,B03,7,5,1,8,2,8,,26,26,1,21,8,B03,120.71989,24.25256,2
2023,2,15,18,31,臺中市,北區,0,0,0,,,,50,,,,,,,,,,,,,,,18,,,,,C03,,,1,,11,,,44,18,1,22,,C03,120.682792,24.148379,3
2023,2,15,18,33,臺中市,西區,0,0,0,8,,,50,,,,,,,,,,,,,,,16,,,,,B03,,,1,8,2,,,16,16,1,22,,B03,120.673324,24.136609,3
2023,2,15,18,33,臺中市,梧棲區,0,0,0,8,,,40,,,,,,,,,,,,,,,6,,,,,B03,,,1,,9,,,6,,1,21,,B03,120.53618,24.251265,3
2023,2,15,18,34,臺中市,潭子區,0,0,0,8,,,50,,,,,,,,,,,,,,,17,,,,,B03,,,1,,2,,,17,,1,22,,B03,120.702514,24.193999,3
2023,2,15,18,35,臺中市,大里區,0,2,0,8,3,5,50,4,2,1,5,4,5,7,1,1,10,5,5,2,12,9,3,10,1,1,B03,7,6,1,8,2,6,,9,9,1,20,8,B03,120.679339,24.115,2
2023,2,15,18,36,臺中市,潭子區,0,1,0,8,3,5,50,14,9,1,5,4,5,6,4,4,5,5,5,2,3,53,3,10,2,1,F01,7,9,8,20,2,16,,44,53,1,22,8,F01,120.701611,24.188093,2
2023,2,15,18,36,臺中市,西區,0,0,0,8,,,60,,,,,,,,,,,,,,,23,,,,,B03,,,1,,2,,,23,,1,5,,B03,120.660833,24.156289,3
2023,2,15,18,36,臺中市,西區,0,0,0,8,,,30,,,,,,,,,,,,,,,12,,,,,B03,,,1,,2,,,12,,1,4,,B03,120.667415,24.147437,3
2023,2,15,18,37,臺中市,西屯區,0,1,0,8,3,5,50,3,2,1,5,4,5,7,1,1,5,4,5,2,13,16,3,10,3,4,C01,7,9,1,9,1,11,,16,16,1,22,8,C01,120.651958,24.183533,2
2023,2,15,18,38,臺中市,大里區,0,2,0,8,3,5,50,14,9,1,5,4,5,7,4,4,5,4,5,1,12,26,2,9,1,1,C03,7,5,1,10,2,14,,26,26,1,22,8,C03,120.689802,24.114559,2
2023,2,15,18,40,臺中市,西區,0,0,0,,,,50,,,,,,,,,,,,,,,12,,,,,B12,,,1,,1,,,12,,1,10,,B12,120.663616,24.156826,3
2023,2,15,18,40,臺中市,北區,0,2,0,8,3,5,30,4,1,1,5,4,5,7,4,4,10,5,5,2,17,6,2,8,1,1,C03,7,9,1,10,2,12,,6,6,1,22,9,C03,120.684655,24.153241,2
2023,2,15,18,41,臺中市,西屯區,0,0,0,8,,,50,,,,,,,,,,,,,,,23,,,,,B03,,,1,,1,,,23,,1,22,,B03,120.651983,24.181985,3
2023,2,15,18,41,臺中市,西屯區,0,0,0,8,,,30,,,,,,,,,,,,,,,1,,,,,C03,,,1,,2,,,1,,1,22,,C03,120.646076,24.18046,3
2023,2,15,18,43,臺中市,梧棲區,0,0,0,8,,,30,,,,,,,,,,,,,,,23,,,,,B03,,,1,,2,,,23,,1,22,,B03,120.525783,24.230588,3
2023,2,15,18,45,臺中市,西區,0,0,0,8,,,50,,,,,,,,,,,,,,,26,,,,,B03,,,1,,11,,,26,26,1,21,,B03,120.671337,24.145379,3
2023,2,15,18,45,臺中市,西屯區,0,0,0,8,,,50,,,,,,,,,,,,,,,17,,,,,B03,,,1,,1,,,17,,1,4,,B03,120.628256,24.162235,3
2023,2,15,18,46,臺中市,南屯區,0,1,0,8,3,5,50,14,8,1,5,4,5,7,4,4,9,5,4,2,16,10,3,10,1,1,B03,7,11,1,8,2,5,,10,10,1,22,8,B03,120.627749,24.14688,2
2023,2,15,18,46,臺中市,北屯區,0,1,0,8,3,5,50,4,1,1,5,4,5,7,1,1,10,5,5,2,16,8,2,8,1,1,C03,7,5,1,10,2,14,,8,8,1,4,8,C03,120.719628,24.178186,2
2023,2,15,18,47,臺中市,北區,0,0,0,8,3,5,50,4,7,1,5,4,5,7,4,4,5,4,4,2,13,23,3,10,1,1,B03,7,9,1,8,2,1,,23,23,1,5,5,B03,120.671203,24.17005,3
2023,2,15,18,50,臺中市,南區,0,0,0,,,,50,,,,,,,,,,,,,,,23,,,,,B03,,,1,,2,,,23,,1,22,,B03,120.658043,24.117176,3
2023,2,15,18,53,臺中市,霧峰區,0,1,0,8,3,5,60,14,8,1,5,4,5,7,4,4,9,4,4,1,13,16,3,10,1,1,B03,7,9,1,8,2,5,,16,16,1,22,9,B03,120.695396,24.052762,2
2023,2,15,18,55,臺中市,西區,0,0,0,8,,,50,,,,,,,,,,,,,,,23,,,,,B03,,,1,8,1,,,23,23,1,22,,B03,120.665961,24.131063,3
2023,2,15,18,57,臺中市,北區,0,1,0,8,3,5,50,3,2,1,5,4,5,7,1,1,5,5,4,2,16,10,3,10,1,1,B03,7,11,1,8,2,8,,10,10,1,21,8,B03,120.682055,24.151982,2
2023,2,15,18,58,臺中市,南屯區,0,0,0,,,,40,,,,,,,,,,,,,,,16,,,,,B03,,,1,,1,,,16,16,1,22,,B03,120.623033,24.140267,3
2023,2,15,19,4,臺中市,神岡區,0,1,0,8,3,5,50,14,9,1,5,4,5,7,4,4,7,5,5,1,17,6,3,10,1,1,B03,7,15,1,8,2,6,,6,6,1,22,8,B03,120.677931,24.260465,2
2023,2,15,19,5,臺中市,豐原區,0,0,0,8,,,50,,,,,,,,,,,,,,,19,,,,,C03,,,1,,2,,,19,19,1,22,,C03,120.719887,24.247734,3
2023,2,15,19,6,臺中市,東區,0,4,0,8,3,5,50,3,1,1,5,4,5,7,4,4,10,5,5,2,17,42,2,9,1,1,C04,7,9,1,10,11,15,,42,42,1,22,8,C04,120.691252,24.147427,2
2023,2,15,19,6,臺中市,南屯區,0,0,0,8,,,50,,,,,,,,,,,,,,,23,,,,,B03,,,1,,1,,,23,,1,22,,B03,120.62339,24.1497,3
2023,2,15,19,14,臺中市,太平區,0,0,0,8,,,50,,,,,,,,,,,,,,,23,,,,,B03,,,1,,2,,,23,,1,5,,B03,120.717526,24.123535,3
2023,2,15,19,15,臺中市,潭子區,0,0,0,8,,,30,,,,,,,,,,,,,,,23,,,,,B03,,,1,,2,,,23,,1,22,,B03,120.707532,24.199439,3
2023,2,15,19,16,臺中市,大肚區,0,0,0,,,,50,,,,,,,,,,,,,,,8,,,,,C03,,,1,,1,,,8,,1,5,,C03,120.579073,24.168834,3
2023,2,15,19,20,臺中市,大雅區,0,0,0,8,,,30,,,,,,,,,,,,,,,9,,,,,B03,,,1,,2,,,9,,1,22,,B03,120.65667,24.227123,3
2023,2,15,19,21,臺中市,西屯區,0,3,0,8,3,5,50,14,9,1,5,4,5,7,4,4,1,4,5,2,24,23,2,8,3,4,C03,7,9,1,10,2,11,14,23,23,1,22,8,C03,120.636927,24.170482,2
2023,2,15,19,24,臺中市,東區,0,1,0,8,1,5,50,4,1,1,5,4,5,7,4,4,9,4,5,2,12,7,2,9,1,1,C03,7,7,1,10,2,14,,7,7,1,5,1,C03,120.687331,24.130407,2
2023,2,15,19,29,臺中市,西區,0,0,0,8,,,50,,,,,,,,,,,,,,,42,,,,,C03,,,1,,2,,,42,,1,5,,C03,120.661673,24.150865,3
2023,2,15,19,30,臺中市,南區,0,1,0,8,3,5,50,4,1,1,5,4,5,7,4,4,5,4,4,2,17,26,2,9,1,1,C03,7,11,1,10,2,12,,26,26,1,22,8,C03,120.653289,24.121969,2
2023,2,15,19,32,臺中市,沙鹿區,0,0,0,,,,60,,,,,,,,,,,,,,,23,,,,,B03,,,1,,2,,,23,,1,22,,B03,120.601341,24.249527,3
2023,2,15,19,34,臺中市,太平區,0,1,0,8,3,5,50,3,1,1,5,4,5,7,1,1,10,5,5,2,12,2,3,10,1,1,B03,7,9,1,8,2,2,,2,2,1,22,5,B03,120.711264,24.134239,2
2023,2,15,19,35,臺中市,西區,0,2,0,8,3,5,50,4,1,1,5,4,5,7,1,1,10,5,5,2,16,6,3,10,1,1,B03,7,6,1,8,2,2,,6,6,1,21,8,B03,120.652162,24.146736,2
2023,2,15,19,39,臺中市,沙鹿區,0,1,0,7,3,5,60,14,7,1,5,4,5,7,1,1,3,4,3,2,13,23,3,10,1,1,B03,7,9,1,7,2,1,,23,23,1,22,9,B03,120.580254,24.25009,2