年,月,日,時,分,縣市,區,死,受傷,2-30,天候,光線,道路類別,速限,道路型態,事故位置,路面鋪裝,路面狀態,路面缺陷,障礙物,視距,號誌種類,號誌動作,分向設施,快車道或一般車道間,快慢車道間,路面邊線,事故類型及型態,主要肇因,受傷程度,主要傷處,保護裝備,行動電話,當事者區分,車輛用途,當事者行動狀態,駕駛資格情形,駕駛執照種類,飲酒情形,車輛撞擊部位最初,車輛撞擊部位其他,肇事因素個別,肇事因素主要,肇事逃逸,職業,旅次目的,車種,GPS緯度,GPS經度,事故類別
2023,2,16,15,17,臺中市,西屯區,0,0,0,8,,,50,,,,,,,,,,,,,,,25,,,,,B03,,,1,,1,,,25,,1,4,,B03,120.656296,24.198626,3
2023,2,16,15,18,臺中市,西屯區,0,0,0,8,,,50,,,,,,,,,,,,,,,23,,,,,B03,,,1,,11,,,23,23,2,22,,B03,120.649798,24.16703,3
2023,2,16,15,19,臺中市,南屯區,0,0,0,8,,,30,,,,,,,,,,,,,,,1,,,,,C03,,,1,,9,,,1,,2,22,,C03,120.620161,24.138036,3
2023,2,16,15,20,臺中市,大雅區,0,0,0,8,,,50,,,,,,,,,,,,,,,12,,,,,B03,,,1,,1,,,12,,1,22,,B03,120.66347,24.232115,3
2023,2,16,15,20,臺中市,大雅區,0,1,0,8,1,5,50,4,1,1,5,4,5,7,1,1,5,5,4,1,15,25,2,9,1,1,C03,7,9,1,10,2,11,,25,25,1,21,8,C03,120.635872,24.215506,2
2023,2,16,15,30,臺中市,大雅區,0,1,0,8,1,5,50,4,2,1,5,4,5,7,4,4,5,5,5,1,2,23,3,10,1,1,C03,7,9,1,10,2,12,,23,23,1,22,9,C03,120.656805,24.225788,2
2023,2,16,15,31,臺中市,梧棲區,0,0,0,8,,,50,,,,,,,,,,,,,,,19,,,,,B03,,,1,,2,,,19,,1,22,,B03,120.525625,24.238886,3
2023,2,16,15,32,臺中市,南區,0,1,0,8,1,5,30,3,9,1,5,4,5,7,4,4,10,5,5,2,16,8,2,8,1,1,C03,7,5,1,10,2,11,,8,8,1,21,8,C03,120.670903,24.116243,2
2023,2,16,15,34,臺中市,豐原區,0,0,0,8,,,50,,,,,,,,,,,,,,,8,,,,,B03,,,1,,2,,,8,,1,22,,B03,120.732684,24.259083,3
2023,2,16,15,35,臺中市,北區,0,1,0,8,1,5,30,4,1,1,5,4,5,7,4,4,5,5,5,2,16,6,2,9,1,1,C03,7,9,1,10,2,11,,6,6,1,5,5,C03,120.679267,24.152814,2
2023,2,16,15,39,臺中市,大里區,0,0,0,8,,,50,,,,,,,,,,,,,,,23,,,,,B03,,,1,,2,,,23,,1,22,,B03,120.693198,24.089605,3
2023,2,16,15,40,臺中市,西屯區,0,2,0,8,1,5,50,14,9,1,5,4,5,7,4,4,9,4,5,2,11,10,2,9,1,1,C03,7,11,1,10,2,13,,10,10,1,22,8,C03,120.667047,24.176014,2
2023,2,16,15,42,臺中市,太平區,0,2,0,8,1,5,50,4,1,1,5,4,5,7,1,1,10,5,5,2,16,6,2,9,1,1,C03,7,5,1,10,2,12,,6,6,1,18,8,C03,120.718438,24.129173,2
2023,2,16,15,42,臺中市,清水區,0,1,0,8,1,5,40,14,8,1,5,4,5,7,4,4,1,4,4,1,14,12,3,10,1,1,B03,7,2,1,8,2,7,,12,12,1,21,8,B03,120.560197,24.260119,2
2023,2,16,15,43,臺中市,大里區,0,2,0,8,1,5,50,3,1,1,5,4,5,7,4,4,10,5,5,2,16,23,2,9,1,1,C03,7,9,1,10,2,12,,23,23,1,5,1,C03,120.707883,24.111493,2
2023,2,16,15,46,臺中市,西區,0,1,0,8,1,5,50,14,8,1,5,4,5,7,4,4,1,4,4,2,16,6,3,10,1,1,B03,7,6,1,8,2,5,,6,6,1,20,8,B03,120.656458,24.140261,2
2023,2,16,15,50,臺中市,北區,0,1,0,8,1,5,50,14,9,1,5,4,5,7,4,4,5,5,5,2,17,42,3,10,1,1,C04,7,15,1,10,2,11,,42,42,1,21,8,C04,120.684443,24.149845,2
2023,2,16,15,50,臺中市,大里區,0,1,0,8,1,5,40,14,7,1,5,4,5,7,4,4,1,4,4,1,12,19,3,10,1,1,B03,7,1,1,8,2,8,,19,19,1,20,8,B03,120.663982,24.088087,2
2023,2,16,15,54,臺中市,大里區,0,1,0,8,1,5,40,3,1,1,5,4,5,7,4,4,5,4,5,1,13,23,3,10,1,1,B12,7,9,1,8,2,1,,23,23,1,22,3,B12,120.689448,24.117823,2
2023,2,16,15,56,臺中市,北區,0,0,0,8,,,50,,,,,,,,,,,,,,,26,,,,,B03,,,1,,2,,,26,,1,20,,B03,120.685265,24.152786,3
2023,2,16,15,58,臺中市,北區,0,1,0,8,1,5,50,14,9,1,5,4,5,7,4,4,7,4,5,2,16,19,2,8,3,4,C03,7,1,1,10,2,14,,19,19,1,22,9,C03,120.673148,24.171551,2
2023,2,16,16,0,臺中市,南區,0,0,0,8,,,50,,,,,,,,,,,,,,,16,,,,,C03,,,1,,2,,,16,,1,22,,C03,120.685096,24.129928,3
2023,2,16,16,2,臺中市,西屯區,0,0,0,8,,,50,,,,,,,,,,,,,,,23,,,,,B03,,,1,,1,,,23,,1,22,,B03,120.651211,24.207985,3
2023,2,16,16,2,臺中市,神岡區,0,1,0,8,1,5,60,14,7,1,5,4,5,7,4,4,1,4,4,1,13,23,3,10,3,4,B03,7,9,1,8,2,1,,23,23,1,22,9,B03,120.698827,24.235116,2
2023,2,16,16,3,臺中市,烏日區,0,1,0,8,1,5,50,3,1,1,5,4,5,7,1,1,10,5,5,2,17,8,3,10,1,1,B03,7,5,1,4,2,1,,8,8,1,4,8,B03,120.628186,24.108181,2
2023,2,16,16,7,臺中市,西區,0,0,0,8,,,50,,,,,,,,,,,,,,,6,,,,,B03,,,1,,1,,,6,,1,21,,B03,120.671236,24.145493,3
2023,2,16,16,7,臺中市,沙鹿區,0,1,0,8,1,5,50,3,1,1,5,4,5,7,4,4,10,5,5,2,16,6,3,10,1,1,B12,7,5,1,2,2,2,,6,6,1,5,9,B12,120.57478,24.227405,2
2023,2,16,16,10,臺中市,太平區,0,0,0,8,,,50,,,,,,,,,,,,,,,23,,,,,B03,,,3,,2,,,23,,1,9,,B03,120.722216,24.145913,3
2023,2,16,16,17,臺中市,清水區,0,0,0,8,,,50,,,,,,,,,,,,,,,7,,,,,B12,,,1,,2,,,7,,1,21,,B12,120.543083,24.268231,3
2023,2,16,16,18,臺中市,北區,0,0,0,8,1,5,50,14,9,1,5,4,5,7,4,4,9,5,5,2,12,23,3,10,1,1,B03,7,9,1,8,2,5,,23,23,1,5,5,B03,120.678097,24.160363,3
2023,2,16,16,18,臺中市,東區,0,2,0,8,1,5,50,14,9,1,5,4,5,7,4,4,10,4,5,2,13,16,2,9,1,1,C03,7,5,1,10,2,11,,16,16,1,22,8,C03,120.693541,24.14818,2
2023,2,16,16,25,臺中市,北區,0,0,0,8,,,40,,,,,,,,,,,,,,,23,,,,,C03,,,1,,11,,,23,,1,22,,C03,120.695234,24.156711,3
2023,2,16,16,25,臺中市,北屯區,0,2,0,8,1,5,50,4,2,1,5,4,5,7,2,1,3,5,5,2,13,16,2,9,1,1,C03,7,9,1,10,2,11,,16,16,1,22,8,C03,120.700546,24.178479,2
2023,2,16,16,25,臺中市,大肚區,0,0,0,,,,50,,,,,,,,,,,,,,,9,,,,,B03,,,1,,2,,,9,,1,2,,B03,120.576605,24.169614,3
2023,2,16,16,29,臺中市,西區,0,1,0,8,1,5,50,4,1,1,5,4,1,7,1,1,10,5,5,2,16,6,3,10,1,1,B12,7,6,1,8,2,5,,6,6,1,10,8,B12,120.665268,24.146718,2
2023,2,16,16,31,臺中市,龍井區,0,2,0,8,1,5,30,4,1,1,5,4,5,7,4,4,10,5,5,1,15,6,2,9,1,1,C03,7,9,1,10,2,11,,6,6,1,5,8,C03,120.533543,24.220604,2
2023,2,16,16,32,臺中市,北區,0,1,0,8,1,5,50,14,7,1,5,4,5,7,2,1,3,2,3,1,16,23,2,9,3,4,C03,7,9,1,10,2,14,,23,23,1,22,9,C03,120.685574,24.153539,2
2023,2,16,16,36,臺中市,大雅區,0,1,0,8,1,5,30,3,1,1,5,4,5,7,4,4,10,5,5,2,16,6,3,10,1,1,B03,7,6,1,8,2,4,,6,6,1,22,8,B03,120.65664,24.229746,2
2023,2,16,16,36,臺中市,北屯區,0,0,0,8,,,50,,,,,,,,,,,,,,,10,,,,,B03,,,1,8,1,,,10,10,1,21,,B03,120.687953,24.168009,3
2023,2,16,16,41,臺中市,西區,0,1,0,8,1,5,50,3,1,1,5,4,5,7,4,4,10,5,5,2,17,19,3,10,1,1,C03,7,9,1,10,1,12,,44,19,1,21,8,C03,120.670827,24.143046,2
2023,2,16,16,42,臺中市,霧峰區,0,0,0,8,,,30,,,,,,,,,,,,,,,5,,,,,C03,,,1,,2,,,5,,1,22,,C03,120.709419,24.076088,3
2023,2,16,16,45,臺中市,梧棲區,0,2,0,8,1,5,30,3,2,1,5,4,5,7,4,4,10,5,5,2,16,23,2,8,1,1,C03,7,5,1,10,2,14,,23,23,1,9,1,C03,120.547485,24.232614,2
2023,2,16,16,51,臺中市,北區,0,1,0,8,1,5,50,4,1,1,5,4,5,7,1,1,10,5,5,2,16,6,3,10,1,1,B03,7,5,1,8,2,5,,6,6,1,5,8,B03,120.664089,24.162142,2
2023,2,16,16,53,臺中市,太平區,0,1,0,8,1,5,50,5,1,1,5,4,5,7,1,1,10,5,5,2,16,8,2,9,1,1,C03,7,5,1,10,2,14,,8,8,1,5,9,C03,120.713098,24.143387,2
2023,2,16,17,0,臺中市,霧峰區,0,1,0,8,1,5,40,4,1,1,5,4,5,7,1,1,10,5,5,2,16,19,3,10,1,1,B03,7,1,1,8,2,1,,19,19,1,5,8,B03,120.662522,24.072078,2
2023,2,16,17,0,臺中市,大肚區,0,1,0,8,1,5,70,4,2,1,5,4,5,7,1,1,1,5,5,2,16,6,3,10,1,1,B03,7,6,1,8,2,2,,6,6,1,4,8,B03,120.544282,24.162186,2
2023,2,16,17,3,臺中市,豐原區,0,0,0,8,,,50,,,,,,,,,,,,,,,6,,,,,B03,,,1,,2,,,6,,1,22,,B03,120.719663,24.257117,3
2023,2,16,17,3,臺中市,豐原區,0,0,0,8,,,50,,,,,,,,,,,,,,,19,,,,,B03,,,1,,2,,,19,,1,22,,B03,120.735399,24.251971,3
2023,2,16,17,4,臺中市,神岡區,0,2,0,8,1,5,50,3,1,1,5,4,5,7,4,4,5,5,5,1,16,27,2,9,1,1,C03,7,9,1,10,2,11,,44,27,1,22,8,C03,120.688081,24.267003,2
2023,2,16,17,5,臺中市,龍井區,0,0,0,8,,,30,,,,,,,,,,,,,,,12,,,,,B03,,,1,,2,,,12,,1,9,,B03,120.517092,24.215671,3
2023,2,16,17,5,臺中市,烏日區,0,1,0,8,1,5,50,3,2,1,5,4,5,7,2,1,1,4,3,2,12,9,3,10,1,1,B03,7,6,1,8,2,2,,9,9,1,21,8,B03,120.612472,24.105073,2
2023,2,16,17,5,臺中市,后里區,0,0,0,8,1,5,50,4,8,1,5,4,5,7,1,1,1,4,4,1,17,23,3,10,1,1,B03,7,3,1,8,2,6,,23,23,1,21,8,B03,120.723736,24.294801,3
2023,2,16,17,5,臺中市,大甲區,0,1,0,8,1,5,50,3,1,1,5,4,5,7,4,4,10,5,5,2,16,6,3,10,1,1,B03,7,5,1,8,2,1,,6,6,1,4,1,B03,120.627476,24.349196,2
2023,2,16,17,7,臺中市,西屯區,0,0,0,8,,,50,,,,,,,,,,,,,,,7,,,,,A11,,,1,,1,,,7,,1,22,,A11,120.624383,24.178531,3
2023,2,16,17,8,臺中市,太平區,0,0,0,8,,,50,,,,,,,,,,,,,,,7,,,,,C03,,,1,,2,,,7,,1,22,,C03,120.711586,24.153578,3
2023,2,16,17,9,臺中市,南區,0,0,0,8,2,5,50,3,9,1,5,4,5,7,4,4,3,4,5,2,16,7,3,10,1,1,B03,7,7,1,8,2,4,,7,7,1,21,8,B03,120.670082,24.114021,3
2023,2,16,17,10,臺中市,北區,0,1,0,8,1,5,50,3,2,1,5,4,5,7,4,4,5,5,5,2,16,17,3,10,1,1,C02,7,6,1,9,2,13,,17,17,1,21,8,C02,120.681094,24.160694,2
2023,2,16,17,10,臺中市,西屯區,0,1,0,8,1,5,50,4,1,1,5,4,5,7,1,1,8,5,5,1,3,23,2,9,1,4,C03,7,6,1,10,2,12,,23,23,1,4,8,C03,120.617693,24.175718,2
2023,2,16,17,10,臺中市,太平區,0,0,0,8,,,50,,,,,,,,,,,,,,,16,,,,,B03,,,1,,2,,,16,,1,9,,B03,120.713543,24.147631,3
2023,2,16,17,11,臺中市,東區,0,0,0,8,,,50,,,,,,,,,,,,,,,23,,,,,C03,,,1,,2,,,23,,1,16,,C03,120.70665,24.140813,3
2023,2,16,17,11,臺中市,北屯區,0,0,0,8,,,50,,,,,,,,,,,,,,,7,,,,,A12,,,1,,2,,,7,,1,5,,A12,120.69487,24.171385,3
2023,2,16,17,11,臺中市,太平區,0,2,0,8,1,5,50,4,1,1,5,4,5,7,4,4,10,5,5,2,16,6,2,9,1,1,C03,7,9,1,10,2,14,,6,6,1,5,9,C03,120.71514,24.105201,2
2023,2,16,17,12,臺中市,大里區,0,0,0,8,,,50,,,,,,,,,,,,,,,12,,,,,C03,,,1,,2,,,12,,1,22,,C03,120.68498,24.118525,3
2023,2,16,17,13,臺中市,豐原區,0,0,0,8,,,50,,,,,,,,,,,,,,,23,,,,,C03,,,1,,2,,,23,,1,22,,C03,120.720413,24.259152,3
2023,2,16,17,15,臺中市,大里區,0,0,0,8,,,70,,,,,,,,,,,,,,,23,,,,,B03,,,1,,2,,,23,,1,3,,B03,120.670898,24.108872,3
2023,2,16,17,16,臺中市,清水區,0,1,0,8,1,5,30,4,1,1,5,4,5,7,4,4,9,5,5,2,16,6,2,9,1,1,C03,7,9,1,10,2,12,,6,6,1,21,8,C03,120.616406,24.294304,2
2023,2,16,17,17,臺中市,北屯區,0,0,0,8,,,30,,,,,,,,,,,,,,,23,,,,,B03,,,1,,1,,,23,,1,5,,B03,120.670193,24.200707,3
2023,2,16,17,17,臺中市,豐原區,0,2,0,8,2,5,40,14,8,1,5,4,5,7,4,4,1,4,4,1,2,23,2,1,1,1,F02,7,9,8,20,7,16,,23,23,1,22,8,F02,120.74393,24.264671,2
2023,2,16,17,18,臺中市,梧棲區,0,2,0,8,1,5,60,4,1,1,5,4,5,7,1,1,10,5,5,1,16,26,3,10,3,4,B03,7,6,1,8,2,6,,26,26,1,22,8,B03,120.535713,24.248255,2
2023,2,16,17,19,臺中市,北區,0,4,0,8,1,5,40,3,2,1,5,4,5,7,4,4,1,4,4,2,16,19,2,9,1,1,C03,7,1,1,10,2,11,,19,19,1,5,5,C03,120.679965,24.163051,2
2023,2,16,17,22,臺中市,西屯區,0,0,0,8,,,60,,,,,,,,,,,,,,,7,,,,,B03,,,1,,1,,,7,,1,22,,B03,120.631617,24.162207,3
2023,2,16,17,22,臺中市,霧峰區,0,0,0,8,,,50,,,,,,,,,,,,,,,23,,,,,B12,,,1,,2,,,23,,1,22,,B12,120.693283,24.065843,3
2023,2,16,17,24,臺中市,烏日區,0,0,0,,,,50,,,,,,,,,,,,,,,16,,,,,B12,,,1,,2,,,16,,1,22,,B12,120.608744,24.108089,3
2023,2,16,17,25,臺中市,大雅區,0,0,0,8,,,50,,,,,,,,,,,,,,,23,,,,,C03,,,1,,2,,,23,,1,22,,C03,120.65527,24.229884,3
2023,2,16,17,25,臺中市,西屯區,0,1,0,8,1,5,30,3,1,1,5,4,5,7,4,4,1,5,1,2,13,23,2,8,3,4,C03,7,9,1,10,2,11,,23,16,1,22,8,C03,120.638448,24.190388,2
2023,2,16,17,26,臺中市,西屯區,0,0,0,8,,,50,,,,,,,,,,,,,,,7,,,,,B03,,,1,,2,,,7,,1,22,,B03,120.637315,24.176411,3
2023,2,16,17,27,臺中市,西屯區,0,0,0,8,,,30,,,,,,,,,,,,,,,16,,,,,C03,,,1,,1,,,16,16,1,22,,C03,120.648118,24.15712,3
2023,2,16,17,29,臺中市,北區,0,2,0,8,3,5,50,5,2,1,5,4,5,7,2,1,3,2,5,1,16,25,2,9,3,4,C03,7,9,1,10,2,12,,25,25,1,22,9,C03,120.673889,24.17383,2
2023,2,16,17,30,臺中市,南屯區,0,1,0,8,1,5,50,3,2,1,5,4,5,7,4,4,5,5,5,2,29,23,2,9,1,1,C03,7,9,1,10,2,15,,23,23,1,22,9,C03,120.623744,24.115201,2
2023,2,16,17,30,臺中市,神岡區,0,1,0,8,1,5,30,3,1,1,5,4,5,7,4,4,5,4,5,1,17,6,3,10,1,1,B03,7,5,1,8,2,1,,6,6,1,12,8,B03,120.681735,24.242369,2
2023,2,16,17,31,臺中市,西區,0,2,0,8,1,5,50,4,18,1,5,4,5,7,1,1,10,5,5,2,3,25,2,9,1,1,C03,7,9,1,10,2,11,,25,25,1,5,8,C03,120.661678,24.136547,2
2023,2,16,17,31,臺中市,西屯區,0,0,0,8,,,50,,,,,,,,,,,,,,,23,,,,,B03,,,1,,1,,,23,23,1,22,,B03,120.614123,24.183851,3
2023,2,16,17,32,臺中市,大里區,0,0,0,8,,,50,,,,,,,,,,,,,,,23,,,,,B03,,,1,,2,,,23,23,1,21,,B03,120.677651,24.094411,3
2023,2,16,17,35,臺中市,沙鹿區,0,1,0,8,1,5,50,4,1,1,5,4,5,7,4,4,10,5,5,2,15,6,2,9,1,1,C03,7,9,1,10,2,11,,6,6,1,22,8,C03,120.570529,24.245099,2
2023,2,16,17,37,臺中市,北屯區,0,0,0,8,,,50,,,,,,,,,,,,,,,23,,,,,B03,,,1,,2,,,44,23,1,22,,B03,120.693941,24.1619,3
2023,2,16,17,39,臺中市,西屯區,0,0,0,8,,,80,,,,,,,,,,,,,,,7,,,,,B03,,,1,,1,,,7,,1,4,,B03,120.646606,24.196305,3
2023,2,16,17,40,臺中市,南區,0,1,0,8,2,5,50,4,1,1,5,4,5,7,1,1,10,5,5,2,17,16,2,8,1,1,C03,7,9,1,10,2,14,,16,16,1,22,8,C03,120.655372,24.115259,2
2023,2,16,17,40,臺中市,北屯區,0,2,0,8,2,5,50,3,1,1,5,4,5,7,1,1,10,5,5,2,12,7,2,9,1,1,C03,7,8,1,10,2,12,,7,7,1,22,8,C03,120.72234,24.188739,2
2023,2,16,17,40,臺中市,龍井區,0,0,0,8,,,30,,,,,,,,,,,,,,,12,,,,,B12,,,1,,2,,,12,,1,5,,B12,120.539227,24.206674,3
2023,2,16,17,41,臺中市,北區,0,0,0,8,,,40,,,,,,,,,,,,,,,12,,,,,B03,,,1,,2,,,12,,1,21,,B03,120.673359,24.166198,3
2023,2,16,17,44,臺中市,西屯區,0,1,0,8,1,5,50,14,9,1,5,4,5,7,4,4,5,3,5,2,16,8,3,10,1,1,B03,7,5,1,8,2,7,,8,8,1,22,9,B03,120.608055,24.196851,2
2023,2,16,17,45,臺中市,西區,0,1,0,8,2,5,50,4,1,1,5,4,5,7,1,1,10,5,5,2,17,8,3,10,1,1,B03,7,9,1,8,2,1,,23,8,1,21,8,B03,120.655135,24.150813,2
2023,2,16,17,45,臺中市,北屯區,0,1,0,8,1,5,50,4,1,1,5,4,5,7,4,4,10,5,5,2,15,6,2,9,3,4,C03,7,9,1,9,2,12,,6,6,1,21,8,C03,120.68946,24.178871,2
2023,2,16,17,48,臺中市,南屯區,0,1,0,8,3,5,50,4,1,1,5,4,5,7,4,4,5,5,5,2,15,6,2,9,1,1,C03,7,9,1,10,2,11,,6,6,1,22,8,C03,120.65073,24.130764,2
2023,2,16,17,48,臺中市,清水區,0,0,0,8,,,50,,,,,,,,,,,,,,,6,,,,,B03,,,1,,2,,,6,,1,21,,B03,120.565894,24.271461,3
2023,2,16,17,51,臺中市,西屯區,0,0,0,8,,,50,,,,,,,,,,,,,,,6,,,,,B03,,,1,,1,,,6,,1,22,,B03,120.655901,24.158917,3
2023,2,16,17,54,臺中市,西屯區,0,0,0,8,,,50,,,,,,,,,,,,,,,23,,,,,B03,,,1,,1,,,23,,1,22,,B03,120.609247,24.184284,3
2023,2,16,17,56,臺中市,西屯區,0,1,0,8,3,5,50,4,1,1,5,4,5,7,1,1,10,5,5,2,16,8,3,10,3,4,B03,7,5,1,8,2,6,,8,8,1,22,8,B03,120.645018,24.178822,2
2023,2,16,17,58,臺中市,北屯區,0,0,0,8,,,50,,,,,,,,,,,,,,,26,,,,,B03,,,1,,1,,,26,,1,5,,B03,120.708205,24.18244,3
2023,2,16,17,58,臺中市,西屯區,0,0,0,8,,,50,,,,,,,,,,,,,,,23,,,,,B03,,,1,,2,,,23,,1,22,,B03,120.608055,24.196851,3
2023,2,16,18,0,臺中市,大雅區,0,0,0,8,,,50,,,,,,,,,,,,,,,23,,,,,C03,,,1,,2,,,23,,1,22,,C03,120.651791,24.227973,3
2023,2,16,18,2,臺中市,霧峰區,0,0,0,8,,,50,,,,,,,,,,,,,,,19,,,,,C03,,,1,,2,,,19,,1,22,,C03,120.698712,24.065953,3
2023,2,16,18,4,臺中市,北屯區,0,0,0,8,,,50,,,,,,,,,,,,,,,23,,,,,B02,,,1,,1,,,23,,1,22,,B02,120.69062,24.16506,3
2023,2,16,18,6,臺中市,南屯區,0,0,0,,,,50,,,,,,,,,,,,,,,23,,,,,B03,,,1,,1,,,23,,1,22,,B03,120.624926,24.149218,3
2023,2,16,18,7,臺中市,南屯區,0,1,0,8,2,5,50,4,9,1,5,4,5,7,1,1,10,5,5,2,17,26,3,10,1,1,C03,7,5,1,10,4,15,,26,26,1,22,8,C03,120.60964,24.138908,2
2023,2,16,18,7,臺中市,大肚區,0,2,0,8,3,5,50,9,9,1,5,4,5,7,4,4,10,5,5,2,16,23,2,9,1,1,C03,7,5,1,10,2,11,,6,23,1,3,1,C03,120.578257,24.168959,2
2023,2,16,18,9,臺中市,南區,0,2,0,8,1,5,50,4,1,1,5,4,5,7,4,4,10,5,5,2,15,6,2,9,1,1,C03,7,9,1,10,2,14,,6,6,1,4,5,C03,120.675279,24.129241,2
2023,2,16,18,9,臺中市,神岡區,0,1,0,8,3,5,50,4,1,1,5,4,5,7,1,1,5,5,5,1,16,6,3,10,1,1,B03,7,5,1,8,2,8,,6,6,1,22,8,B03,120.661366,24.263458,2
2023,2,16,18,11,臺中市,南屯區,0,0,0,8,,,50,,,,,,,,,,,,,,,12,,,,,B03,,,1,,2,,,12,,1,5,,B03,120.650535,24.14907,3
2023,2,16,18,12,臺中市,太平區,0,0,0,8,,,50,,,,,,,,,,,,,,,23,,,,,B03,,,1,,2,,,23,,1,4,,B03,120.719926,24.127339,3
2023,2,16,18,12,臺中市,太平區,0,0,0,8,,,50,,,,,,,,,,,,,,,23,,,,,B03,,,1,,2,,,23,,1,5,,B03,120.709914,24.121775,3
2023,2,16,18,15,臺中市,大里區,0,0,0,8,,,50,,,,,,,,,,,,,,,26,,,,,C03,,,1,,2,,,26,,1,5,,C03,120.689074,24.104126,3
2023,2,16,18,18,臺中市,豐原區,0,0,0,8,,,50,,,,,,,,,,,,,,,23,,,,,C03,,,1,,2,,,23,,1,22,,C03,120.723857,24.260305,3
2023,2,16,18,20,臺中市,太平區,0,2,0,8,3,5,50,3,2,1,5,4,5,7,4,4,5,5,5,2,3,51,2,9,4,5,H01,8,18,8,20,10,16,,51,51,1,15,2,H01,120.710106,24.154701,2
2023,2,16,18,21,臺中市,西區,0,0,0,8,,,50,,,,,,,,,,,,,,,23,,,,,C03,,,1,,1,,,23,,1,21,,C03,120.663775,24.154648,3
2023,2,16,18,24,臺中市,西屯區,0,0,0,8,,,50,,,,,,,,,,,,,,,23,,,,,B03,,,1,,1,,,23,,1,22,,B03,120.664097,24.17259,3
2023,2,16,18,24,臺中市,豐原區,0,3,0,8,3,5,50,15,22,1,5,4,5,7,3,1,1,3,4,2,13,16,2,9,1,1,C03,7,9,1,10,2,11,,16,16,1,4,1,C03,120.712652,24.241555,2
2023,2,16,18,25,臺中市,北屯區,0,0,0,8,,,50,,,,,,,,,,,,,,,23,,,,,B03,,,1,,1,,,23,,1,5,,B03,120.710071,24.182226,3
2023,2,16,18,26,臺中市,西區,0,3,0,8,3,5,50,5,1,1,5,4,5,7,1,1,10,5,5,2,16,6,2,9,1,1,C03,7,5,2,18,2,12,,6,6,1,16,8,C03,120.670492,24.153412,2
2023,2,16,18,30,臺中市,北屯區,0,0,0,8,,,50,,,,,,,,,,,,,,,23,,,,,B03,,,1,,2,,,23,,1,5,,B03,120.68557,24.174338,3
2023,2,16,18,33,臺中市,北屯區,0,0,0,8,,,40,,,,,,,,,,,,,,,16,,,,,B03,,,1,,2,,,16,,1,22,,B03,120.68847,24.201012,3
2023,2,16,18,34,臺中市,東勢區,0,2,0,8,3,5,50,4,1,1,5,4,5,7,2,1,5,5,5,2,15,6,2,9,1,1,C03,7,1,1,10,2,11,,6,6,1,5,8,C03,120.827213,24.26006,2
2023,2,16,18,38,臺中市,西屯區,0,0,0,8,,,80,,,,,,,,,,,,,,,16,,,,,B12,,,1,,2,,,16,,1,22,,B12,120.655087,24.199524,3
2023,2,16,18,40,臺中市,西屯區,0,0,0,8,,,50,,,,,,,,,,,,,,,16,,,,,B03,,,1,,1,,,16,16,1,22,,B03,120.640769,24.173603,3
2023,2,16,18,42,臺中市,北屯區,0,1,0,8,3,5,50,4,1,1,5,4,5,7,2,1,10,5,5,2,18,23,2,9,1,1,C03,7,9,1,10,2,12,,23,23,1,22,8,C03,120.70774,24.182337,2
2023,2,16,18,42,臺中市,大里區,0,2,0,8,3,5,50,4,1,1,5,4,5,7,4,4,10,5,5,2,16,6,2,8,1,1,C03,7,5,1,10,2,12,,6,6,1,9,8,C03,120.701975,24.091809,2
2023,2,16,18,51,臺中市,西屯區,0,0,0,8,,,50,,,,,,,,,,,,,,,17,,,,,C03,,,1,,2,,,17,,1,4,,C03,120.656823,24.185185,3
2023,2,16,18,54,臺中市,西屯區,0,0,0,8,,,80,,,,,,,,,,,,,,,16,,,,,B03,,,1,,1,,,16,,1,22,,B03,120.634948,24.179291,3
2023,2,16,18,54,臺中市,西屯區,0,0,0,8,,,70,,,,,,,,,,,,,,,23,,,,,B03,,,1,,1,,,23,,1,22,,B03,120.620253,24.180858,3
2023,2,16,18,54,臺中市,大里區,0,0,0,8,,,50,,,,,,,,,,,,,,,26,,,,,C03,,,1,,2,,,26,,1,22,,C03,120.683652,24.115368,3
2023,2,16,18,57,臺中市,沙鹿區,0,1,0,7,3,5,50,14,8,1,5,4,5,7,4,4,3,4,3,1,16,6,3,10,1,1,B03,7,3,1,8,2,2,,6,6,1,22,9,B03,120.57031,24.236502,2
2023,2,16,18,59,臺中市,中區,0,0,0,,,,50,,,,,,,,,,,,,,,23,,,,,C03,,,1,,1,,,23,,1,21,,C03,120.677041,24.141781,3
2023,2,16,19,2,臺中市,豐原區,0,0,0,8,,,50,,,,,,,,,,,,,,,16,,,,,B12,,,1,,2,,,16,,1,22,,B12,120.721293,24.258041,3
2023,2,16,19,4,臺中市,北區,0,3,0,8,3,5,50,4,1,1,5,4,5,7,2,1,10,5,5,2,15,25,2,8,1,1,C03,7,9,1,10,2,11,,25,25,1,22,9,C03,120.685102,24.160322,2
2023,2,16,19,5,臺中市,北區,0,1,0,8,3,5,50,4,9,1,5,4,5,7,1,1,1,4,5,2,18,67,,,,,,,,,,,,,67,67,1,,,,120.682424,24.165016,2
2023,2,16,19,5,臺中市,南區,0,3,0,8,3,5,50,4,1,1,5,4,5,7,1,1,10,5,5,2,16,6,2,9,1,1,C03,7,5,1,10,2,12,,6,6,1,18,8,C03,120.653847,24.122147,2