年,月,日,時,分,縣市,區,死,受傷,2-30,天候,光線,道路類別,速限,道路型態,事故位置,路面鋪裝,路面狀態,路面缺陷,障礙物,視距,號誌種類,號誌動作,分向設施,快車道或一般車道間,快慢車道間,路面邊線,事故類型及型態,主要肇因,受傷程度,主要傷處,保護裝備,行動電話,當事者區分,車輛用途,當事者行動狀態,駕駛資格情形,駕駛執照種類,飲酒情形,車輛撞擊部位最初,車輛撞擊部位其他,肇事因素個別,肇事因素主要,肇事逃逸,職業,旅次目的,車種,GPS緯度,GPS經度,事故類別
2023,2,17,9,15,臺中市,南屯區,0,0,0,8,,,50,,,,,,,,,,,,,,,17,,,,,B03,,,1,8,2,,,17,17,1,23,,B03,120.641557,24.118042,3
2023,2,17,9,20,臺中市,清水區,0,0,0,8,,,60,,,,,,,,,,,,,,,23,,,,,B03,,,1,,2,,,23,,1,21,,B03,120.564723,24.271156,3
2023,2,17,9,21,臺中市,南區,0,0,0,,,,50,,,,,,,,,,,,,,,19,,,,,B03,,,1,,2,,,19,,1,5,,B03,120.66611,24.125477,3
2023,2,17,9,25,臺中市,太平區,0,0,0,8,,,30,,,,,,,,,,,,,,,42,,,,,B03,,,1,,2,,,42,,1,21,,B03,120.749149,24.122449,3
2023,2,17,9,28,臺中市,北區,0,1,0,8,1,5,50,14,8,1,5,4,5,7,4,4,8,3,4,2,13,23,3,10,1,1,C03,7,9,1,10,2,11,,23,23,1,21,8,C03,120.681565,24.151158,2
2023,2,17,9,37,臺中市,北屯區,0,1,0,8,1,5,50,4,18,1,5,4,5,7,2,1,10,5,5,2,3,15,3,10,1,1,B03,7,5,1,8,2,1,,15,15,1,21,8,B03,120.69579,24.168041,2
2023,2,17,9,44,臺中市,潭子區,0,0,0,8,,,50,,,,,,,,,,,,,,,23,,,,,B03,,,1,,2,,,23,,1,22,,B03,120.706257,24.201032,3
2023,2,17,9,47,臺中市,北屯區,0,1,0,8,1,5,50,14,9,1,5,4,5,7,4,4,1,4,5,2,13,23,2,9,1,1,C03,7,9,1,10,2,11,,23,23,1,4,8,C03,120.7023,24.1647,2
2023,2,17,9,47,臺中市,沙鹿區,0,2,0,8,1,5,50,3,1,1,5,4,5,7,4,4,9,5,4,1,3,23,2,9,1,1,C03,7,9,1,10,2,11,,23,23,1,4,8,C03,120.580221,24.221917,2
2023,2,17,9,52,臺中市,西區,0,1,0,8,1,5,50,4,1,1,5,4,5,7,1,1,10,5,5,2,13,44,3,10,1,1,C03,7,6,1,8,2,11,,23,44,1,21,8,C03,120.675763,24.138754,2
2023,2,17,9,52,臺中市,南屯區,0,0,0,8,1,5,50,14,9,1,5,4,5,7,4,4,1,4,5,2,13,16,3,10,1,1,C03,7,9,1,10,2,11,,16,16,1,22,8,C03,120.626167,24.14873,3
2023,2,17,10,0,臺中市,新社區,0,0,0,8,,,30,,,,,,,,,,,,,,,23,,,,,A11,,,1,,1,,,23,,1,10,,A11,120.821382,24.205775,3
2023,2,17,10,11,臺中市,西區,0,1,0,8,1,5,50,4,1,1,5,4,5,7,1,1,10,5,5,2,16,9,2,9,1,1,C03,7,6,1,10,2,12,,9,9,1,5,5,C03,120.666907,24.153208,2
2023,2,17,10,11,臺中市,西屯區,0,1,0,8,1,5,50,4,1,1,5,4,5,7,1,1,5,4,5,2,16,7,3,10,1,1,C03,7,7,1,10,2,14,,7,7,1,22,8,C03,120.642264,24.177771,2
2023,2,17,10,11,臺中市,霧峰區,0,2,0,8,1,5,50,3,1,1,5,4,5,7,3,1,10,5,5,2,17,19,2,9,1,1,C03,7,1,1,10,2,14,,19,19,1,21,5,C03,120.702661,24.07597,2
2023,2,17,10,13,臺中市,烏日區,0,2,0,8,1,5,50,3,1,1,5,4,5,7,1,1,10,5,5,2,15,25,2,9,1,1,C03,7,9,1,10,2,11,,25,25,1,7,8,C03,120.642968,24.078838,2
2023,2,17,10,15,臺中市,北區,0,2,0,8,1,5,50,4,1,1,5,4,5,7,1,1,10,5,5,2,16,8,2,9,1,1,C03,7,5,6,18,2,14,,8,8,1,22,8,C03,120.68237,24.159103,2
2023,2,17,10,20,臺中市,西區,0,2,0,8,1,5,50,14,7,1,5,4,5,7,4,4,1,4,4,2,13,23,2,9,1,1,C03,7,9,1,10,2,11,,23,23,1,20,8,C03,120.658043,24.154259,2
2023,2,17,10,20,臺中市,豐原區,0,0,0,8,,,50,,,,,,,,,,,,,,,16,,,,,B03,,,1,,2,,,16,,1,4,,B03,120.714661,24.251238,3
2023,2,17,10,22,臺中市,西區,0,1,0,8,1,5,50,15,9,1,5,4,5,7,4,4,4,5,5,1,16,9,3,10,1,1,B12,7,6,1,8,2,2,,9,9,1,21,8,B12,120.661725,24.144333,2
2023,2,17,10,22,臺中市,大里區,0,0,0,8,,,30,,,,,,,,,,,,,,,17,,,,,A41,,,1,,2,,,17,,1,22,,A41,120.715821,24.092851,3
2023,2,17,10,23,臺中市,東區,0,0,0,8,,,50,,,,,,,,,,,,,,,23,,,,,B03,,,1,,2,,,23,,1,22,,B03,120.695183,24.142498,3
2023,2,17,10,25,臺中市,大雅區,0,0,0,8,,,50,,,,,,,,,,,,,,,26,,,,,B03,,,1,,2,,,26,26,1,21,,B03,120.649964,24.221653,3
2023,2,17,10,30,臺中市,西屯區,0,0,0,8,1,5,50,14,9,1,5,4,5,7,4,4,1,4,5,2,12,7,3,10,1,1,B12,7,7,1,8,1,7,4,7,7,1,3,4,B12,120.637136,24.170976,3
2023,2,17,10,30,臺中市,沙鹿區,0,0,0,8,,,50,,,,,,,,,,,,,,,12,,,,,B03,,,1,,2,,,12,12,1,21,,B03,120.572456,24.229288,3
2023,2,17,10,32,臺中市,西屯區,0,0,0,8,,,50,,,,,,,,,,,,,,,26,,,,,B12,,,1,,2,,,26,,1,21,,B12,120.632015,24.170026,3
2023,2,17,10,37,臺中市,大里區,0,0,0,8,,,50,,,,,,,,,,,,,,,18,,,,,A12,,,1,,2,,,18,,1,10,,A12,120.713801,24.103099,3
2023,2,17,10,38,臺中市,新社區,0,1,0,8,1,5,50,14,9,1,5,4,5,7,4,4,4,5,5,1,17,6,3,10,1,1,B03,7,1,1,8,2,8,,6,6,1,7,8,B03,120.808502,24.250207,2
2023,2,17,10,40,臺中市,北屯區,0,1,0,8,1,5,50,14,7,1,5,4,5,7,4,4,5,5,4,2,13,23,2,3,1,1,B03,7,9,1,8,2,1,,23,23,1,21,8,B03,120.67036,24.17781,2
2023,2,17,10,42,臺中市,大雅區,0,2,0,8,1,5,50,4,2,1,5,4,5,7,1,1,5,4,5,1,3,15,3,10,1,1,B12,7,5,1,8,2,1,,15,15,1,22,9,B12,120.651869,24.228037,2
2023,2,17,10,42,臺中市,中區,0,0,0,8,,,50,,,,,,,,,,,,,,,12,,,,,B12,,,1,,1,,,12,12,1,21,,B12,120.676992,24.144952,3
2023,2,17,10,46,臺中市,北區,0,0,0,,,,50,,,,,,,,,,,,,,,16,,,,,B03,,,1,,1,,,16,,1,21,,B03,120.678313,24.163112,3
2023,2,17,10,52,臺中市,南屯區,0,1,0,8,1,5,40,3,1,1,5,4,5,7,4,4,10,5,5,2,2,23,3,10,3,4,F01,7,9,8,20,2,16,,23,23,1,22,8,F01,120.640019,24.137731,2
2023,2,17,10,52,臺中市,太平區,0,1,0,8,1,5,50,14,7,1,5,4,5,7,4,4,9,5,4,1,18,42,2,9,1,1,C03,7,9,1,10,2,12,,42,42,1,22,8,C03,120.719566,24.155827,2
2023,2,17,10,53,臺中市,西屯區,0,0,0,8,,,50,,,,,,,,,,,,,,,23,,,,,B03,,,1,,1,,,23,,1,22,,B03,120.610119,24.17054,3
2023,2,17,11,0,臺中市,東區,0,2,0,8,1,5,50,3,2,1,5,4,5,7,1,1,10,2,4,2,13,16,2,9,1,1,C03,7,9,1,10,2,11,,16,16,1,5,8,C03,120.69032,24.124635,2
2023,2,17,11,5,臺中市,大里區,0,1,0,8,1,5,30,11,9,1,5,4,5,7,4,4,10,5,5,2,11,5,3,10,3,4,C03,7,9,1,10,2,14,,5,5,1,21,5,C03,120.69687,24.083408,2
2023,2,17,11,10,臺中市,西區,0,0,0,8,,,50,,,,,,,,,,,,,,,25,,,,,B03,,,3,,1,,,25,,1,5,,B03,120.652962,24.150959,3
2023,2,17,11,14,臺中市,西屯區,0,1,0,8,1,5,50,14,9,1,5,4,5,7,4,4,1,4,5,2,23,42,2,9,3,4,B12,7,9,1,8,2,1,,42,42,1,22,8,B12,120.656911,24.201385,2
2023,2,17,11,14,臺中市,新社區,0,0,0,8,,,30,,,,,,,,,,,,,,,12,,,,,B03,,,1,,2,,,12,,1,21,,B03,120.844947,24.134525,3
2023,2,17,11,17,臺中市,大雅區,0,1,0,8,1,5,50,4,1,1,5,4,1,7,1,1,3,4,4,1,16,9,3,10,1,1,A11,7,6,1,7,2,2,,9,9,1,22,8,A11,120.65356,24.221255,2
2023,2,17,11,17,臺中市,太平區,0,0,0,8,,,40,,,,,,,,,,,,,,,23,,,,,B03,,,1,,11,,,23,,2,22,,B03,120.71646,24.150341,3
2023,2,17,11,18,臺中市,西屯區,0,2,0,8,1,5,50,4,1,1,5,4,5,7,1,1,1,4,5,2,12,6,3,10,1,1,C03,7,5,1,10,2,15,,6,6,1,22,8,C03,120.593044,24.183185,2
2023,2,17,11,19,臺中市,南屯區,0,1,0,8,1,5,50,14,7,1,5,4,5,7,4,4,9,5,4,2,12,17,3,10,1,1,C03,7,9,4,8,2,14,,17,17,1,5,1,C03,120.628539,24.119569,2
2023,2,17,11,19,臺中市,西屯區,0,0,0,8,,,60,,,,,,,,,,,,,,,23,,,,,B03,,,1,,1,,,23,,1,22,,B03,120.633265,24.1721,3
2023,2,17,11,20,臺中市,霧峰區,0,1,0,8,1,5,50,4,1,1,5,4,5,7,4,4,10,5,5,2,15,6,3,10,1,1,B03,7,9,1,8,2,1,,6,6,1,22,8,B03,120.674631,24.035798,2
2023,2,17,11,22,臺中市,龍井區,0,2,0,8,1,5,30,4,1,1,5,4,5,7,4,4,10,5,5,2,15,6,2,3,1,1,C03,7,9,1,10,2,11,,6,6,1,20,7,C03,120.537838,24.203579,2
2023,2,17,11,23,臺中市,南區,0,2,0,8,1,5,50,14,7,1,5,4,5,7,4,4,5,4,4,2,13,16,2,9,1,1,C03,7,9,1,10,2,11,,16,16,1,22,8,C03,120.681222,24.133933,2
2023,2,17,11,24,臺中市,南屯區,0,1,0,8,1,5,50,3,1,1,5,4,5,7,4,4,1,4,1,2,16,6,3,10,1,1,A11,7,6,1,2,2,5,,6,6,1,22,8,A11,120.629735,24.127711,2
2023,2,17,11,30,臺中市,大雅區,0,1,0,8,1,5,30,14,9,1,5,4,5,7,4,4,10,5,5,2,16,19,2,9,1,1,C03,7,1,1,10,2,11,,19,19,1,22,9,C03,120.635507,24.217498,2
2023,2,17,11,31,臺中市,西屯區,0,0,0,8,,,40,,,,,,,,,,,,,,,16,,,,,B12,,,1,,1,,,16,,1,21,,B12,120.645447,24.164741,3
2023,2,17,11,33,臺中市,南屯區,0,0,0,,,,50,,,,,,,,,,,,,,,12,,,,,B11,,,1,,2,,,12,,1,22,,B11,120.651393,24.150876,3
2023,2,17,11,34,臺中市,后里區,0,1,0,8,1,5,50,14,9,1,5,4,5,7,4,4,9,5,4,2,12,1,3,10,1,1,B12,7,9,1,8,2,2,,1,1,1,4,8,B12,120.706538,24.306662,2
2023,2,17,11,45,臺中市,北屯區,0,1,0,8,1,5,50,4,1,1,5,4,5,7,1,1,10,5,5,2,16,6,3,10,1,1,B03,7,5,1,8,2,6,,6,6,1,21,8,B03,120.664611,24.182991,2
2023,2,17,11,46,臺中市,豐原區,0,1,0,8,1,5,50,5,1,1,5,4,5,7,1,1,4,3,4,2,11,6,3,10,1,1,C04,7,5,1,10,2,11,,6,6,1,22,8,C04,120.718929,24.248232,2
2023,2,17,11,50,臺中市,南區,0,1,0,8,1,5,50,14,7,1,5,4,5,7,4,4,5,4,4,2,17,10,3,10,1,1,B03,7,11,1,8,2,8,,10,10,1,22,8,B03,120.680152,24.129538,2
2023,2,17,11,50,臺中市,南屯區,0,0,0,8,1,5,50,14,9,1,5,4,5,7,4,4,5,4,5,2,13,23,,,,,B03,,,1,,2,,,23,,1,5,,B03,120.645428,24.140483,3
2023,2,17,11,51,臺中市,中區,0,0,0,,,,50,,,,,,,,,,,,,,,42,,,,,C03,,,1,,1,,,42,,1,5,,C03,120.678758,24.147189,3
2023,2,17,11,53,臺中市,清水區,0,2,0,8,1,5,50,14,9,1,5,4,5,7,4,4,5,5,5,1,10,4,2,8,1,1,C03,7,9,4,8,2,11,,4,4,1,21,8,C03,120.575357,24.27883,2
2023,2,17,11,57,臺中市,東區,0,0,0,,,,50,,,,,,,,,,,,,,,7,,,,,B12,,,1,,1,,,7,,1,5,,B12,120.694234,24.132982,3
2023,2,17,12,0,臺中市,中區,0,0,0,,,,50,,,,,,,,,,,,,,,23,,,,,C03,,,4,,1,,,23,23,1,20,,C03,120.684868,24.140607,3
2023,2,17,12,0,臺中市,太平區,0,0,0,8,,,50,,,,,,,,,,,,,,,16,,,,,C03,,,1,,2,,,16,,1,22,,C03,120.711151,24.126699,3
2023,2,17,12,4,臺中市,石岡區,0,0,0,8,,,70,,,,,,,,,,,,,,,16,,,,,A11,,,1,,2,,,16,,1,10,,A11,120.814975,24.260966,3
2023,2,17,12,8,臺中市,西區,0,0,0,,,,50,,,,,,,,,,,,,,,23,,,,,C03,,,1,,1,,,23,,1,5,,C03,120.661683,24.134253,3
2023,2,17,12,10,臺中市,中區,0,0,0,8,,,50,,,,,,,,,,,,,,,42,,,,,B12,,,1,,1,,,42,,1,21,,B12,120.6821,24.142932,3
2023,2,17,12,10,臺中市,北屯區,0,1,0,8,1,5,40,14,8,1,5,4,5,7,4,4,1,4,4,2,18,43,2,9,1,1,C03,7,9,1,10,2,12,,43,43,1,4,8,C03,120.6666,24.1807,2
2023,2,17,12,11,臺中市,西區,0,0,0,,,,50,,,,,,,,,,,,,,,6,,,,,B03,,,1,,9,,,6,,1,5,,B03,120.657267,24.149861,3
2023,2,17,12,14,臺中市,西區,0,1,0,8,1,5,50,3,1,1,5,4,5,7,4,4,10,5,5,2,16,42,2,7,1,1,C03,7,15,1,10,1,12,,42,42,1,5,8,C03,120.656529,24.142944,2
2023,2,17,12,14,臺中市,大里區,0,1,0,8,1,5,50,11,7,1,5,4,5,7,4,4,5,4,4,1,17,23,2,9,3,4,C03,7,9,1,10,2,11,,23,23,1,21,5,C03,120.712216,24.093867,2
2023,2,17,12,15,臺中市,大肚區,0,0,0,,,,50,,,,,,,,,,,,,,,18,,,,,B12,,,1,,2,,,18,,1,21,,B12,120.56244,24.124392,3
2023,2,17,12,20,臺中市,西區,0,2,0,8,1,5,50,4,1,1,5,4,5,7,4,4,10,5,5,2,16,6,2,9,1,1,C03,7,9,1,10,2,11,,6,6,1,20,8,C03,120.656239,24.135118,2
2023,2,17,12,21,臺中市,北屯區,0,1,0,8,1,8,50,4,1,1,5,4,5,7,2,1,10,5,5,2,16,25,3,10,1,1,B12,7,5,1,8,2,2,,25,25,1,21,8,B12,120.702471,24.186366,2
2023,2,17,12,22,臺中市,太平區,0,0,0,8,,,40,,,,,,,,,,,,,,,16,,,,,C03,,,1,,2,,,16,,1,22,,C03,120.702591,24.148113,3
2023,2,17,12,23,臺中市,西屯區,0,1,0,8,1,5,35,11,8,1,5,4,5,7,4,4,1,5,1,1,17,19,3,10,1,4,B12,7,1,1,8,1,7,,19,19,1,22,8,B12,120.630652,24.176994,2
2023,2,17,12,25,臺中市,北屯區,0,1,0,8,1,5,50,14,7,1,5,4,5,7,4,4,1,4,4,2,12,1,3,10,1,1,B12,7,9,1,8,2,5,,1,1,1,21,8,B12,120.6672,24.180668,2
2023,2,17,12,30,臺中市,神岡區,0,0,0,8,,,50,,,,,,,,,,,,,,,23,,,,,B12,,,1,,1,,,23,,1,12,,B12,120.670701,24.27182,3
2023,2,17,12,32,臺中市,西屯區,0,0,0,8,,,50,,,,,,,,,,,,,,,42,,,,,B03,,,1,,1,,,42,,1,22,,B03,120.624758,24.179208,3
2023,2,17,12,34,臺中市,西區,0,1,0,8,1,5,50,4,1,1,5,4,5,7,1,1,10,5,5,2,16,6,3,10,1,1,B03,7,6,1,8,1,5,,6,6,1,5,8,B03,120.667697,24.130913,2
2023,2,17,12,35,臺中市,大雅區,0,2,0,8,1,5,50,14,8,1,5,4,5,7,4,4,1,4,4,1,10,4,2,7,1,1,C03,7,9,1,10,2,11,,4,4,1,21,8,C03,120.645361,24.225001,2
2023,2,17,12,35,臺中市,北區,0,3,0,8,1,5,50,4,1,1,5,4,5,7,1,1,10,5,5,2,15,25,2,9,1,1,C03,7,9,3,18,2,12,,25,25,1,22,8,C03,120.66922,24.164911,2
2023,2,17,12,37,臺中市,西屯區,0,0,0,8,,,50,,,,,,,,,,,,,,,25,,,,,B12,,,1,,1,,,25,25,1,22,,B12,120.6227,24.175146,3
2023,2,17,12,38,臺中市,東區,0,1,0,8,1,5,50,4,1,1,5,4,5,7,1,1,5,4,4,2,16,19,2,9,1,1,C03,7,1,1,10,2,14,,19,19,1,22,8,C03,120.705933,24.144421,2
2023,2,17,12,40,臺中市,沙鹿區,0,2,0,8,1,5,50,14,9,1,5,4,5,4,4,4,5,5,5,2,17,19,2,8,1,1,C03,7,1,1,10,9,14,,19,19,1,4,1,C03,120.565829,24.231063,2
2023,2,17,12,41,臺中市,東區,0,1,0,8,1,5,50,4,1,1,5,4,5,7,1,1,10,5,5,2,16,7,2,9,1,1,C03,7,8,1,10,2,12,,7,7,1,22,8,C03,120.698494,24.133008,2
2023,2,17,12,41,臺中市,西屯區,0,0,0,8,,,40,,,,,,,,,,,,,,,12,,,,,B03,,,1,,1,,,12,,1,22,,B03,120.633667,24.165116,3
2023,2,17,12,42,臺中市,龍井區,0,0,0,8,,,30,,,,,,,,,,,,,,,23,,,,,C03,,,1,,1,,,23,,1,22,,C03,120.591169,24.179632,3
2023,2,17,12,42,臺中市,東勢區,0,1,0,8,1,5,50,3,1,1,5,4,5,7,4,4,10,5,5,2,16,6,3,10,1,1,B03,7,5,1,8,2,1,,6,6,1,22,8,B03,120.826297,24.255101,2
2023,2,17,12,43,臺中市,潭子區,0,2,0,8,1,5,60,14,7,1,5,4,5,7,4,4,1,3,4,1,13,23,2,9,1,1,B03,7,9,1,8,2,1,,23,23,1,22,8,B03,120.690268,24.224508,2
2023,2,17,12,45,臺中市,西區,0,1,0,8,1,5,50,4,1,1,5,4,5,7,1,1,5,4,4,1,16,8,3,10,1,1,C03,7,5,1,10,2,14,,8,8,1,21,8,C03,120.655724,24.154666,2
2023,2,17,12,48,臺中市,西屯區,0,0,0,8,,,50,,,,,,,,,,,,,,,23,,,,,B03,,,1,,1,,,23,,1,21,,B03,120.61737,24.174851,3
2023,2,17,13,3,臺中市,西屯區,0,0,0,8,,,40,,,,,,,,,,,,,,,16,,,,,C03,,,1,,1,,,16,,1,22,,C03,120.646024,24.172112,3
2023,2,17,13,10,臺中市,龍井區,0,0,0,8,,,40,,,,,,,,,,,,,,,44,,,,,A41,,,1,,2,,,44,,1,10,,A41,120.509771,24.219187,3
2023,2,17,13,10,臺中市,后里區,0,1,0,8,1,5,50,4,2,1,5,4,5,7,2,1,1,3,4,1,16,6,3,10,1,1,B12,7,5,1,8,2,5,,6,6,1,4,8,B12,120.676946,24.295041,2
2023,2,17,13,14,臺中市,西區,0,1,0,8,1,5,50,14,9,1,5,4,5,7,4,4,5,5,5,2,2,23,3,10,1,1,B03,7,9,1,8,2,2,,23,23,1,4,5,B03,120.66427,24.153026,2
2023,2,17,13,14,臺中市,西屯區,0,0,0,8,,,50,,,,,,,,,,,,,,,23,,,,,B03,,,1,,2,,,23,,1,22,,B03,120.62225,24.174318,3
2023,2,17,13,21,臺中市,西區,0,0,0,8,,,50,,,,,,,,,,,,,,,42,,,,,B03,,,1,,1,,,42,,1,21,,B03,120.659813,24.155466,3
2023,2,17,13,22,臺中市,西屯區,0,1,0,8,1,5,50,4,1,1,5,4,5,7,2,1,10,5,5,2,16,7,2,8,1,1,C03,7,8,1,10,2,15,,7,7,1,21,8,C03,120.652258,24.166553,2
2023,2,17,13,23,臺中市,北屯區,0,0,0,8,,,50,,,,,,,,,,,,,,,12,,,,,B12,,,1,,2,,,12,,1,21,,B12,120.664663,24.182886,3
2023,2,17,13,28,臺中市,北區,0,0,0,8,,,50,,,,,,,,,,,,,,,12,,,,,B12,,,1,,1,,,12,,1,22,,B12,120.680655,24.167425,3
2023,2,17,13,48,臺中市,大安區,0,1,0,8,1,5,30,11,9,1,5,4,5,7,4,4,10,5,5,1,19,42,2,7,1,1,B03,7,9,1,8,9,2,,42,42,1,4,8,B03,120.575663,24.352798,2
2023,2,17,13,50,臺中市,西屯區,0,1,0,8,1,5,30,3,2,1,5,4,5,7,1,3,10,5,5,2,17,6,2,9,1,4,C03,7,5,1,10,2,13,,6,6,1,22,8,C03,120.665817,24.17832,2
2023,2,17,13,55,臺中市,東區,0,1,0,8,1,5,50,14,7,1,5,4,5,7,4,4,5,5,4,2,18,23,2,9,1,1,C03,7,9,1,10,2,14,,23,23,1,5,8,C03,120.69244,24.148526,2
2023,2,17,13,55,臺中市,神岡區,0,0,0,8,,,30,,,,,,,,,,,,,,,5,,,,,B03,,,1,,2,,,5,,1,22,,B03,120.659826,24.277361,3
2023,2,17,13,57,臺中市,北區,0,0,0,8,,,40,,,,,,,,,,,,,,,7,,,,,B03,,,1,,2,,,7,,1,22,,B03,120.673608,24.166377,3
2023,2,17,14,0,臺中市,南區,0,1,0,8,1,5,50,4,1,1,5,4,5,7,4,4,10,5,5,2,17,6,3,10,1,1,C03,7,1,1,10,2,11,,6,6,1,22,8,C03,120.667317,24.114269,2
2023,2,17,14,5,臺中市,南屯區,0,1,0,8,1,5,50,14,9,1,5,4,3,7,4,4,1,4,4,2,16,6,3,10,1,1,B12,7,6,1,4,2,6,,6,6,1,22,9,B12,120.646586,24.138929,2
2023,2,17,14,8,臺中市,南屯區,0,0,0,8,,,50,,,,,,,,,,,,,,,26,,,,,B03,,,1,,2,,,26,26,1,22,,B03,120.610935,24.138508,3
2023,2,17,14,18,臺中市,北區,0,0,0,8,1,5,30,3,1,1,5,4,5,7,4,4,10,5,5,2,14,12,3,10,1,1,B12,7,2,1,8,1,6,,12,12,1,5,5,B12,120.684745,24.154947,3
2023,2,17,14,22,臺中市,太平區,0,0,0,8,,,50,,,,,,,,,,,,,,,17,,,,,B03,,,1,,9,,,17,,1,22,,B03,120.710071,24.127405,3
2023,2,17,14,24,臺中市,南區,0,1,0,8,1,5,50,3,1,1,5,4,5,7,1,1,5,4,4,2,16,6,3,10,1,1,B03,7,6,1,8,2,2,,6,9,1,22,8,B03,120.65671,24.124088,2
2023,2,17,14,31,臺中市,東區,0,2,0,8,1,5,50,4,1,1,5,4,5,7,1,1,10,5,5,2,16,27,2,9,1,1,C03,7,5,1,10,2,14,,27,27,1,22,8,C03,120.702238,24.13868,2
2023,2,17,14,31,臺中市,梧棲區,0,1,0,8,1,5,40,4,1,1,5,4,5,7,3,1,10,5,5,1,16,6,3,10,3,4,B03,7,6,1,8,2,4,,6,6,1,22,8,B03,120.534695,24.250672,2
2023,2,17,14,32,臺中市,南屯區,0,1,0,8,1,5,50,4,9,1,5,4,5,7,4,4,5,5,5,2,9,23,3,10,1,1,B01,7,6,1,4,2,2,,23,23,1,22,8,B01,120.651689,24.156926,2
2023,2,17,14,34,臺中市,北區,0,0,0,,,,50,,,,,,,,,,,,,,,23,,,,,B03,,,1,,2,,,23,,1,22,,B03,120.691825,24.160146,3
2023,2,17,14,35,臺中市,東區,0,0,0,8,1,5,50,14,7,1,5,4,5,7,4,4,5,4,5,2,29,67,,,,,,,,,,,,,67,67,1,,,,120.693938,24.142588,3
2023,2,17,14,35,臺中市,南屯區,0,1,0,8,1,5,40,3,1,1,5,4,5,7,4,4,10,5,5,2,13,23,3,10,1,1,C03,7,9,1,10,2,11,,23,23,1,4,8,C03,120.633989,24.154342,2
2023,2,17,14,35,臺中市,龍井區,0,0,0,,,,50,,,,,,,,,,,,,,,18,,,,,B11,,,1,,9,,,18,,1,10,,B11,120.591045,24.190133,3
2023,2,17,14,35,臺中市,沙鹿區,0,1,0,8,1,5,50,4,2,1,5,4,5,7,1,1,3,3,3,1,17,6,3,10,3,4,B03,7,6,1,8,2,3,,6,6,1,22,8,B03,120.562194,24.244902,2
2023,2,17,14,38,臺中市,龍井區,0,0,0,,,,50,,,,,,,,,,,,,,,23,,,,,B12,,,1,,1,,,23,23,1,4,,B12,120.592853,24.182105,3
2023,2,17,14,40,臺中市,大里區,0,0,0,8,,,50,,,,,,,,,,,,,,,23,,,,,B03,,,1,,2,,,23,,1,22,,B03,120.693966,24.100238,3
2023,2,17,14,49,臺中市,大雅區,0,0,0,8,,,50,,,,,,,,,,,,,,,17,,,,,A01,,,1,,2,,,17,,1,10,,A01,120.64752,24.221068,3
2023,2,17,14,50,臺中市,北區,0,1,0,8,1,5,50,3,1,1,5,4,5,7,4,4,1,4,5,2,16,6,3,10,1,1,B03,7,6,1,8,2,2,,6,6,1,22,8,B03,120.685887,24.155351,2
2023,2,17,14,50,臺中市,清水區,0,0,0,8,,,50,,,,,,,,,,,,,,,8,,,,,B12,,,1,,2,,,8,,1,21,,B12,120.553882,24.274968,3
2023,2,17,14,56,臺中市,南屯區,0,0,0,8,,,50,,,,,,,,,,,,,,,6,,,,,B03,,,3,,1,,,14,23,1,22,,B03,120.632325,24.142826,3
2023,2,17,14,57,臺中市,北屯區,0,1,0,8,1,5,50,4,1,1,5,4,5,7,1,1,5,5,4,2,12,6,3,10,1,1,B03,7,6,1,8,2,5,,6,6,1,22,8,B03,120.690783,24.164959,2
2023,2,17,14,58,臺中市,南屯區,0,0,0,8,,,50,,,,,,,,,,,,,,,7,,,,,B01,,,1,,1,,,7,,1,22,,B01,120.624348,24.149176,3
2023,2,17,15,3,臺中市,沙鹿區,0,0,0,8,,,70,,,,,,,,,,,,,,,44,,,,,A04,,,1,,2,,,44,,1,10,,A04,120.606169,24.247267,3
2023,2,17,15,8,臺中市,南區,0,1,0,8,1,5,50,4,9,1,5,4,5,7,1,1,3,5,5,2,16,9,3,10,3,4,B03,7,6,1,8,2,2,,9,9,1,22,8,B03,120.665804,24.12349,2
2023,2,17,15,8,臺中市,南屯區,0,1,0,8,1,5,50,4,1,1,5,4,5,7,1,1,5,4,4,2,17,26,3,10,1,1,B03,7,6,1,8,2,6,,26,26,1,22,8,B03,120.622694,24.140422,2
2023,2,17,15,11,臺中市,大里區,0,0,0,8,,,40,,,,,,,,,,,,,,,5,,,,,B03,,,1,,11,,,5,,1,3,,B03,120.701627,24.088913,3
2023,2,17,15,14,臺中市,南區,0,1,0,8,1,5,40,4,8,1,5,4,5,7,4,4,1,4,4,2,17,35,3,10,1,1,C03,7,9,1,10,2,15,,35,35,1,21,8,C03,120.658581,24.111728,2
2023,2,17,15,23,臺中市,東區,0,2,0,8,1,5,50,3,1,1,5,4,5,7,2,1,5,4,5,2,17,42,3,10,1,1,C03,7,9,1,10,11,15,,42,42,1,21,8,C03,120.685675,24.135746,2
2023,2,17,15,23,臺中市,太平區,0,0,0,8,,,50,,,,,,,,,,,,,,,23,,,,,B12,,,1,,2,,,23,,1,22,,B12,120.715674,24.119386,3
2023,2,17,15,37,臺中市,南區,0,0,0,8,,,40,,,,,,,,,,,,,,,16,,,,,C03,,,1,,2,,,16,,1,22,,C03,120.668543,24.114474,3