年,月,日,時,分,縣市,區,死,受傷,2-30,天候,光線,道路類別,速限,道路型態,事故位置,路面鋪裝,路面狀態,路面缺陷,障礙物,視距,號誌種類,號誌動作,分向設施,快車道或一般車道間,快慢車道間,路面邊線,事故類型及型態,主要肇因,受傷程度,主要傷處,保護裝備,行動電話,當事者區分,車輛用途,當事者行動狀態,駕駛資格情形,駕駛執照種類,飲酒情形,車輛撞擊部位最初,車輛撞擊部位其他,肇事因素個別,肇事因素主要,肇事逃逸,職業,旅次目的,車種,GPS緯度,GPS經度,事故類別
2023,2,18,8,43,臺中市,大里區,0,1,0,8,1,5,50,14,9,1,5,4,5,7,4,4,9,4,5,1,12,23,2,8,1,1,C03,7,9,1,10,2,12,,23,23,1,20,9,C03,120.704969,24.088199,2
2023,2,18,8,46,臺中市,南區,0,0,0,8,,,50,,,,,,,,,,,,,,,43,,,,,B03,,,1,,9,,,43,,1,22,,B03,120.654671,24.115658,3
2023,2,18,8,46,臺中市,西屯區,0,1,0,8,1,5,40,14,8,1,5,4,5,7,4,4,5,4,4,2,12,40,3,10,1,1,B01,7,13,1,4,2,4,,40,40,1,10,8,B01,120.638103,24.16792,2
2023,2,18,8,47,臺中市,西區,0,0,0,,,,50,,,,,,,,,,,,,,,18,,,,,B03,,,1,,2,,,18,,1,5,,B03,120.655138,24.153572,3
2023,2,18,8,48,臺中市,烏日區,0,0,0,8,1,5,50,4,2,1,5,4,5,7,4,4,5,4,5,1,12,17,3,10,3,4,C03,7,9,1,10,1,12,,17,17,1,21,9,C03,120.624694,24.10488,3
2023,2,18,8,50,臺中市,豐原區,0,1,0,8,1,5,50,3,1,1,5,4,5,7,1,1,1,5,4,2,13,16,2,9,1,1,C03,7,9,1,10,2,11,,16,16,1,21,8,C03,120.700755,24.249125,2
2023,2,18,8,52,臺中市,北區,0,1,0,8,1,5,50,3,1,1,5,4,5,7,4,4,1,4,5,2,16,6,3,10,1,1,C03,7,6,1,10,2,13,,6,9,1,22,8,C03,120.685887,24.155351,2
2023,2,18,8,52,臺中市,南屯區,0,1,0,8,1,5,50,4,1,1,5,4,5,7,2,1,10,5,5,2,16,25,2,9,1,1,C03,7,9,4,8,2,14,,25,25,1,22,8,C03,120.637184,24.15155,2
2023,2,18,8,53,臺中市,西屯區,0,2,0,8,1,5,50,4,1,1,5,4,5,7,1,1,9,4,5,2,16,25,2,9,1,1,C03,7,9,1,10,2,11,,25,25,1,12,8,C03,120.619583,24.168695,2
2023,2,18,8,54,臺中市,西屯區,0,1,0,8,1,5,50,4,2,1,5,2,5,7,1,1,10,5,5,2,18,13,2,9,1,1,C03,7,9,1,10,2,14,,13,13,1,5,8,C03,120.658301,24.192684,2
2023,2,18,8,55,臺中市,大甲區,0,1,0,8,1,5,50,14,9,1,5,4,5,7,4,4,5,5,5,1,13,23,3,10,1,1,B03,7,9,1,10,2,5,1,23,23,1,22,8,B03,120.622256,24.344221,2
2023,2,18,8,56,臺中市,神岡區,0,1,0,8,1,5,50,14,8,1,5,4,5,7,4,4,5,5,4,2,16,27,3,10,1,1,B03,7,6,1,8,2,5,,27,27,1,22,9,B03,120.671031,24.25648,2
2023,2,18,8,57,臺中市,北區,0,1,0,8,1,5,50,4,1,1,5,4,5,7,4,4,10,5,5,2,15,6,3,10,1,1,C03,7,9,1,10,2,13,,6,6,1,2,8,C03,120.693789,24.156717,2
2023,2,18,8,58,臺中市,西區,0,1,0,8,1,5,50,4,1,1,5,4,5,7,1,1,5,2,4,1,13,16,2,9,1,1,C03,7,9,1,10,2,11,,16,16,1,21,8,C03,120.665943,24.128884,2
2023,2,18,9,2,臺中市,北區,0,0,0,8,,,50,,,,,,,,,,,,,,,44,,,,,C03,,,1,,1,,,44,,1,5,,C03,120.675424,24.150936,3
2023,2,18,9,2,臺中市,南屯區,0,0,0,8,,,50,,,,,,,,,,,,,,,12,,,,,B01,,,1,,1,,,12,,1,22,,B01,120.643948,24.135411,3
2023,2,18,9,3,臺中市,豐原區,0,0,0,8,,,50,,,,,,,,,,,,,,,44,,,,,B03,,,1,,1,,,44,,1,21,,B03,120.73113,24.25523,4
2023,2,18,9,8,臺中市,豐原區,0,1,0,8,1,5,50,3,1,1,5,4,5,7,4,4,5,5,5,2,16,6,3,10,2,1,F01,7,5,8,20,2,16,,6,6,1,20,8,F01,120.70861,24.241803,2
2023,2,18,9,12,臺中市,豐原區,0,1,0,8,1,5,30,3,1,1,5,4,5,7,4,4,10,5,5,1,16,6,3,10,1,1,B03,7,6,1,8,2,8,,6,6,1,21,8,B03,120.741551,24.251087,2
2023,2,18,9,13,臺中市,東區,0,1,0,8,1,5,50,4,1,1,5,4,5,7,1,1,10,5,5,2,15,6,3,10,1,1,C03,7,9,1,10,2,11,,6,6,1,22,9,C03,120.690455,24.130785,2
2023,2,18,9,20,臺中市,南區,0,0,0,,,,30,,,,,,,,,,,,,,,12,,,,,B03,,,1,,2,,,12,,1,22,,B03,120.693571,24.149861,3
2023,2,18,9,22,臺中市,新社區,0,2,0,8,1,5,30,4,1,1,5,4,5,7,4,4,10,5,5,2,15,6,2,9,1,1,C03,7,9,1,10,2,12,,6,6,1,20,9,C03,120.795768,24.219448,2
2023,2,18,9,23,臺中市,西屯區,0,0,0,8,,,50,,,,,,,,,,,,,,,42,,,,,B03,,,1,,1,,,42,,1,21,,B03,120.62323,24.177063,3
2023,2,18,9,25,臺中市,西屯區,0,0,0,8,,,50,,,,,,,,,,,,,,,42,,,,,B03,,,1,,11,,,42,,1,22,,B03,120.641076,24.167898,3
2023,2,18,9,27,臺中市,梧棲區,0,1,0,8,1,5,50,3,1,1,5,4,5,7,4,4,10,5,5,2,13,23,3,10,1,1,B03,7,9,1,8,2,5,,23,23,1,9,8,B03,120.533605,24.231891,2
2023,2,18,9,30,臺中市,霧峰區,0,1,0,8,1,5,40,14,13,1,5,4,5,7,4,4,1,4,4,1,17,42,2,9,1,1,C03,7,9,2,18,2,11,,42,42,1,21,5,C03,120.664524,24.047386,2
2023,2,18,9,30,臺中市,神岡區,0,0,0,8,,,30,,,,,,,,,,,,,,,42,,,,,G03,,,1,,2,,,42,,1,11,,G03,120.67763,24.238654,3
2023,2,18,9,33,臺中市,北屯區,0,0,0,8,,,50,,,,,,,,,,,,,,,19,,,,,B03,,,1,,1,,,19,,1,4,,B03,120.7033,24.1624,3
2023,2,18,9,35,臺中市,霧峰區,0,2,0,8,1,5,60,3,1,1,5,4,5,7,3,1,10,5,5,2,17,9,3,10,1,1,B03,7,6,1,8,2,5,8,9,9,1,22,8,B03,120.695553,24.052706,2
2023,2,18,9,38,臺中市,豐原區,0,1,0,8,1,5,50,14,9,1,5,4,5,7,4,4,5,5,5,1,16,19,2,9,1,1,C03,7,1,1,10,2,14,,19,19,1,21,8,C03,120.721346,24.270868,2
2023,2,18,9,40,臺中市,南區,0,1,0,8,1,5,50,4,1,1,5,4,5,7,1,1,10,5,5,2,12,6,2,9,1,1,C03,7,5,1,10,2,11,,6,6,1,22,8,C03,120.646663,24.110379,2
2023,2,18,9,47,臺中市,沙鹿區,0,1,0,8,1,5,50,14,7,1,5,4,5,7,4,4,5,5,4,2,17,23,3,10,1,1,B03,7,5,2,18,2,8,,23,23,1,21,8,B03,120.569845,24.237242,2
2023,2,18,9,48,臺中市,沙鹿區,0,0,0,8,,,40,,,,,,,,,,,,,,,23,,,,,B03,,,1,,2,,,23,,1,4,,B03,120.568605,24.238283,3
2023,2,18,9,48,臺中市,石岡區,0,2,0,8,1,5,50,4,1,1,5,4,5,7,1,1,10,5,5,2,17,19,2,9,1,1,C03,7,1,1,10,2,14,,19,19,1,20,9,C03,120.777061,24.274104,2
2023,2,18,9,51,臺中市,大里區,0,1,0,8,1,5,50,14,9,1,5,4,5,7,4,4,1,4,5,1,14,12,3,10,1,1,B03,7,2,1,8,2,7,,12,12,1,22,9,B03,120.682214,24.102064,2
2023,2,18,9,52,臺中市,太平區,0,4,0,8,1,5,30,4,1,1,5,4,5,7,4,4,10,5,5,2,16,6,2,7,1,1,C03,7,9,1,10,2,11,,6,6,1,22,8,C03,120.720183,24.129305,2
2023,2,18,9,54,臺中市,外埔區,0,1,0,8,1,5,50,4,1,1,5,4,5,7,4,4,10,5,5,2,16,6,3,10,1,1,B12,7,6,3,18,2,2,,6,6,1,22,8,B12,120.653659,24.33117,2
2023,2,18,9,58,臺中市,西屯區,0,0,0,8,,,50,,,,,,,,,,,,,,,12,,,,,B03,,,1,,1,,,12,,1,21,,B03,120.633746,24.15891,3
2023,2,18,9,58,臺中市,大里區,0,1,0,8,1,5,50,4,1,1,5,4,5,7,1,1,10,5,5,2,16,4,3,10,1,1,C03,7,9,1,10,2,12,,4,4,1,5,5,C03,120.703648,24.111195,2
2023,2,18,9,59,臺中市,西屯區,0,0,0,8,,,40,,,,,,,,,,,,,,,23,,,,,B12,,,1,,1,,,23,,1,22,,B12,120.637881,24.168016,3
2023,2,18,10,0,臺中市,西區,0,2,0,8,1,5,50,4,1,1,5,4,5,7,4,4,10,5,5,2,16,6,2,9,1,1,C03,7,5,1,10,2,12,,6,6,1,21,8,C03,120.655144,24.146707,2
2023,2,18,10,0,臺中市,南屯區,0,1,0,8,1,5,50,14,9,1,5,4,5,7,4,4,5,5,5,2,15,6,2,9,1,1,C03,7,9,6,10,2,12,,6,6,1,5,1,C03,120.647803,24.147741,2
2023,2,18,10,5,臺中市,西屯區,0,0,0,8,1,5,50,14,9,1,5,4,5,7,4,4,4,4,5,2,13,23,3,10,1,1,B12,7,9,1,8,2,1,,23,23,1,9,4,B12,120.621191,24.174499,3
2023,2,18,10,6,臺中市,霧峰區,0,2,0,8,1,5,50,4,9,1,5,4,5,7,1,1,1,3,1,1,15,25,2,7,1,1,C03,7,9,3,18,2,14,,25,25,1,19,9,C03,120.694958,24.06594,2
2023,2,18,10,8,臺中市,西屯區,0,0,0,8,,,50,,,,,,,,,,,,,,,8,,,,,B03,,,1,,1,,,8,,1,22,,B03,120.645002,24.172204,3
2023,2,18,10,17,臺中市,太平區,0,2,0,8,1,5,50,4,1,1,5,4,5,7,1,1,10,5,5,2,15,25,2,9,1,1,C03,7,9,1,10,2,12,,25,25,1,21,8,C03,120.715628,24.135997,2
2023,2,18,10,20,臺中市,西屯區,0,2,0,8,1,5,50,4,2,1,5,4,5,7,2,1,8,3,5,1,17,43,2,9,1,1,C03,7,15,1,10,2,13,,43,43,1,22,8,C03,120.639414,24.188611,2
2023,2,18,10,22,臺中市,豐原區,0,0,0,,,,50,,,,,,,,,,,,,,,23,,,,,C03,,,1,,2,,,23,,1,22,,C03,120.714345,24.244955,3
2023,2,18,10,23,臺中市,霧峰區,0,1,0,8,1,5,40,4,1,1,5,4,5,7,1,1,10,5,5,2,17,23,3,10,3,4,C03,7,9,1,10,2,11,,23,23,1,21,5,C03,120.695538,24.041503,2
2023,2,18,10,23,臺中市,豐原區,0,0,0,8,,,50,,,,,,,,,,,,,,,17,,,,,B03,,,1,,2,,,17,,1,19,,B03,120.716428,24.251721,4
2023,2,18,10,30,臺中市,豐原區,0,0,0,8,,,50,,,,,,,,,,,,,,,12,,,,,B03,,,1,,2,,,12,,1,21,,B03,120.705958,24.242668,3
2023,2,18,10,32,臺中市,潭子區,0,1,0,8,1,5,40,5,1,1,5,4,5,7,2,1,10,5,5,2,16,25,2,9,1,1,C03,7,9,1,10,2,11,,25,25,1,22,8,C03,120.697634,24.216572,2
2023,2,18,10,33,臺中市,潭子區,0,0,0,8,,,60,,,,,,,,,,,,,,,23,,,,,A12,,,1,,2,,,23,,1,22,,A12,120.702266,24.187497,3
2023,2,18,10,36,臺中市,西區,0,1,0,8,1,5,50,4,1,1,5,4,5,7,2,1,10,5,5,2,16,26,3,10,1,1,B03,7,5,1,8,2,5,,26,26,1,5,5,B03,120.658977,24.155921,2
2023,2,18,10,43,臺中市,大里區,0,0,0,8,,,50,,,,,,,,,,,,,,,42,,,,,C03,,,1,,6,,,42,,1,22,,C03,120.69747,24.095061,3
2023,2,18,10,45,臺中市,北區,0,1,0,8,1,5,50,14,7,1,5,4,5,7,4,4,1,4,4,2,13,23,3,10,1,1,B12,7,9,1,8,2,1,,23,23,1,22,8,B12,120.66341,24.161844,2
2023,2,18,10,46,臺中市,霧峰區,0,0,0,8,,,50,,,,,,,,,,,,,,,23,,,,,B12,,,1,,2,,,23,,1,9,,B12,120.696019,24.018921,3
2023,2,18,10,57,臺中市,北屯區,0,1,0,8,1,5,50,5,1,1,5,4,5,7,2,1,10,5,5,2,16,26,3,10,1,1,B02,7,5,1,8,2,7,,26,26,1,21,8,B02,120.686148,24.188148,2
2023,2,18,10,58,臺中市,龍井區,0,0,0,8,,,50,,,,,,,,,,,,,,,23,,,,,B03,,,1,,2,,,23,,1,22,,B03,120.588192,24.186273,3
2023,2,18,10,59,臺中市,北屯區,0,0,0,,,,50,,,,,,,,,,,,,,,16,,,,,B12,,,1,,1,,,16,,1,22,,B12,120.70103,24.18228,3
2023,2,18,11,0,臺中市,東區,0,0,0,8,,,50,,,,,,,,,,,,,,,67,,,,,,,,,,,,,67,,1,,,,120.694364,24.145789,3
2023,2,18,11,1,臺中市,大甲區,0,0,0,8,,,50,,,,,,,,,,,,,,,16,,,,,B03,,,1,,1,,,16,,1,4,,B03,120.621526,24.345847,3
2023,2,18,11,10,臺中市,西屯區,0,0,0,8,,,50,,,,,,,,,,,,,,,12,,,,,C03,,,1,,2,,,12,,1,21,,C03,120.638901,24.180153,3
2023,2,18,11,13,臺中市,龍井區,0,1,0,8,1,5,50,14,8,1,5,4,5,7,4,4,1,2,4,2,17,19,3,10,3,4,B03,7,1,1,8,2,4,,19,19,1,20,8,B03,120.546396,24.194235,2
2023,2,18,11,16,臺中市,西屯區,0,0,0,8,,,30,,,,,,,,,,,,,,,23,,,,,B01,,,1,,1,,,23,,1,10,,B01,120.641244,24.156306,3
2023,2,18,11,19,臺中市,西屯區,0,0,0,8,,,50,,,,,,,,,,,,,,,26,,,,,B03,,,1,,1,,,26,,1,12,,B03,120.613502,24.173241,3
2023,2,18,11,22,臺中市,梧棲區,0,0,0,8,,,70,,,,,,,,,,,,,,,25,,,,,B12,,,1,,2,,,25,,1,9,,B12,120.520105,24.244274,3
2023,2,18,11,29,臺中市,清水區,0,3,0,8,1,5,70,14,7,1,5,4,5,7,4,4,1,4,1,1,12,7,3,10,1,1,A31,7,8,1,2,3,5,,7,7,1,21,8,A31,120.563431,24.296865,2
2023,2,18,11,31,臺中市,北區,0,0,0,8,,,50,,,,,,,,,,,,,,,26,,,,,B01,,,1,,1,,,44,26,1,5,,B01,120.68616,24.146227,3
2023,2,18,11,37,臺中市,西屯區,0,0,0,8,1,5,40,4,1,1,5,4,5,7,1,1,10,5,5,2,16,7,3,10,1,1,B01,7,8,1,4,2,8,4,7,7,1,10,4,B01,120.630644,24.162295,3
2023,2,18,11,38,臺中市,新社區,0,1,0,8,1,5,50,5,1,1,5,4,5,7,4,4,10,5,5,2,16,23,3,10,1,1,B12,7,6,1,7,2,5,,23,23,1,22,9,B12,120.825413,24.168282,2
2023,2,18,11,40,臺中市,大雅區,0,1,0,8,1,5,50,4,2,1,5,4,5,7,3,1,5,5,5,1,16,6,3,10,1,1,C03,7,5,1,10,2,12,,6,6,1,22,8,C03,120.64748,24.217459,2
2023,2,18,11,41,臺中市,南屯區,0,1,0,8,1,5,50,4,1,1,5,4,5,7,1,1,5,4,4,2,18,42,2,9,3,4,C03,7,9,1,10,2,12,,42,42,1,22,9,C03,120.651286,24.14493,2
2023,2,18,11,45,臺中市,南屯區,0,0,0,8,1,5,50,14,9,1,5,4,5,7,4,4,1,4,5,2,13,16,3,10,1,1,B03,7,9,1,8,2,1,,16,16,1,22,8,B03,120.646541,24.133451,3
2023,2,18,11,53,臺中市,東區,0,3,0,8,1,5,30,4,1,1,5,4,5,7,4,4,10,5,5,2,15,6,2,9,1,1,C03,7,9,1,10,2,11,,6,6,1,22,9,C03,120.689036,24.136083,2
2023,2,18,11,56,臺中市,后里區,0,1,0,8,1,5,50,14,9,1,5,4,5,7,4,4,4,3,5,1,13,44,3,10,1,1,B03,7,5,1,8,2,6,,44,44,1,4,8,B03,120.731715,24.339495,2
2023,2,18,12,6,臺中市,豐原區,0,0,0,8,1,5,50,3,1,1,5,4,5,7,1,1,10,5,5,2,16,6,3,10,1,1,B03,7,6,1,8,2,5,,6,6,1,22,8,B03,120.727957,24.244792,3
2023,2,18,12,15,臺中市,北屯區,0,0,0,8,,,50,,,,,,,,,,,,,,,23,,,,,B03,,,1,,2,,,23,,1,22,,B03,120.743486,24.177001,3
2023,2,18,12,24,臺中市,沙鹿區,0,2,0,8,1,5,50,14,9,1,5,4,5,7,4,4,2,4,5,1,12,42,2,9,1,1,C03,7,9,1,10,2,12,,42,42,1,4,8,C03,120.565179,24.242605,2
2023,2,18,12,28,臺中市,北屯區,0,0,0,,,,50,,,,,,,,,,,,,,,19,,,,,B03,,1,1,8,1,6,,19,19,1,21,8,B03,120.666483,24.181423,3
2023,2,18,12,28,臺中市,西屯區,0,0,0,8,,,50,,,,,,,,,,,,,,,7,,,,,A31,,,1,,11,,,7,,1,22,,A31,120.63834,24.203176,3
2023,2,18,12,33,臺中市,梧棲區,0,0,0,8,,,50,,,,,,,,,,,,,,,23,,,,,B03,,,1,,2,,,23,,1,3,,B03,120.537796,24.2425,3
2023,2,18,12,35,臺中市,西區,0,0,0,8,,,50,,,,,,,,,,,,,,,23,,,,,C03,,,1,,1,,,23,,1,21,,C03,120.672093,24.141924,3
2023,2,18,12,37,臺中市,太平區,0,1,0,8,1,5,30,4,1,1,5,4,5,7,4,4,10,5,5,2,16,6,3,10,1,1,B03,7,9,1,8,2,1,,6,6,1,22,8,B03,120.723655,24.140591,2
2023,2,18,12,49,臺中市,北區,0,0,0,8,,,50,,,,,,,,,,,,,,,23,,,,,C03,,,1,,11,,,23,,1,22,,C03,120.676764,24.163126,3
2023,2,18,12,50,臺中市,東區,0,0,0,8,,,50,,,,,,,,,,,,,,,18,,,,,B03,,,1,,9,,,18,,1,22,,B03,120.689328,24.142513,3
2023,2,18,12,50,臺中市,和平區,0,0,0,8,1,5,30,14,9,1,5,4,5,7,4,4,5,4,5,1,12,26,3,10,1,1,C01,7,4,1,9,2,1,13,26,26,1,22,6,C01,121.287386,24.308517,3
2023,2,18,12,50,臺中市,豐原區,0,1,0,8,1,5,50,4,1,1,5,4,5,7,1,1,4,3,4,2,15,25,3,10,1,1,C03,7,9,1,10,2,11,,25,25,1,22,8,C03,120.722571,24.255914,2
2023,2,18,12,52,臺中市,北屯區,0,0,0,8,,,50,,,,,,,,,,,,,,,12,,,,,B03,,,1,,2,,,12,,1,4,,B03,120.7349,24.1773,3
2023,2,18,12,53,臺中市,南屯區,0,1,0,8,1,5,1,14,9,1,5,4,5,7,4,4,1,4,5,2,17,19,3,10,1,1,B03,7,1,1,8,2,5,,19,19,1,5,8,B03,120.639483,24.14211,2
2023,2,18,12,56,臺中市,北屯區,0,1,0,8,1,5,50,14,7,1,5,4,5,7,4,4,1,4,4,2,18,23,2,9,1,1,C03,7,9,1,10,2,14,,23,23,1,21,8,C03,120.714803,24.164353,2
2023,2,18,12,59,臺中市,西區,0,0,0,8,,,50,,,,,,,,,,,,,,,23,,,,,B03,,,1,,2,,,23,,1,22,,B03,120.660062,24.146697,3
2023,2,18,13,0,臺中市,大甲區,0,0,0,8,,,30,,,,,,,,,,,,,,,67,,,,,,,,,,,,,67,,1,,,,120.621368,24.355048,3
2023,2,18,13,5,臺中市,龍井區,0,0,0,8,,,30,,,,,,,,,,,,,,,23,,,,,B03,,,1,,2,,,23,,1,22,,B03,120.589331,24.180093,3
2023,2,18,13,5,臺中市,烏日區,0,0,0,8,,,50,,,,,,,,,,,,,,,12,,,,,B03,,,1,,2,,,12,,1,22,,B03,120.597023,24.107426,3
2023,2,18,13,6,臺中市,東區,0,0,0,,,,50,,,,,,,,,,,,,,,23,,,,,C03,,,1,,2,,,23,,1,22,,C03,120.688002,24.133872,3
2023,2,18,13,10,臺中市,大雅區,0,0,0,8,,,50,,,,,,,,,,,,,,,23,,,,,B03,,,3,,2,,,23,,1,22,,B03,120.648008,24.225225,3
2023,2,18,13,10,臺中市,梧棲區,0,1,0,8,1,5,50,4,1,1,5,4,5,7,1,1,10,5,5,2,15,25,3,10,1,1,B03,7,9,1,8,2,1,,25,25,1,9,8,B03,120.52504,24.244855,2
2023,2,18,13,19,臺中市,太平區,0,0,0,8,,,40,,,,,,,,,,,,,,,23,,,,,B03,,,1,,1,,,23,,1,21,,B03,120.719375,24.117732,3
2023,2,18,13,21,臺中市,西區,0,0,0,8,,,50,,,,,,,,,,,,,,,23,,,,,B03,,,1,,1,,,23,,1,4,,B03,120.657475,24.151938,3
2023,2,18,13,24,臺中市,霧峰區,0,2,0,8,1,5,30,4,1,1,5,4,5,7,4,4,10,5,5,2,15,6,2,9,3,4,C03,7,9,1,10,2,11,,6,6,1,21,5,C03,120.687013,24.05105,2
2023,2,18,13,25,臺中市,西屯區,0,1,0,8,1,5,50,14,9,1,5,4,5,7,4,4,1,4,5,2,20,42,3,10,1,1,B03,7,9,1,8,2,8,,42,42,1,22,8,B03,120.647847,24.196114,2
2023,2,18,13,26,臺中市,西屯區,0,1,0,8,1,5,40,4,1,1,5,4,5,7,1,1,10,5,5,2,15,25,3,10,1,1,C03,7,9,1,10,2,15,,25,25,1,22,8,C03,120.651768,24.170331,2
2023,2,18,13,27,臺中市,南屯區,0,2,0,8,1,5,50,4,1,1,5,4,5,7,1,1,10,5,5,2,17,6,2,9,1,1,C03,7,5,1,10,2,15,,6,6,1,5,4,C03,120.648571,24.148808,2
2023,2,18,13,33,臺中市,大里區,0,1,0,8,1,5,50,5,1,1,5,4,5,7,1,1,5,2,5,1,16,6,3,10,1,1,B03,7,5,1,8,2,5,,6,6,1,22,9,B03,120.689833,24.113103,2
2023,2,18,13,37,臺中市,西屯區,0,1,0,8,1,5,50,14,9,1,5,4,5,7,4,4,9,4,4,2,13,23,2,9,1,1,C03,7,9,1,10,2,11,,23,23,1,12,8,C03,120.641421,24.17434,2
2023,2,18,13,39,臺中市,清水區,0,1,0,8,1,5,30,4,1,1,5,4,5,7,3,1,10,5,5,2,16,6,2,9,1,1,B03,7,5,1,8,2,7,,6,6,1,19,5,B03,120.536645,24.272396,2
2023,2,18,13,44,臺中市,北區,0,0,0,8,,,50,,,,,,,,,,,,,,,23,,,,,B03,,,1,,1,,,23,,1,5,,B03,120.685997,24.148397,3
2023,2,18,13,56,臺中市,北屯區,0,0,0,8,,,50,,,,,,,,,,,,,,,23,,,,,B03,,,1,,2,,,23,,1,4,,B03,120.7078,24.185,3
2023,2,18,14,0,臺中市,南屯區,0,0,0,,,,50,,,,,,,,,,,,,,,12,,,,,B12,,,1,,9,,,12,,2,22,,B12,120.637186,24.140514,3
2023,2,18,14,4,臺中市,南屯區,0,0,0,,,,50,,,,,,,,,,,,,,,23,,,,,B03,,,1,,1,,,23,,1,4,,B03,120.644389,24.150731,3
2023,2,18,14,14,臺中市,北屯區,0,1,0,8,1,5,50,14,9,1,5,4,5,7,4,4,5,5,5,2,12,1,3,10,1,1,B03,7,4,1,8,2,5,,1,1,1,21,8,B03,120.69936,24.163483,2
2023,2,18,14,16,臺中市,神岡區,0,1,0,8,1,5,50,3,2,1,5,4,5,7,1,1,5,5,5,1,17,6,3,10,1,4,B03,7,6,1,8,2,8,,6,6,1,22,9,B03,120.648429,24.258168,2
2023,2,18,14,19,臺中市,南屯區,0,0,0,8,,,30,,,,,,,,,,,,,,,23,,,,,B12,,,1,,1,,,23,,1,22,,B12,120.63563,24.147514,3
2023,2,18,14,25,臺中市,沙鹿區,0,0,0,8,,,60,,,,,,,,,,,,,,,23,,,,,B03,,,1,,2,,,23,,1,22,,B03,120.598005,24.250156,3
2023,2,18,14,28,臺中市,大里區,0,1,0,8,1,5,50,5,2,1,5,4,5,7,1,1,4,4,5,2,16,43,3,10,1,1,C03,7,6,3,18,2,13,,43,43,1,12,5,C03,120.700984,24.102646,2
2023,2,18,14,29,臺中市,豐原區,0,0,0,8,,,50,,,,,,,,,,,,,,,23,,,,,B03,,,1,,2,,,23,,1,21,,B03,120.724028,24.252938,3
2023,2,18,14,30,臺中市,西屯區,0,1,0,8,1,5,50,3,2,1,5,4,5,7,2,1,1,3,1,1,17,43,2,9,1,1,C03,7,9,1,10,2,12,,43,43,1,22,8,C03,120.651816,24.186501,2
2023,2,18,14,31,臺中市,北屯區,0,0,0,8,,,80,,,,,,,,,,,,,,,23,,,,,B11,,,1,,1,,,23,,1,22,,B11,120.71824,24.1602,3
2023,2,18,14,31,臺中市,烏日區,0,1,0,8,1,5,50,14,7,1,5,4,5,7,4,4,5,5,4,2,12,23,2,9,1,1,C03,7,12,1,8,2,11,,23,23,1,21,8,C03,120.63737,24.104435,2
2023,2,18,14,35,臺中市,北區,0,1,0,8,1,5,50,4,1,1,5,4,5,7,1,1,10,5,5,2,16,9,3,10,1,1,B12,7,6,1,8,2,2,,9,9,1,22,8,B12,120.685157,24.16274,2
2023,2,18,14,40,臺中市,大雅區,0,0,0,8,,,30,,,,,,,,,,,,,,,23,,,,,B12,,,1,,11,,,23,23,2,21,,B12,120.637152,24.219126,3
2023,2,18,14,40,臺中市,南屯區,0,0,0,8,,,50,,,,,,,,,,,,,,,18,,,,,B12,,,1,,1,,,18,,1,22,,B12,120.610411,24.132441,3
2023,2,18,14,48,臺中市,烏日區,0,0,0,8,,,40,,,,,,,,,,,,,,,8,,,,,C03,,,1,,2,,,8,,1,22,,C03,120.587333,24.113187,4
2023,2,18,14,51,臺中市,潭子區,0,0,0,8,,,50,,,,,,,,,,,,,,,23,,,,,C03,,,1,,2,,,23,,1,22,,C03,120.690503,24.216791,3
2023,2,18,14,58,臺中市,北區,0,0,0,8,,,40,,,,,,,,,,,,,,,19,,,,,B12,,,1,,11,,,19,,1,21,,B12,120.679411,24.158863,3
2023,2,18,15,0,臺中市,南區,0,1,0,8,1,5,50,4,1,1,5,4,5,7,3,1,10,5,5,2,16,6,3,10,3,4,B03,7,5,1,8,2,1,,6,6,1,5,8,B03,120.679015,24.129526,2
2023,2,18,15,0,臺中市,太平區,0,1,0,8,1,5,50,15,9,1,5,4,5,7,4,4,5,5,5,2,17,42,2,7,1,1,C03,7,5,1,10,2,14,,42,42,1,21,8,C03,120.72741,24.145575,2
2023,2,18,15,4,臺中市,西屯區,0,0,0,8,,,50,,,,,,,,,,,,,,,16,,,,,B12,,,1,,1,,,16,,1,22,,B12,120.662314,24.200772,3
2023,2,18,15,7,臺中市,西區,0,2,0,8,1,5,50,4,1,1,5,4,5,7,2,1,10,5,5,2,13,23,2,8,1,1,C03,7,9,1,10,2,11,,23,23,1,5,7,C03,120.665279,24.144329,2
2023,2,18,15,8,臺中市,龍井區,0,0,0,8,,,30,,,,,,,,,,,,,,,23,,,,,B03,,,1,,2,,,23,,1,4,,B03,120.548202,24.197897,3
2023,2,18,15,10,臺中市,西屯區,0,1,0,8,1,5,30,14,9,1,5,4,5,7,4,4,10,5,5,2,17,17,3,10,1,1,B03,7,9,1,8,2,4,,17,17,1,21,8,B03,120.626808,24.186786,2
2023,2,18,15,12,臺中市,神岡區,0,4,0,8,1,5,50,4,1,1,5,4,5,7,1,1,10,5,5,2,16,9,3,10,1,1,B03,7,6,1,8,2,5,,9,9,1,22,9,B03,120.6586,24.258925,2
2023,2,18,15,15,臺中市,北屯區,0,2,0,8,1,5,30,3,1,1,5,4,5,7,4,4,10,5,5,2,16,19,2,9,1,1,C03,7,1,1,10,2,14,,19,19,1,21,8,C03,120.702295,24.170852,2