年,月,日,時,分,縣市,區,死,受傷,2-30,天候,光線,道路類別,速限,道路型態,事故位置,路面鋪裝,路面狀態,路面缺陷,障礙物,視距,號誌種類,號誌動作,分向設施,快車道或一般車道間,快慢車道間,路面邊線,事故類型及型態,主要肇因,受傷程度,主要傷處,保護裝備,行動電話,當事者區分,車輛用途,當事者行動狀態,駕駛資格情形,駕駛執照種類,飲酒情形,車輛撞擊部位最初,車輛撞擊部位其他,肇事因素個別,肇事因素主要,肇事逃逸,職業,旅次目的,車種,GPS緯度,GPS經度,事故類別
2023,2,20,11,36,臺中市,烏日區,0,1,0,8,1,5,50,4,18,1,5,4,5,7,1,1,1,4,4,1,3,23,3,10,1,1,A11,7,9,1,1,2,1,,23,23,1,4,8,A11,120.638228,24.107728,2
2023,2,20,11,37,臺中市,太平區,0,1,0,8,1,5,50,3,1,1,5,4,5,7,4,4,5,5,5,2,17,23,2,9,1,1,C03,7,9,1,10,2,12,,23,23,1,21,8,C03,120.706666,24.121641,2
2023,2,20,11,40,臺中市,大雅區,0,0,0,8,,,50,,,,,,,,,,,,,,,23,,,,,B03,,,1,,2,,,23,,1,22,,B03,120.644449,24.204728,3
2023,2,20,11,40,臺中市,神岡區,0,0,0,8,,,30,,,,,,,,,,,,,,,6,,,,,B03,,,1,,2,,,6,,1,12,,B03,120.682552,24.243568,3
2023,2,20,11,45,臺中市,烏日區,0,0,0,8,1,5,30,14,9,1,5,4,5,7,2,1,10,5,5,2,13,42,3,10,3,4,B12,7,9,1,8,2,1,,42,42,1,21,4,B12,120.650992,24.055644,3
2023,2,20,11,47,臺中市,南區,0,0,0,8,,,50,,,,,,,,,,,,,,,23,,,,,B03,,,1,,2,,,23,,1,22,,B03,120.64856,24.119733,3
2023,2,20,11,47,臺中市,北屯區,0,0,0,8,,,50,,,,,,,,,,,,,,,2,,,,,B12,,,1,,11,,,2,,1,23,,B12,120.702901,24.169706,3
2023,2,20,11,47,臺中市,太平區,0,0,0,8,,,40,,,,,,,,,,,,,,,23,,,,,B12,,,1,,2,,,23,,1,21,,B12,120.749172,24.1242,3
2023,2,20,11,48,臺中市,烏日區,0,1,0,8,1,5,50,4,1,1,5,4,5,7,2,1,10,5,5,2,11,8,3,10,1,1,B03,7,5,1,8,2,1,,8,8,1,21,8,B03,120.623381,24.104594,2
2023,2,20,11,49,臺中市,龍井區,0,0,0,8,,,30,,,,,,,,,,,,,,,6,,,,,B12,,,1,,2,,,6,6,1,10,,B12,120.513355,24.219313,3
2023,2,20,11,51,臺中市,豐原區,0,2,0,8,1,5,50,3,1,1,5,4,5,7,4,4,10,5,5,2,16,6,2,9,1,1,C03,7,5,1,10,2,14,,6,6,1,22,8,C03,120.713852,24.249424,2
2023,2,20,11,53,臺中市,太平區,0,1,0,8,1,5,50,4,1,1,5,4,5,7,4,4,10,5,5,2,16,9,3,10,1,1,C03,7,6,1,10,2,13,,9,9,1,22,8,C03,120.7212,24.157738,2
2023,2,20,11,57,臺中市,西屯區,0,0,0,8,,,50,,,,,,,,,,,,,,,26,,,,,C03,,,1,,1,,,26,,1,11,,C03,120.619256,24.180131,3
2023,2,20,11,57,臺中市,大安區,0,1,0,8,1,5,30,14,9,1,5,4,5,7,4,4,5,5,5,1,19,43,2,8,1,1,C03,7,9,1,10,2,14,,43,43,1,7,8,C03,120.614605,24.382133,2
2023,2,20,11,58,臺中市,北區,0,0,0,8,,,50,,,,,,,,,,,,,,,23,,,,,A02,,,1,,2,,,23,,1,5,,A02,120.687455,24.152481,3
2023,2,20,11,59,臺中市,豐原區,0,0,0,8,,,50,,,,,,,,,,,,,,,17,,,,,B03,,,1,,2,,,17,,1,21,,B03,120.721339,24.258002,3
2023,2,20,12,0,臺中市,大里區,0,0,0,8,,,30,,,,,,,,,,,,,,,19,,,,,B11,,,1,,2,,,19,19,1,9,,B11,120.663419,24.09581,3
2023,2,20,12,4,臺中市,北屯區,0,1,0,8,1,5,50,14,9,1,5,4,5,7,4,4,5,2,5,2,12,43,3,10,1,1,B03,7,8,1,8,2,2,,43,43,1,5,8,B03,120.667541,24.187518,2
2023,2,20,12,5,臺中市,大雅區,0,1,0,8,1,5,50,14,8,1,5,4,5,7,4,4,5,4,4,1,12,23,2,9,1,1,C03,7,9,1,10,2,14,,23,23,1,21,8,C03,120.644062,24.206883,2
2023,2,20,12,5,臺中市,太平區,0,1,0,8,1,5,50,14,9,1,5,4,5,7,4,4,5,5,4,1,16,26,3,10,1,1,B12,7,11,1,8,2,5,,26,26,1,21,8,B12,120.730604,24.111782,2
2023,2,20,12,11,臺中市,龍井區,0,0,0,8,,,70,,,,,,,,,,,,,,,4,,,,,B12,,,1,,2,,,4,,1,21,,B12,120.54,24.21,3
2023,2,20,12,12,臺中市,北屯區,0,1,0,8,1,5,50,3,1,1,5,4,5,7,4,4,10,5,5,2,16,6,3,10,1,1,B12,7,5,1,8,2,5,,6,6,1,21,8,B12,120.685958,24.18581,2
2023,2,20,12,12,臺中市,西屯區,0,0,0,8,,,40,,,,,,,,,,,,,,,23,,,,,C03,,,1,,1,,,23,,1,22,,C03,120.661057,24.164768,3
2023,2,20,12,12,臺中市,沙鹿區,0,0,0,8,,,50,,,,,,,,,,,,,,,12,,,,,B03,,,1,,2,,,12,,1,19,,B03,120.559447,24.236347,3
2023,2,20,12,14,臺中市,西屯區,0,0,0,8,1,5,50,14,8,1,5,4,5,7,4,4,5,4,4,2,13,23,3,10,1,1,C03,7,9,1,10,2,11,,23,23,1,12,1,C03,120.63578,24.169464,3
2023,2,20,12,15,臺中市,北屯區,0,0,0,8,,,40,,,,,,,,,,,,,,,25,,,,,C03,,,1,,1,,,25,,1,21,,C03,120.665796,24.182748,3
2023,2,20,12,15,臺中市,西屯區,0,0,0,,,,30,,,,,,,,,,,,,,,42,,,,,B03,,,1,,1,,,42,,1,22,,B03,120.627524,24.201565,3
2023,2,20,12,16,臺中市,西屯區,0,0,0,8,,,40,,,,,,,,,,,,,,,16,,,,,C03,,,1,,1,,,16,,1,22,,C03,120.619111,24.181355,3
2023,2,20,12,17,臺中市,大里區,0,2,0,8,1,5,30,3,1,1,5,4,5,7,4,4,10,5,5,2,16,6,2,7,1,1,F03,7,5,8,20,2,16,,6,6,1,21,7,F03,120.690751,24.1127,2
2023,2,20,12,24,臺中市,豐原區,0,2,0,8,1,5,30,4,1,1,5,4,5,7,1,1,10,5,5,2,15,25,2,8,1,1,C03,7,9,1,10,2,11,,25,25,1,22,8,C03,120.712144,24.245557,2
2023,2,20,12,25,臺中市,大里區,0,1,0,8,1,5,50,4,1,1,5,4,5,7,4,4,10,5,5,2,17,6,3,10,1,1,C03,7,9,1,10,2,15,,6,6,1,19,8,C03,120.677923,24.115786,2
2023,2,20,12,30,臺中市,北區,0,0,0,8,,,50,,,,,,,,,,,,,,,16,,,,,B12,,,1,,1,,,16,,1,22,,B12,120.680165,24.157329,3
2023,2,20,12,34,臺中市,后里區,0,1,0,8,1,5,50,14,9,1,5,4,5,7,4,4,5,5,5,1,3,23,3,10,1,1,B03,7,9,1,8,2,8,,23,23,1,21,8,B03,120.710127,24.307753,2
2023,2,20,12,36,臺中市,大甲區,0,3,0,8,1,5,50,4,2,1,5,4,5,7,4,4,5,5,5,1,15,23,2,8,1,1,C03,7,9,3,18,2,11,,23,23,1,4,8,C03,120.619689,24.347766,2
2023,2,20,12,40,臺中市,西區,0,1,0,8,1,5,50,14,8,1,5,4,5,7,4,4,5,5,4,2,16,9,3,10,1,1,B03,7,6,1,8,1,2,,9,9,1,21,8,B03,120.664424,24.156887,2
2023,2,20,12,50,臺中市,北屯區,0,0,0,8,,,50,,,,,,,,,,,,,,,23,,,,,B03,,,1,,1,,,23,,1,22,,B03,120.693403,24.164814,3
2023,2,20,12,56,臺中市,北區,0,2,0,8,1,5,40,4,2,1,5,4,5,7,1,1,1,4,4,2,18,42,2,9,1,1,C03,7,12,1,10,2,15,,42,42,1,5,8,C03,120.675469,24.160437,2
2023,2,20,12,58,臺中市,霧峰區,0,0,0,8,,,50,,,,,,,,,,,,,,,6,,,,,B03,,,1,,2,,,6,,1,18,,B03,120.740348,24.064059,3
2023,2,20,12,59,臺中市,北區,0,1,0,8,1,5,50,3,1,1,5,4,5,7,4,4,1,4,5,2,16,23,3,10,1,1,C03,7,6,1,10,2,12,,23,23,1,5,8,C03,120.691803,24.158972,2
2023,2,20,13,1,臺中市,東區,0,1,0,8,1,5,50,14,9,1,5,4,5,7,4,4,9,4,5,2,18,43,2,9,1,1,C03,7,9,1,10,2,12,,43,43,1,5,1,C03,120.692433,24.140548,2
2023,2,20,13,5,臺中市,南屯區,0,1,0,8,1,5,50,3,1,1,5,4,5,7,4,4,5,2,5,2,16,42,2,9,1,1,C03,7,9,1,10,2,11,,42,42,1,22,8,C03,120.610508,24.138477,2
2023,2,20,13,7,臺中市,豐原區,0,0,0,8,,,60,,,,,,,,,,,,,,,23,,,,,B03,,,1,,2,,,23,,1,22,,B03,120.720482,24.236685,3
2023,2,20,13,9,臺中市,南屯區,0,0,0,8,,,50,,,,,,,,,,,,,,,23,,,,,B12,,,1,,2,,,23,23,1,4,,B12,120.637724,24.142453,3
2023,2,20,13,10,臺中市,西屯區,0,1,0,8,1,5,50,3,1,1,5,4,5,7,4,4,9,4,5,2,12,6,3,10,1,1,B03,7,6,1,8,2,2,,6,6,1,12,8,B03,120.637311,24.18435,2
2023,2,20,13,12,臺中市,西屯區,0,0,0,8,1,5,50,14,13,1,5,4,5,7,4,4,9,5,5,2,17,23,3,10,1,1,B02,7,1,1,8,1,8,,23,23,1,1,7,B02,120.656935,24.193506,3
2023,2,20,13,17,臺中市,南屯區,0,2,0,8,1,5,50,14,7,1,5,4,5,7,4,4,9,5,4,2,16,19,2,9,3,4,C03,7,1,1,10,2,11,,19,19,1,22,8,C03,120.632508,24.118466,2
2023,2,20,13,17,臺中市,北屯區,0,2,0,8,1,5,50,4,1,1,5,4,5,7,1,1,10,5,5,2,16,6,2,9,1,1,C03,7,5,1,10,2,12,,6,6,1,21,8,C03,120.6999,24.167425,2
2023,2,20,13,20,臺中市,大甲區,0,1,0,8,1,5,50,14,7,1,5,4,5,7,4,4,5,5,4,2,13,23,3,10,1,1,B03,7,9,1,8,2,1,,23,23,1,4,8,B03,120.627418,24.350728,2
2023,2,20,13,28,臺中市,大甲區,0,0,0,8,1,5,40,4,2,1,5,4,5,7,4,4,5,5,5,1,12,23,3,10,1,1,B12,7,6,1,7,2,6,,23,23,1,22,8,B12,120.622112,24.344761,3
2023,2,20,13,29,臺中市,大甲區,0,0,0,8,,,30,,,,,,,,,,,,,,,6,,,,,B03,,,1,,2,,,6,,1,4,,B03,120.630558,24.347133,3
2023,2,20,13,30,臺中市,南屯區,0,0,0,,,,50,,,,,,,,,,,,,,,23,,,,,B03,,,3,,1,,,23,23,1,4,,B03,120.647242,24.147011,3
2023,2,20,13,30,臺中市,烏日區,0,1,0,8,1,5,50,4,19,1,5,4,5,7,1,1,1,4,5,1,8,12,3,10,1,1,B12,7,2,6,18,2,3,,12,12,1,22,8,B12,120.624267,24.104112,2
2023,2,20,13,30,臺中市,東勢區,0,0,0,8,,,60,,,,,,,,,,,,,,,25,,,,,B12,,,1,,2,,,25,,1,22,,B12,120.826704,24.252893,3
2023,2,20,13,35,臺中市,西屯區,0,1,0,8,1,5,50,4,1,1,5,4,5,7,1,1,10,5,5,2,16,9,3,10,3,4,B03,7,6,1,8,2,6,,9,9,1,22,8,B03,120.642603,24.159338,2
2023,2,20,13,40,臺中市,大雅區,0,1,0,8,2,5,50,3,1,1,5,4,5,7,1,1,9,4,4,1,17,8,2,8,1,1,C03,7,5,1,10,2,14,,8,8,1,22,9,C03,120.636664,24.234798,2
2023,2,20,13,40,臺中市,太平區,0,1,0,8,1,5,50,3,9,1,5,4,5,7,2,1,5,2,5,1,13,23,3,10,1,1,B12,7,9,1,4,2,5,,23,23,1,22,8,B12,120.703683,24.111405,2
2023,2,20,13,41,臺中市,南屯區,0,2,0,8,1,5,50,14,7,1,5,4,5,7,4,4,7,4,4,2,12,23,2,9,1,1,C03,7,4,1,10,2,11,,23,23,1,22,8,C03,120.651416,24.131922,2
2023,2,20,13,42,臺中市,梧棲區,0,1,0,8,1,5,40,4,1,1,5,4,5,7,4,4,5,5,5,1,15,6,2,9,1,1,C03,7,9,1,10,2,11,,6,6,1,4,8,C03,120.541191,24.226135,2
2023,2,20,13,45,臺中市,潭子區,0,0,0,8,,,50,,,,,,,,,,,,,,,18,,,,,A11,,,1,,2,,,18,,1,22,,A11,120.691329,24.215681,3
2023,2,20,13,51,臺中市,南屯區,0,1,0,8,1,5,50,4,1,1,5,4,5,7,2,1,1,5,5,2,17,42,2,9,1,1,C03,7,9,1,8,2,15,,42,42,1,22,8,C03,120.652971,24.140127,2
2023,2,20,13,52,臺中市,霧峰區,0,0,0,8,,,30,,,,,,,,,,,,,,,23,,,,,B02,,,1,,2,,,23,,1,22,,B02,120.700458,24.053598,3
2023,2,20,13,54,臺中市,西屯區,0,1,0,8,1,5,50,3,1,1,5,4,5,7,4,4,10,5,5,2,16,6,2,9,1,1,C03,7,5,4,11,2,12,,6,6,1,22,8,C03,120.664694,24.175991,2
2023,2,20,13,57,臺中市,北屯區,0,1,0,8,1,5,50,4,1,1,5,4,5,7,1,1,10,5,5,2,15,43,2,9,1,1,C03,7,9,1,10,2,14,12,43,43,1,5,8,C03,120.677605,24.199271,2
2023,2,20,14,0,臺中市,大雅區,0,1,0,8,1,5,50,4,1,1,5,4,5,7,1,1,10,5,5,2,13,16,2,8,1,1,C03,7,9,1,10,2,11,,16,16,1,22,8,C03,120.644324,24.234847,2
2023,2,20,14,3,臺中市,大里區,0,1,0,8,1,5,50,4,2,1,5,4,5,7,1,1,5,2,5,1,13,23,2,9,1,1,C03,7,9,1,10,2,11,,23,23,1,20,8,C03,120.690038,24.110175,2
2023,2,20,14,5,臺中市,大雅區,0,0,0,8,,,30,,,,,,,,,,,,,,,6,,,,,B12,,,1,,2,,,6,,1,22,,B12,120.67561,24.229677,4
2023,2,20,14,5,臺中市,豐原區,0,2,0,8,1,5,30,14,9,1,5,4,5,7,4,4,10,5,5,2,16,23,2,6,1,1,C03,7,9,1,10,2,11,,23,23,1,21,8,C03,120.71643,24.250398,2
2023,2,20,14,8,臺中市,大里區,0,0,0,8,,,30,,,,,,,,,,,,,,,5,,,,,C03,,,1,,2,,,5,5,1,22,,C03,120.701772,24.088388,3
2023,2,20,14,9,臺中市,潭子區,0,0,0,8,,,30,,,,,,,,,,,,,,,12,,,,,B12,,,1,,2,,,12,12,1,22,,B12,120.723822,24.193794,3
2023,2,20,14,9,臺中市,東區,0,0,0,,,,50,,,,,,,,,,,,,,,23,,,,,B03,,,1,,2,,,23,,1,22,,B03,120.692718,24.132616,3
2023,2,20,14,13,臺中市,西屯區,0,0,0,8,,,30,,,,,,,,,,,,,,,12,,,,,B12,,,1,,1,,,12,,1,22,,B12,120.643969,24.181177,3
2023,2,20,14,14,臺中市,西區,0,0,0,8,,,50,,,,,,,,,,,,,,,23,,,,,B03,,,1,,1,,,23,,1,22,,B03,120.657395,24.142945,3
2023,2,20,14,15,臺中市,大雅區,0,1,0,8,1,5,50,14,9,1,5,4,5,7,4,4,5,4,5,1,12,11,2,9,1,1,C03,7,11,1,10,2,12,,11,11,1,21,8,C03,120.668069,24.217085,2
2023,2,20,14,15,臺中市,龍井區,0,0,0,,,,50,,,,,,,,,,,,,,,42,,,,,B03,,,1,,1,,,42,,1,22,,B03,120.584929,24.184186,3
2023,2,20,14,16,臺中市,北屯區,0,0,0,8,,,50,,,,,,,,,,,,,,,17,,,,,B03,,,1,,2,,,17,,1,21,,B03,120.725193,24.173231,3
2023,2,20,14,18,臺中市,西屯區,0,2,0,8,1,5,50,4,1,1,5,4,5,7,1,1,9,4,1,2,12,44,3,10,1,1,B02,7,6,1,8,2,2,,44,44,1,12,8,B02,120.632259,24.170781,2
2023,2,20,14,18,臺中市,霧峰區,0,1,0,8,1,5,50,14,12,1,5,4,5,7,4,4,10,5,4,1,16,10,3,10,1,1,B03,7,11,1,8,2,6,,10,10,1,22,8,B03,120.699103,24.069552,2
2023,2,20,14,21,臺中市,北屯區,0,0,0,8,1,5,50,14,9,1,5,4,5,7,4,4,1,4,5,2,13,23,3,10,1,1,B03,7,9,1,8,8,1,,23,23,1,22,8,B03,120.69707,24.17042,3
2023,2,20,14,31,臺中市,西區,0,1,0,8,1,5,30,14,9,1,5,4,5,7,4,4,10,5,5,2,17,42,2,9,1,1,C03,7,9,1,10,2,12,,42,42,1,20,9,C03,120.664282,24.151917,2
2023,2,20,14,34,臺中市,大里區,0,0,0,8,,,,,,,,,,,,,,,,,,6,,,,,B03,,,1,,2,,,23,67,1,22,,B03,120.730689,24.088879,3
2023,2,20,14,35,臺中市,沙鹿區,0,1,0,8,1,5,50,4,9,1,5,4,5,7,1,1,1,3,4,1,16,10,3,10,1,1,B03,7,11,1,8,2,5,,10,10,1,20,8,B03,120.560302,24.240151,2
2023,2,20,14,36,臺中市,西區,0,1,0,8,1,5,50,4,2,1,5,4,5,7,1,1,10,5,5,2,3,15,3,10,1,1,B03,7,9,1,8,2,8,,15,15,1,21,8,B03,120.675763,24.138754,2
2023,2,20,14,36,臺中市,豐原區,0,0,0,8,,,50,,,,,,,,,,,,,,,17,,,,,B12,,,1,,1,,,17,,1,19,,B12,120.70851,24.245269,3
2023,2,20,14,40,臺中市,神岡區,0,0,0,8,,,50,,,,,,,,,,,,,,,26,,,,,B03,,,1,,1,,,26,,1,22,,B03,120.695858,24.248386,3
2023,2,20,14,50,臺中市,北屯區,0,0,0,8,,,80,,,,,,,,,,,,,,,23,,,,,B03,,,1,,1,,,23,,1,21,,B03,120.699871,24.16753,3
2023,2,20,14,51,臺中市,西屯區,0,3,0,8,1,5,50,4,1,1,5,4,5,7,2,1,10,5,5,2,16,8,2,9,1,1,C03,7,5,3,18,2,14,11,8,8,1,12,1,C03,120.643913,24.156379,2
2023,2,20,14,51,臺中市,西屯區,0,0,0,8,,,40,,,,,,,,,,,,,,,23,,,,,B03,,,1,,1,,,23,,1,22,,B03,120.640748,24.168216,3
2023,2,20,15,3,臺中市,東區,0,1,0,8,1,5,50,4,1,1,5,4,5,7,4,4,10,5,5,2,16,6,2,9,1,1,C03,7,9,1,10,2,12,,6,6,1,22,8,C03,120.706741,24.141083,2
2023,2,20,15,3,臺中市,南屯區,0,0,0,8,,,50,,,,,,,,,,,,,,,8,,,,,B03,,,1,,1,,,8,,1,22,,B03,120.635063,24.151213,3
2023,2,20,15,3,臺中市,北屯區,0,0,0,8,,,50,,,,,,,,,,,,,,,12,,,,,B12,,,1,,2,,,12,,1,22,,B12,120.685676,24.171428,3
2023,2,20,15,3,臺中市,太平區,0,0,0,8,,,30,,,,,,,,,,,,,,,12,,,,,B12,,,1,,2,7,,12,12,2,22,,B12,120.719859,24.151193,3
2023,2,20,15,12,臺中市,沙鹿區,0,1,0,8,1,5,50,4,1,1,5,4,5,7,1,1,10,5,5,2,16,26,2,9,1,1,C03,7,5,1,10,2,13,,44,26,1,2,9,C03,120.562146,24.238685,2
2023,2,20,15,13,臺中市,沙鹿區,0,1,0,8,1,5,50,4,2,1,5,4,5,7,1,1,3,3,3,1,17,6,3,10,3,4,B03,7,6,1,8,2,2,,6,6,1,22,8,B03,120.565863,24.231538,2
2023,2,20,15,19,臺中市,中區,0,1,0,8,1,5,50,4,1,1,5,4,5,7,2,1,10,5,5,2,16,25,2,9,1,1,C03,7,5,1,10,1,12,,25,25,1,22,9,C03,120.685744,24.141555,2
2023,2,20,15,20,臺中市,大里區,0,0,0,8,,,50,,,,,,,,,,,,,,,19,,,,,B03,,,1,,2,,,19,,1,22,,B03,120.672827,24.104709,3
2023,2,20,15,20,臺中市,沙鹿區,0,0,0,8,,,30,,,,,,,,,,,,,,,17,,,,,B03,,,1,,2,,,17,,1,21,,B03,120.564926,24.250596,3
2023,2,20,15,20,臺中市,沙鹿區,0,2,0,8,1,5,50,14,9,1,5,4,5,7,4,4,4,3,4,1,9,23,2,9,1,1,C03,7,9,1,10,2,11,,23,23,1,22,8,C03,120.568586,24.236756,2
2023,2,20,15,23,臺中市,北屯區,0,1,0,8,1,5,40,3,8,1,5,4,5,7,4,4,1,4,1,2,13,16,2,9,1,1,C03,7,9,1,10,2,11,,16,16,1,22,8,C03,120.722457,24.186667,2
2023,2,20,15,24,臺中市,大雅區,0,0,0,8,,,50,,,,,,,,,,,,,,,44,,,,,B03,,,1,,2,,,44,,1,22,,B03,120.654354,24.229388,3
2023,2,20,15,24,臺中市,北區,0,1,0,8,1,5,50,5,1,1,5,4,5,7,1,1,1,2,5,2,13,23,3,10,1,1,C03,7,9,1,10,2,11,,23,23,1,21,8,C03,120.686252,24.15482,2
2023,2,20,15,24,臺中市,北屯區,0,2,0,8,1,5,50,4,1,1,5,4,5,7,2,1,10,5,5,2,16,26,2,7,1,1,C03,7,9,1,10,2,14,,26,26,1,22,8,C03,120.685498,24.172177,2
2023,2,20,15,24,臺中市,大里區,0,1,0,8,1,5,50,5,1,1,5,4,5,7,3,1,10,5,5,2,18,67,,,,,,,,,,,,,67,67,1,,,,120.68048,24.115046,2
2023,2,20,15,28,臺中市,潭子區,0,0,0,8,,,60,,,,,,,,,,,,,,,12,,,,,B03,,,1,,2,,,12,,1,22,,B03,120.689656,24.221554,3
2023,2,20,15,28,臺中市,中區,0,2,0,8,1,5,50,5,1,1,5,4,5,7,1,1,1,4,5,2,16,8,2,8,1,1,C03,7,5,1,10,2,11,,8,8,1,22,8,C03,120.682416,24.145861,2
2023,2,20,15,28,臺中市,南屯區,0,0,0,,,,40,,,,,,,,,,,,,,,12,,,,,B03,,,1,,1,,,12,,1,4,,B03,120.632443,24.143713,3
2023,2,20,15,28,臺中市,烏日區,0,2,0,8,1,5,40,4,1,1,5,4,5,7,1,1,10,5,5,2,12,7,2,9,1,1,C03,7,7,1,10,2,14,,7,7,1,5,8,C03,120.607093,24.12279,2
2023,2,20,15,28,臺中市,梧棲區,0,1,0,8,1,5,50,3,1,1,5,4,5,7,4,4,10,5,5,2,16,23,3,10,1,1,B03,7,4,1,8,2,2,,23,23,1,2,1,B03,120.539446,24.246075,2
2023,2,20,15,29,臺中市,西屯區,0,0,0,8,,,30,,,,,,,,,,,,,,,12,,,,,B02,,,1,,1,,,12,,1,1,,B02,120.632881,24.200319,3
2023,2,20,15,30,臺中市,大甲區,0,1,0,8,1,5,50,4,2,1,5,4,5,7,4,4,5,5,5,1,12,23,2,9,1,1,C03,7,5,1,10,2,12,,23,23,1,22,8,C03,120.624877,24.3476,2
2023,2,20,15,34,臺中市,南屯區,0,1,0,8,1,5,50,14,9,1,5,4,5,7,4,4,7,4,5,2,14,12,3,10,1,1,B03,7,2,1,8,2,4,,12,12,1,22,8,B03,120.650434,24.141029,2
2023,2,20,15,35,臺中市,東區,0,0,0,8,,,50,,,,,,,,,,,,,,,43,,,,,B03,,,1,8,2,,,43,43,1,5,,B03,120.66575,24.123823,3
2023,2,20,15,35,臺中市,西屯區,0,1,0,8,1,5,50,4,1,1,5,4,5,7,1,1,3,4,5,2,16,25,3,10,3,4,B03,7,9,1,8,7,1,,25,25,1,22,8,B03,120.646978,24.169431,2
2023,2,20,15,40,臺中市,潭子區,0,1,0,8,1,5,50,4,2,1,5,4,5,7,4,4,5,4,4,2,15,6,2,9,1,1,C03,7,9,1,10,2,11,,6,6,1,22,8,C03,120.676525,24.205268,2
2023,2,20,15,44,臺中市,北區,0,0,0,8,,,50,,,,,,,,,,,,,,,12,,,,,B03,,,1,,2,,,12,,1,22,,B03,120.700279,24.158513,3
2023,2,20,15,49,臺中市,豐原區,0,0,0,8,,,30,,,,,,,,,,,,,,,12,,,,,B03,,,1,,2,,,12,,1,22,,B03,120.714072,24.249022,3
2023,2,20,15,53,臺中市,東區,0,1,0,8,1,5,50,5,1,1,5,4,5,7,1,1,10,5,5,2,17,23,2,9,1,1,C03,7,9,1,10,2,11,,23,23,1,21,8,C03,120.69263,24.13252,2
2023,2,20,15,55,臺中市,西區,0,1,0,8,1,5,50,4,2,1,5,4,5,7,4,4,1,4,4,2,16,7,2,9,1,1,C03,7,7,1,10,2,14,,7,7,1,21,8,C03,120.6665,24.140959,2
2023,2,20,15,55,臺中市,北屯區,0,0,0,8,,,60,,,,,,,,,,,,,,,43,,,,,B12,,,1,,2,,,43,,1,9,,B12,120.720255,24.162934,3
2023,2,20,15,56,臺中市,豐原區,0,1,0,8,1,5,50,4,4,1,5,4,5,7,1,1,1,4,4,1,13,16,3,10,1,1,A41,1,9,1,1,2,8,,16,16,1,22,8,A41,120.759546,24.276811,2
2023,2,20,15,59,臺中市,西區,0,0,0,8,,,50,,,,,,,,,,,,,,,6,,,,,B03,,,1,8,1,,,6,6,1,22,,B03,120.656596,24.15433,3
2023,2,20,16,0,臺中市,大雅區,0,2,0,8,1,5,30,4,1,1,5,4,5,7,3,1,10,5,5,2,17,6,2,9,1,1,C03,7,9,1,10,2,11,,6,6,1,22,9,C03,120.656448,24.248337,2
2023,2,20,16,0,臺中市,霧峰區,0,0,0,8,,,50,,,,,,,,,,,,,,,43,,,,,B03,,,1,,10,,,43,,1,12,,B03,120.69858,24.062657,3
2023,2,20,16,0,臺中市,龍井區,0,1,0,8,1,5,50,3,2,1,5,4,5,7,4,4,9,5,5,1,13,23,3,10,1,1,B03,7,9,1,8,2,5,,23,23,1,22,1,B03,120.594093,24.190783,2
2023,2,20,16,0,臺中市,豐原區,0,0,0,8,,,30,,,,,,,,,,,,,,,12,,,,,B12,,,1,,2,,,12,,1,22,,B12,120.729636,24.257855,3
2023,2,20,16,1,臺中市,南屯區,0,0,0,,,,50,,,,,,,,,,,,,,,16,,,,,B03,,,1,,1,,,16,,1,22,,B03,120.628099,24.144924,3
2023,2,20,16,3,臺中市,豐原區,0,2,0,8,1,5,50,14,7,1,5,4,5,7,4,4,5,5,5,2,16,19,2,8,2,1,C03,7,1,1,10,2,14,,19,19,1,20,8,C03,120.708231,24.245105,2
2023,2,20,16,4,臺中市,潭子區,0,0,0,8,,,60,,,,,,,,,,,,,,,23,,,,,B03,,,1,,2,,,23,,1,22,,B03,120.709827,24.234901,3
2023,2,20,16,9,臺中市,龍井區,0,1,0,8,1,5,40,3,2,1,5,4,5,7,4,4,9,5,5,1,13,23,2,9,1,1,C03,7,9,1,10,2,12,,23,23,1,5,1,C03,120.588545,24.191845,2
2023,2,20,16,10,臺中市,太平區,0,1,0,8,1,5,30,4,1,1,5,4,5,7,4,4,10,5,5,2,16,6,3,10,1,1,B03,7,5,1,8,2,1,,6,6,1,22,8,B03,120.714911,24.117108,2
2023,2,20,16,16,臺中市,北屯區,0,0,0,8,,,50,,,,,,,,,,,,,,,42,,,,,B03,,,1,,2,,,42,,1,21,,B03,120.715149,24.164191,3
2023,2,20,16,21,臺中市,南區,0,0,0,8,,,50,,,,,,,,,,,,,,,23,,,,,B12,,,1,,2,,,23,,1,22,,B12,120.646663,24.110379,3
2023,2,20,16,23,臺中市,南屯區,0,0,0,8,,,50,,,,,,,,,,,,,,,23,,,,,B12,,,6,,11,,,23,,1,22,,B12,120.643355,24.138272,3
2023,2,20,16,24,臺中市,梧棲區,0,1,0,8,1,5,70,14,7,1,5,4,5,7,4,4,1,4,1,2,12,7,3,10,1,1,A41,7,8,1,5,2,5,,7,7,1,4,8,A41,120.530036,24.266451,2