年,月,日,時,分,縣市,區,死,受傷,2-30,天候,光線,道路類別,速限,道路型態,事故位置,路面鋪裝,路面狀態,路面缺陷,障礙物,視距,號誌種類,號誌動作,分向設施,快車道或一般車道間,快慢車道間,路面邊線,事故類型及型態,主要肇因,受傷程度,主要傷處,保護裝備,行動電話,當事者區分,車輛用途,當事者行動狀態,駕駛資格情形,駕駛執照種類,飲酒情形,車輛撞擊部位最初,車輛撞擊部位其他,肇事因素個別,肇事因素主要,肇事逃逸,職業,旅次目的,車種,GPS緯度,GPS經度,事故類別
2023,2,20,16,26,臺中市,西屯區,0,0,0,8,,,50,,,,,,,,,,,,,,,12,,,,,B03,,,1,,2,,,12,12,1,22,,B03,120.644374,24.178879,3
2023,2,20,16,30,臺中市,烏日區,0,0,0,,,,50,,,,,,,,,,,,,,,19,,,,,B03,,,1,,2,,,19,,1,21,,B03,120.616357,24.112862,3
2023,2,20,16,38,臺中市,太平區,0,0,0,8,,,50,,,,,,,,,,,,,,,7,,,,,B03,,,1,,2,8,,7,7,1,22,,B03,120.71461,24.149708,3
2023,2,20,16,38,臺中市,龍井區,0,0,0,8,,,50,,,,,,,,,,,,,,,44,,,,,C03,,,1,,2,,,44,44,1,16,,C03,120.532534,24.201036,3
2023,2,20,16,39,臺中市,潭子區,0,0,0,8,,,50,,,,,,,,,,,,,,,17,,,,,B03,,,1,,2,,,17,,1,22,,B03,120.706152,24.202327,3
2023,2,20,16,39,臺中市,西屯區,0,2,0,8,1,5,1,14,20,1,5,4,5,7,4,4,10,5,1,2,16,42,2,9,3,4,C03,7,15,1,10,2,11,,42,42,1,22,8,C03,120.64055,24.168635,2
2023,2,20,16,40,臺中市,北屯區,0,1,0,8,3,5,50,4,1,1,5,4,5,7,3,1,10,5,5,2,16,6,2,9,1,1,C03,7,9,1,10,2,11,,6,6,1,22,8,C03,120.702967,24.178229,2
2023,2,20,16,40,臺中市,霧峰區,0,0,0,8,,,50,,,,,,,,,,,,,,,67,,,,,,,,,,,,,67,,1,,,,120.698716,24.06297,3
2023,2,20,16,45,臺中市,北區,0,2,0,8,1,5,50,14,8,1,5,4,5,7,4,4,5,4,1,2,17,4,2,9,1,1,C03,7,9,1,10,1,11,,4,4,1,4,3,C03,120.684126,24.148347,2
2023,2,20,16,45,臺中市,南屯區,0,0,0,,,,60,,,,,,,,,,,,,,,16,,,,,B03,,,1,,2,,,16,16,1,4,,B03,120.597466,24.155386,3
2023,2,20,16,47,臺中市,東區,0,0,0,8,,,50,,,,,,,,,,,,,,,12,,,,,B12,,,1,8,2,,,12,12,1,5,,B12,120.688193,24.136603,3
2023,2,20,16,51,臺中市,豐原區,0,0,0,8,,,50,,,,,,,,,,,,,,,16,,,,,B03,,,1,,2,,,16,,1,21,,B03,120.719135,24.242964,3
2023,2,20,16,53,臺中市,大雅區,0,0,0,8,,,50,,,,,,,,,,,,,,,23,,,,,B03,,,1,,2,,,23,,1,22,,B03,120.649601,24.223344,3
2023,2,20,16,56,臺中市,南屯區,0,1,0,8,1,5,50,4,1,1,5,4,5,7,2,1,10,5,5,2,17,42,3,10,1,1,B03,7,14,1,8,2,15,,42,42,1,22,8,B03,120.623141,24.145201,2
2023,2,20,16,57,臺中市,南區,0,1,0,8,1,5,50,14,7,1,5,4,5,7,4,4,3,5,5,2,17,19,3,10,3,4,B03,7,1,1,8,2,7,,19,19,1,22,8,B03,120.672335,24.126238,2
2023,2,20,17,0,臺中市,南區,0,1,0,8,1,5,50,14,7,1,5,4,5,7,4,4,1,4,4,2,13,23,3,10,1,1,B03,7,9,1,8,2,1,,23,23,1,22,8,B03,120.658287,24.128601,2
2023,2,20,17,2,臺中市,東區,1,1,0,8,1,5,50,4,1,1,5,4,5,7,4,4,10,5,5,2,3,51,1,9,4,5,H01,8,16,8,20,10,16,,51,51,1,21,8,H01,120.693593,24.14798,1
2023,2,20,17,5,臺中市,北屯區,0,2,0,8,1,5,20,4,1,1,5,4,5,7,1,1,10,5,5,2,11,19,2,8,2,1,F01,7,1,8,20,2,16,,19,19,1,22,2,F01,120.682059,24.194088,2
2023,2,20,17,5,臺中市,大里區,0,0,0,8,,,50,,,,,,,,,,,,,,,19,,,,,B12,,,1,,2,,,19,,1,12,,B12,120.699976,24.093992,3
2023,2,20,17,5,臺中市,龍井區,0,2,0,8,2,5,50,3,1,1,5,4,5,7,4,4,9,5,5,2,16,6,2,9,1,1,C03,7,5,1,10,2,11,,6,23,1,3,9,C03,120.5853,24.185144,2
2023,2,20,17,10,臺中市,沙鹿區,0,2,0,8,1,5,50,4,9,1,5,4,5,7,4,4,4,3,4,1,15,6,3,10,1,1,B03,7,9,1,8,2,5,,6,6,1,3,8,B03,120.578633,24.214828,2
2023,2,20,17,10,臺中市,沙鹿區,0,1,0,8,1,5,60,4,1,1,5,4,5,7,2,1,10,5,5,2,16,25,3,10,1,1,B03,7,9,1,1,2,4,,25,25,1,3,5,B03,120.597591,24.249998,2
2023,2,20,17,11,臺中市,后里區,0,1,0,8,1,5,30,14,9,1,5,4,5,7,4,4,10,5,5,1,1,17,3,10,1,1,B03,7,9,1,8,2,2,,17,17,1,20,8,B03,120.689698,24.31598,2
2023,2,20,17,13,臺中市,南區,0,0,0,8,,,50,,,,,,,,,,,,,,,23,,,,,B03,,,1,8,2,,,23,23,1,5,,B03,120.683648,24.125441,3
2023,2,20,17,14,臺中市,龍井區,0,1,0,8,1,5,50,14,9,1,5,4,5,7,4,4,5,5,5,1,16,10,3,10,1,1,B03,7,11,1,8,2,8,,10,10,1,9,5,B03,120.523214,24.205081,2
2023,2,20,17,15,臺中市,烏日區,0,1,0,8,1,5,50,4,1,1,5,4,5,7,4,4,9,4,5,1,16,6,3,10,1,1,B03,7,5,1,8,2,6,,6,6,1,22,8,B03,120.640414,24.095083,2
2023,2,20,17,15,臺中市,沙鹿區,0,2,0,8,1,5,50,14,9,1,5,4,5,7,4,4,5,5,5,2,16,26,2,9,1,1,C03,7,11,1,10,2,14,,26,26,1,3,5,C03,120.5584,24.234795,2
2023,2,20,17,15,臺中市,神岡區,0,0,0,8,,,30,,,,,,,,,,,,,,,19,,,,,B03,,,1,,1,,,19,,1,12,,B03,120.675351,24.249161,3
2023,2,20,17,16,臺中市,東區,0,1,0,8,1,5,50,3,1,1,5,4,5,7,4,4,10,5,5,2,16,6,3,10,1,1,B03,7,5,1,8,2,2,,6,6,1,22,8,B03,120.69347,24.149926,2
2023,2,20,17,17,臺中市,北區,0,1,0,8,1,5,50,14,9,1,5,4,5,7,1,1,1,4,5,2,12,23,2,3,1,1,C03,7,9,1,10,2,14,,23,23,1,21,8,C03,120.672214,24.162161,2
2023,2,20,17,18,臺中市,南區,0,2,0,8,3,5,50,14,8,1,5,4,5,7,1,1,5,4,4,2,17,23,2,9,3,4,F03,7,9,8,20,7,16,,23,23,1,12,8,F03,120.683237,24.128689,2
2023,2,20,17,19,臺中市,西區,0,1,0,8,1,5,50,14,12,1,5,4,5,7,4,4,5,4,4,2,17,42,2,9,1,1,C03,7,9,1,10,2,12,,42,42,1,2,9,C03,120.667885,24.132131,2
2023,2,20,17,20,臺中市,豐原區,0,0,0,8,,,50,,,,,,,,,,,,,,,23,,,,,B12,,,1,,2,,,23,,1,21,,B12,120.752726,24.272074,3
2023,2,20,17,21,臺中市,太平區,0,0,0,8,,,50,,,,,,,,,,,,,,,23,,,,,B03,,,1,,2,,,23,,1,21,,B03,120.71628,24.134138,3
2023,2,20,17,21,臺中市,神岡區,0,0,0,8,,,30,,,,,,,,,,,,,,,6,,,,,B12,,,1,,2,,,6,,1,22,,B12,120.708941,24.271616,3
2023,2,20,17,22,臺中市,南屯區,0,0,0,,,,50,,,,,,,,,,,,,,,26,,,,,B03,,,1,,1,,,26,26,1,22,,B03,120.634977,24.152593,3
2023,2,20,17,23,臺中市,沙鹿區,0,1,0,8,1,5,40,14,8,1,5,4,5,7,4,4,1,3,1,1,17,23,2,9,3,4,C03,7,9,3,18,2,11,,23,23,1,22,9,C03,120.571241,24.234154,2
2023,2,20,17,25,臺中市,沙鹿區,0,1,0,8,1,5,50,14,9,1,5,4,5,7,4,4,4,3,4,1,16,19,3,10,1,1,B03,7,1,1,8,2,8,,19,19,1,2,8,B03,120.5643,24.237831,2
2023,2,20,17,27,臺中市,南屯區,0,0,0,8,,,50,,,,,,,,,,,,,,,23,,,,,C03,,,1,,11,,,44,23,1,22,,C03,120.638152,24.141219,3
2023,2,20,17,30,臺中市,南屯區,0,1,0,8,2,5,40,4,1,1,5,4,5,7,1,1,10,5,5,2,15,25,3,10,1,1,B03,7,9,1,8,2,2,,25,25,1,4,8,B03,120.623141,24.145201,2
2023,2,20,17,30,臺中市,烏日區,0,0,0,8,,,50,,,,,,,,,,,,,,,42,,,,,A12,,,1,,2,,,42,,1,21,,A12,120.600511,24.111493,3
2023,2,20,17,30,臺中市,清水區,0,0,0,8,,,70,,,,,,,,,,,,,,,23,,,,,B12,,,1,,2,,,23,,1,19,,B12,120.588558,24.293216,3
2023,2,20,17,30,臺中市,神岡區,0,0,0,8,,,30,,,,,,,,,,,,,,,17,,,,,A06,,,1,,11,,,17,17,2,22,,A06,120.652026,24.276266,3
2023,2,20,17,31,臺中市,大里區,0,0,0,8,,,50,,,,,,,,,,,,,,,23,,,,,B03,,,3,,6,,,23,,1,5,,B03,120.681677,24.104936,3
2023,2,20,17,33,臺中市,太平區,0,1,0,8,2,5,50,3,4,1,5,4,5,7,1,1,4,5,4,1,13,23,2,9,1,1,C03,7,9,2,18,2,11,,23,23,1,22,8,C03,120.728905,24.102749,2
2023,2,20,17,35,臺中市,中區,0,0,0,8,,,50,,,,,,,,,,,,,,,7,,,,,B03,,,1,,1,,,7,,1,22,,B03,120.680244,24.14313,3
2023,2,20,17,39,臺中市,龍井區,0,1,0,8,3,5,50,14,9,1,5,4,5,7,4,4,7,4,5,1,16,10,3,10,1,1,B03,7,11,1,8,2,4,,10,10,1,5,5,B03,120.543516,24.174017,2
2023,2,20,17,40,臺中市,南屯區,0,0,0,,,,50,,,,,,,,,,,,,,,23,,,,,B03,,,1,,1,,,23,,1,22,,B03,120.638111,24.142072,3
2023,2,20,17,40,臺中市,大甲區,0,1,0,8,1,5,30,11,9,1,5,4,5,7,4,4,10,5,5,2,11,23,3,10,1,1,B03,7,6,1,8,2,8,,23,23,1,22,8,B03,120.63285,24.346305,2
2023,2,20,17,42,臺中市,大雅區,0,1,0,8,2,5,30,4,2,1,5,4,5,7,4,4,10,5,5,2,16,6,3,10,1,1,B12,7,6,1,3,2,2,,6,6,1,22,9,B12,120.647486,24.232695,2
2023,2,20,17,44,臺中市,南屯區,0,1,0,8,3,5,50,14,9,1,5,4,5,7,4,4,1,4,5,2,12,23,2,9,3,4,C03,7,9,1,10,2,11,11,23,23,1,22,8,C03,120.646583,24.143133,2
2023,2,20,17,45,臺中市,北屯區,0,1,0,8,1,5,50,14,7,1,5,4,5,7,4,4,1,4,4,2,16,7,2,9,1,1,C03,7,7,1,10,2,14,,7,7,1,22,8,C03,120.686457,24.196631,2
2023,2,20,17,45,臺中市,沙鹿區,0,0,0,8,,,50,,,,,,,,,,,,,,,23,,,,,B03,,,1,,2,,,23,,1,4,,B03,120.568989,24.236862,3
2023,2,20,17,50,臺中市,南屯區,0,0,0,,,,50,,,,,,,,,,,,,,,6,,,,,B03,,,1,,1,,,6,,1,4,,B03,120.624147,24.149373,3
2023,2,20,17,50,臺中市,和平區,0,2,0,8,1,5,50,14,9,1,5,4,5,7,4,4,4,1,5,1,15,21,3,10,1,1,B12,7,11,1,8,8,1,,21,21,1,22,9,B12,120.888933,24.173871,2
2023,2,20,17,53,臺中市,烏日區,0,1,0,8,1,5,50,4,1,1,5,4,5,7,1,1,10,5,5,2,16,8,3,10,1,1,B03,7,5,6,8,2,5,,8,8,1,21,8,B03,120.644172,24.085828,2
2023,2,20,17,55,臺中市,北屯區,0,1,0,8,3,5,40,14,8,1,5,4,5,7,4,4,1,4,4,2,17,19,2,9,1,1,C03,7,1,1,10,2,11,14,19,19,1,22,8,C03,120.720906,24.162586,2
2023,2,20,17,55,臺中市,神岡區,0,2,0,8,1,5,50,3,1,1,5,4,5,7,4,4,10,5,5,1,17,16,2,9,1,1,C03,7,5,1,10,2,11,,16,16,1,12,8,C03,120.690164,24.254732,2
2023,2,20,18,0,臺中市,清水區,0,1,0,8,2,5,50,14,9,1,5,4,5,7,4,4,5,4,4,1,13,23,2,9,1,1,C03,7,9,1,10,2,11,,23,23,1,5,5,C03,120.571143,24.269389,2
2023,2,20,18,1,臺中市,東區,0,1,0,8,2,5,50,3,2,1,5,4,5,7,4,4,5,5,5,2,17,42,3,10,3,4,B12,7,15,1,8,2,15,,42,42,1,5,8,B12,120.69965,24.145221,2
2023,2,20,18,3,臺中市,南屯區,0,2,0,8,1,5,50,4,1,1,5,4,5,7,2,1,10,5,5,2,17,6,2,9,1,1,C03,7,5,1,10,2,12,,6,6,1,22,8,C03,120.634432,24.155706,2
2023,2,20,18,3,臺中市,南屯區,0,0,0,,,,50,,,,,,,,,,,,,,,9,,,,,B03,,,1,,2,,,9,,1,22,,B03,120.648676,24.150814,3
2023,2,20,18,6,臺中市,大雅區,0,0,0,8,,,50,,,,,,,,,,,,,,,23,,,,,B03,,,1,,2,,,23,,1,22,,B03,120.649126,24.222975,3
2023,2,20,18,8,臺中市,西屯區,0,0,0,8,,,50,,,,,,,,,,,,,,,23,,,,,C03,,,1,,11,,,23,,1,22,,C03,120.634123,24.182044,3
2023,2,20,18,10,臺中市,南屯區,0,0,0,,,,50,,,,,,,,,,,,,,,7,,,,,B03,,,3,,1,,,7,,1,4,,B03,120.641794,24.140866,3
2023,2,20,18,11,臺中市,西屯區,0,0,0,8,,,50,,,,,,,,,,,,,,,23,,,,,B03,,,1,,1,,,23,,1,22,,B03,120.653808,24.194694,3
2023,2,20,18,11,臺中市,大里區,0,1,0,8,3,5,50,16,9,1,5,4,5,7,2,1,5,4,4,2,18,23,2,8,1,1,C03,7,5,1,10,2,14,,23,23,1,18,8,C03,120.67772,24.094085,2
2023,2,20,18,13,臺中市,大雅區,0,0,0,8,,,50,,,,,,,,,,,,,,,17,,,,,B03,,,1,,2,,,17,,1,22,,B03,120.632161,24.241798,3
2023,2,20,18,14,臺中市,南屯區,0,2,0,8,3,5,50,14,7,1,5,4,5,7,4,4,9,5,4,2,16,19,2,9,3,4,C03,7,1,1,10,2,11,,19,19,1,22,8,C03,120.637322,24.137549,2
2023,2,20,18,15,臺中市,南區,0,1,0,8,1,5,40,3,1,1,5,4,5,7,1,1,10,5,5,2,13,16,2,9,1,1,C03,7,9,1,10,2,11,,16,16,1,22,8,C03,120.668646,24.119048,2
2023,2,20,18,15,臺中市,南區,0,0,0,8,,,50,,,,,,,,,,,,,,,16,,,,,B03,,,1,,2,,,16,,1,22,,B03,120.682564,24.126395,3
2023,2,20,18,15,臺中市,豐原區,0,0,0,8,,,50,,,,,,,,,,,,,,,16,,,,,B03,,,1,,2,,,16,,1,22,,B03,120.708808,24.245513,3
2023,2,20,18,16,臺中市,南屯區,0,0,0,,,,50,,,,,,,,,,,,,,,9,,,,,B03,,,1,,2,,,44,9,1,22,,B03,120.623399,24.135649,3
2023,2,20,18,18,臺中市,潭子區,0,2,0,8,3,5,50,14,9,1,5,4,5,7,4,4,5,5,5,1,16,4,2,9,1,1,C04,7,11,1,8,2,11,,4,4,1,22,9,C04,120.707106,24.2136,2
2023,2,20,18,19,臺中市,西區,0,0,0,8,3,5,50,14,8,1,5,4,5,7,4,4,5,4,4,2,12,42,,,,,B03,,,1,,1,,,42,,1,22,,B03,120.659085,24.159784,3
2023,2,20,18,20,臺中市,北區,0,0,0,8,,,50,,,,,,,,,,,,,,,42,,,,,C03,,,1,,1,,,42,,1,21,,C03,120.67645,24.156756,3
2023,2,20,18,20,臺中市,北區,0,1,0,8,3,5,50,3,1,1,5,4,5,7,2,1,5,4,5,2,18,23,2,9,1,1,C03,7,9,3,18,2,14,,23,23,1,22,8,C03,120.688443,24.152076,2
2023,2,20,18,20,臺中市,北屯區,0,1,0,8,3,5,50,14,9,1,5,4,5,7,4,4,5,4,5,2,16,23,2,9,1,1,C03,7,9,1,10,2,14,,23,23,1,21,8,C03,120.736793,24.178206,2
2023,2,20,18,24,臺中市,南屯區,0,1,0,8,3,5,50,4,2,1,5,4,5,7,4,4,5,2,5,2,14,12,3,10,1,1,B03,7,2,1,8,2,7,,12,12,1,22,8,B03,120.65302,24.135655,2
2023,2,20,18,25,臺中市,北屯區,0,1,0,8,3,5,50,4,1,1,5,4,5,7,1,1,10,5,5,2,16,6,3,10,1,1,B03,7,5,1,8,2,5,,6,6,1,22,8,B03,120.676153,24.173555,2
2023,2,20,18,25,臺中市,西屯區,0,1,0,8,2,5,40,14,8,1,5,4,5,7,4,4,1,4,4,1,17,19,2,9,1,1,C03,7,1,1,10,2,14,,19,19,1,1,9,C03,120.659101,24.194417,2
2023,2,20,18,25,臺中市,豐原區,0,0,0,8,,,50,,,,,,,,,,,,,,,43,,,,,,,,,,,,,43,,1,,,,120.70352,24.249726,3
2023,2,20,18,26,臺中市,西屯區,0,0,0,8,,,50,,,,,,,,,,,,,,,23,,,,,B03,,,1,,1,,,23,23,1,22,,B03,120.652997,24.204734,3
2023,2,20,18,26,臺中市,西屯區,0,1,0,8,1,5,30,14,9,1,5,4,5,7,4,4,10,5,5,2,10,43,2,9,3,4,C03,7,9,1,10,1,11,,43,43,1,22,8,C03,120.627597,24.187568,2
2023,2,20,18,27,臺中市,南區,0,2,0,8,3,5,50,4,9,1,5,4,5,7,4,4,5,5,5,2,16,6,2,9,3,4,C03,7,5,1,10,2,11,,6,6,1,22,8,C03,120.659404,24.12556,2
2023,2,20,18,27,臺中市,烏日區,0,0,0,8,3,5,50,4,1,1,5,4,5,7,1,1,1,3,5,1,12,7,,,,,B12,,,1,,2,,,7,,1,22,,B12,120.6158,24.105795,3
2023,2,20,18,28,臺中市,太平區,0,2,0,8,3,5,50,14,9,1,5,4,5,7,4,4,5,4,5,1,17,23,2,9,1,1,C03,7,9,1,10,2,11,14,23,23,1,22,8,C03,120.732005,24.139068,2
2023,2,20,18,30,臺中市,霧峰區,0,0,0,8,,,30,,,,,,,,,,,,,,,12,,,,,B12,,,1,,1,,,12,,1,9,,B12,120.715151,24.073317,3
2023,2,20,18,31,臺中市,大肚區,0,0,0,8,,,50,,,,,,,,,,,,,,,23,,,,,B03,,,4,,2,,,23,,1,2,,B03,120.574456,24.119521,3
2023,2,20,18,32,臺中市,梧棲區,0,2,0,8,3,5,30,4,1,1,5,4,5,7,4,4,10,5,5,2,15,6,2,9,1,1,C03,7,9,1,10,2,11,,6,6,1,5,8,C03,120.550245,24.257804,2
2023,2,20,18,34,臺中市,大雅區,0,0,0,8,,,50,,,,,,,,,,,,,,,16,,,,,C03,,,1,,2,,,16,,1,22,,C03,120.649932,24.219024,3
2023,2,20,18,36,臺中市,南屯區,0,1,0,8,3,5,50,4,9,1,5,4,5,7,1,1,1,4,5,2,12,17,2,9,3,4,C03,7,9,1,10,2,12,,17,17,1,22,8,C03,120.646483,24.129416,2
2023,2,20,18,37,臺中市,太平區,0,2,0,8,3,5,50,4,1,1,5,4,5,7,4,4,5,5,5,2,1,23,3,10,1,1,B03,7,11,1,8,2,8,,23,23,1,21,8,B03,120.717583,24.152557,2
2023,2,20,18,37,臺中市,后里區,0,0,0,8,,,50,,,,,,,,,,,,,,,6,,,,,B03,,,1,,1,,,6,,1,9,,B03,120.721869,24.308846,3
2023,2,20,18,39,臺中市,霧峰區,0,0,0,8,,,50,,,,,,,,,,,,,,,67,,,,,,,,,,,,,67,,1,,,,120.698943,24.066008,3
2023,2,20,18,40,臺中市,霧峰區,0,2,0,8,3,5,50,4,1,1,5,4,5,7,1,1,10,5,5,2,16,8,2,9,2,1,F01,7,5,8,20,2,16,,8,8,1,18,8,F01,120.692374,24.045671,2
2023,2,20,18,42,臺中市,北屯區,0,1,0,8,3,5,50,4,1,1,5,4,5,7,1,1,10,5,5,2,16,19,3,10,3,4,B03,7,1,1,8,9,8,,19,19,2,22,5,B03,120.687491,24.188243,2
2023,2,20,18,42,臺中市,西屯區,0,0,0,8,,,50,,,,,,,,,,,,,,,25,,,,,B03,,,1,,2,,,25,,1,22,,B03,120.635172,24.179435,3
2023,2,20,18,43,臺中市,南區,0,1,0,8,3,5,40,4,1,1,5,4,5,7,2,1,10,5,5,2,16,26,2,8,3,4,C03,7,5,1,10,2,11,,26,26,1,5,8,C03,120.675218,24.124198,2
2023,2,20,18,45,臺中市,南屯區,0,0,0,,,,50,,,,,,,,,,,,,,,7,,,,,B03,,,1,,2,,,7,,1,4,,B03,120.640702,24.14426,3
2023,2,20,18,45,臺中市,北屯區,0,1,0,8,1,5,40,14,8,1,5,4,5,7,4,4,1,4,4,2,13,23,2,9,1,1,C03,7,9,1,10,2,11,,23,23,1,21,8,C03,120.686,24.186582,2
2023,2,20,18,45,臺中市,太平區,0,1,0,8,3,5,30,4,1,1,5,4,5,7,4,4,10,5,5,2,15,6,3,10,1,1,B03,7,9,1,7,2,1,,6,6,1,22,5,B03,120.720936,24.117909,2
2023,2,20,18,46,臺中市,北區,0,2,0,8,3,5,40,4,8,1,5,4,3,7,1,1,5,5,4,2,12,1,2,7,1,1,C03,7,9,1,9,2,15,,1,1,1,21,8,C03,120.676489,24.159195,2
2023,2,20,18,49,臺中市,南屯區,0,0,0,,,,50,,,,,,,,,,,,,,,26,,,,,B03,,,1,,1,,,26,,1,22,,B03,120.623497,24.149515,3
2023,2,20,18,51,臺中市,烏日區,0,0,0,8,,,50,,,,,,,,,,,,,,,6,,,,,B03,,,1,,2,,,6,,1,19,,B03,120.60677,24.10619,3
2023,2,20,18,53,臺中市,神岡區,0,0,0,8,,,60,,,,,,,,,,,,,,,7,,,,,B12,,,1,,2,,,7,,1,22,,B12,120.664693,24.273591,3
2023,2,20,18,55,臺中市,龍井區,0,2,0,8,3,5,30,4,1,1,5,4,5,7,4,4,10,5,5,2,15,6,2,9,1,1,C03,7,9,1,10,2,11,,6,6,1,22,9,C03,120.586325,24.180795,2
2023,2,20,18,55,臺中市,外埔區,0,0,0,7,3,5,50,3,1,1,5,4,5,7,4,4,5,5,5,1,11,17,,,,,B03,,,1,,2,,,17,,1,21,,B03,120.626733,24.334975,3
2023,2,20,19,6,臺中市,清水區,0,0,0,8,,,30,,,,,,,,,,,,,,,6,,,,,B03,,,1,,2,,,6,,1,5,,B03,120.571978,24.268938,3
2023,2,20,19,7,臺中市,太平區,0,2,0,8,3,5,50,3,9,1,5,4,5,7,4,4,5,4,5,2,13,16,3,10,1,1,B03,7,9,1,8,8,1,,16,16,1,22,8,B03,120.705069,24.158866,2
2023,2,20,19,10,臺中市,南屯區,0,2,0,8,1,5,50,4,1,1,5,4,5,7,3,1,10,5,5,2,15,6,2,9,3,4,C03,7,9,1,9,2,11,,6,6,1,23,8,C03,120.640335,24.140912,2
2023,2,20,19,13,臺中市,西區,0,1,0,8,3,5,50,4,1,1,5,4,5,7,1,1,10,5,5,2,13,16,2,9,1,1,C03,7,9,1,10,2,11,,16,16,1,5,8,C03,120.657375,24.146713,2
2023,2,20,19,20,臺中市,北區,0,1,0,8,3,5,50,5,1,1,5,4,5,7,1,1,10,5,5,2,13,23,3,10,3,4,B01,7,6,1,4,2,5,,23,23,1,5,8,B01,120.681855,24.144506,2
2023,2,20,19,21,臺中市,東區,0,3,0,7,1,5,40,4,2,1,5,4,5,7,1,1,10,5,5,2,13,23,2,9,1,1,C03,7,9,1,10,2,11,,23,23,1,22,8,C03,120.701293,24.146376,2
2023,2,20,19,26,臺中市,北屯區,0,0,0,,,,50,,,,,,,,,,,,,,,19,,,,,C03,,,1,,1,,,19,,1,21,,C03,120.708097,24.17008,3
2023,2,20,19,38,臺中市,中區,0,1,0,8,1,5,50,3,1,1,5,4,5,7,2,1,10,5,5,2,16,6,3,10,1,1,C03,7,5,1,10,1,12,,6,6,1,22,9,C03,120.685971,24.138889,2
2023,2,20,19,38,臺中市,烏日區,0,0,0,,,,50,,,,,,,,,,,,,,,23,,,,,B03,,,1,,2,,,23,23,1,21,,B03,120.633573,24.105962,3
2023,2,20,19,38,臺中市,大肚區,0,0,0,,,,60,,,,,,,,,,,,,,,42,,,,,B03,,,1,,2,,,42,,1,22,,B03,120.582805,24.168403,3
2023,2,20,19,39,臺中市,北區,0,1,0,8,3,5,50,3,1,1,5,4,5,7,4,4,3,4,5,2,16,23,3,10,1,1,B03,7,9,3,18,2,2,,23,23,1,22,8,B03,120.693669,24.16175,2
2023,2,20,19,43,臺中市,南屯區,0,0,0,,,,80,,,,,,,,,,,,,,,44,,,,,A41,,,1,,9,,,44,,1,10,,A41,120.623033,24.140267,3
2023,2,20,19,44,臺中市,南屯區,0,1,0,8,1,5,50,4,18,1,5,4,5,7,1,1,5,5,5,2,2,15,3,10,3,4,B03,7,5,1,8,2,1,,15,15,1,22,8,B03,120.652588,24.156513,2
2023,2,20,19,45,臺中市,東區,0,0,0,8,,,50,,,,,,,,,,,,,,,23,,,,,B03,,,1,,9,,,23,,1,19,,B03,120.704681,24.136611,3
2023,2,20,19,45,臺中市,北屯區,0,2,0,8,3,5,50,14,9,1,5,4,5,7,4,4,1,4,5,2,16,16,2,9,1,1,C03,7,7,1,10,2,12,,27,16,1,22,8,C03,120.683003,24.172179,2
2023,2,20,19,45,臺中市,北屯區,0,0,0,8,,,50,,,,,,,,,,,,,,,23,,,,,B01,,,1,,1,,,23,,1,22,,B01,120.684601,24.181495,3
2023,2,20,19,52,臺中市,豐原區,0,1,0,8,3,5,50,14,7,1,5,4,5,7,4,4,8,3,4,1,12,7,3,10,3,4,B03,7,7,1,8,2,8,,7,19,1,22,5,B03,120.70261,24.243376,2
2023,2,20,19,53,臺中市,豐原區,0,0,0,,,,40,,,,,,,,,,,,,,,23,,,,,B03,,,1,,2,,,23,,1,22,,B03,120.715278,24.256103,3
2023,2,20,20,0,臺中市,清水區,0,1,0,8,3,5,50,3,1,1,5,4,5,7,4,4,10,5,5,2,16,6,3,10,1,1,B03,7,5,1,8,2,5,,6,6,1,5,5,B03,120.578711,24.269371,2
2023,2,20,20,1,臺中市,東區,0,0,0,8,,,50,,,,,,,,,,,,,,,43,,,,,B01,,,1,4,2,,,43,43,1,5,,B01,120.687218,24.136264,3
2023,2,20,20,1,臺中市,太平區,0,0,0,8,,,50,,,,,,,,,,,,,,,23,,,,,B03,,,1,,1,,,23,,1,21,,B03,120.701115,24.148125,3
2023,2,20,20,12,臺中市,潭子區,0,0,0,8,,,40,,,,,,,,,,,,,,,12,,,,,B02,,,1,,2,,,12,,1,22,,B02,120.698005,24.194847,3
2023,2,20,20,12,臺中市,北屯區,0,0,0,8,,,50,,,,,,,,,,,,,,,26,,,,,B03,,,1,,1,,,26,,1,22,,B03,120.719006,24.174873,3
2023,2,20,20,13,臺中市,大雅區,0,0,0,8,,,50,,,,,,,,,,,,,,,12,,,,,C03,,,1,,2,,,12,,1,22,,C03,120.649081,24.223026,3
2023,2,20,20,20,臺中市,南區,0,0,0,8,,,50,,,,,,,,,,,,,,,12,,,,,B03,,,1,,2,,,12,,1,5,,B03,120.666944,24.125828,3
2023,2,20,20,31,臺中市,大肚區,0,0,0,8,,,70,,,,,,,,,,,,,,,18,,,,,B03,,,1,,2,,,18,,1,21,,B03,120.544413,24.161747,3
2023,2,20,20,35,臺中市,西區,0,1,0,8,3,5,50,4,1,1,5,4,5,7,1,1,10,5,5,2,16,23,2,9,1,1,C03,7,9,1,10,2,11,,23,23,1,4,5,C03,120.652971,24.146745,2