年,月,日,時,分,縣市,區,死,受傷,2-30,天候,光線,道路類別,速限,道路型態,事故位置,路面鋪裝,路面狀態,路面缺陷,障礙物,視距,號誌種類,號誌動作,分向設施,快車道或一般車道間,快慢車道間,路面邊線,事故類型及型態,主要肇因,受傷程度,主要傷處,保護裝備,行動電話,當事者區分,車輛用途,當事者行動狀態,駕駛資格情形,駕駛執照種類,飲酒情形,車輛撞擊部位最初,車輛撞擊部位其他,肇事因素個別,肇事因素主要,肇事逃逸,職業,旅次目的,車種,GPS緯度,GPS經度,事故類別
2023,2,20,20,38,臺中市,西屯區,0,0,0,8,,,60,,,,,,,,,,,,,,,43,,,,,B03,,,1,,9,,,43,,1,1,,B03,120.655911,24.158976,3
2023,2,20,20,44,臺中市,南區,0,1,0,7,3,5,50,4,1,1,5,4,5,7,1,1,10,5,5,2,13,16,2,9,1,1,C03,7,9,1,8,2,11,,16,23,1,22,8,C03,120.66228,24.120862,2
2023,2,20,20,47,臺中市,霧峰區,0,0,0,8,,,30,,,,,,,,,,,,,,,6,,,,,B03,,,1,,2,,,6,,1,12,,B03,120.693285,24.073011,3
2023,2,20,20,48,臺中市,南屯區,0,0,0,8,,,50,,,,,,,,,,,,,,,17,,,,,B03,,,1,,1,,,17,,1,4,,B03,120.611287,24.137349,3
2023,2,20,20,50,臺中市,北屯區,0,0,0,8,,,50,,,,,,,,,,,,,,,67,,,,,,,,,,,,,67,,1,,,,120.685102,24.177769,3
2023,2,20,20,50,臺中市,西屯區,0,1,0,8,3,5,40,4,2,1,5,4,5,7,2,1,1,3,1,1,17,6,3,10,1,1,C03,7,9,1,10,2,12,,6,6,1,22,8,C03,120.640993,24.1681,2
2023,2,20,20,56,臺中市,北區,0,1,0,8,3,5,40,14,8,1,5,4,5,7,4,4,1,4,4,2,16,4,2,8,1,1,C03,7,5,1,10,2,12,,4,4,1,21,8,C03,120.694552,24.152491,2
2023,2,20,21,11,臺中市,南屯區,0,0,0,8,,,50,,,,,,,,,,,,,,,16,,,,,B12,,,1,7,1,,,16,16,1,12,,B12,120.64199,24.141129,3
2023,2,20,21,11,臺中市,豐原區,0,3,0,8,3,5,50,4,1,1,5,4,5,7,3,1,10,5,5,2,15,6,2,9,1,1,C03,7,9,1,10,2,11,,6,6,1,22,8,C03,120.72718,24.253526,2
2023,2,20,21,29,臺中市,東區,0,1,0,8,3,5,50,3,1,1,5,4,5,7,1,1,10,5,5,2,16,6,3,10,3,4,C03,7,6,1,10,2,12,,6,6,1,5,8,C03,120.690173,24.138153,2
2023,2,20,21,37,臺中市,新社區,0,1,0,8,3,5,50,14,9,1,5,4,5,7,4,4,10,5,5,1,19,21,2,9,3,4,C03,7,9,6,18,7,12,,21,21,1,22,8,C03,120.799568,24.242213,2
2023,2,20,21,39,臺中市,西屯區,0,1,0,8,3,5,50,4,1,1,5,4,5,7,1,1,5,5,4,2,13,23,2,9,1,1,C03,7,9,1,10,1,11,,23,23,1,21,8,C03,120.635226,24.166655,2
2023,2,20,21,45,臺中市,西區,0,0,0,8,,,50,,,,,,,,,,,,,,,42,,,,,B01,,,1,,1,,,42,,1,21,,B01,120.659221,24.156843,3
2023,2,20,21,50,臺中市,西屯區,0,1,0,8,3,5,50,14,9,1,5,4,5,7,4,4,9,4,5,2,17,8,3,10,1,1,B03,7,5,1,8,1,1,,8,8,1,1,9,B03,120.643997,24.20071,2
2023,2,20,21,58,臺中市,西屯區,0,0,0,8,,,30,,,,,,,,,,,,,,,12,,,,,B03,,,1,,1,,,12,,1,22,,B03,120.660133,24.163574,3
2023,2,20,22,0,臺中市,豐原區,0,1,0,8,3,5,50,4,2,1,5,4,5,7,4,4,8,3,5,1,26,42,2,7,3,4,B03,7,9,1,8,2,5,,42,42,1,22,5,B03,120.719681,24.261554,2
2023,2,20,22,5,臺中市,大安區,0,1,0,8,3,5,50,14,9,1,5,4,5,7,4,4,10,5,5,1,17,23,2,9,1,1,C03,7,9,1,10,2,11,,23,23,1,4,1,C03,120.597434,24.38012,2
2023,2,20,22,6,臺中市,北區,0,0,0,8,,,50,,,,,,,,,,,,,,,16,,,,,C03,,,1,,2,,,16,,1,22,,C03,120.685983,24.153942,3
2023,2,20,22,6,臺中市,西屯區,0,0,0,8,,,30,,,,,,,,,,,,,,,67,,,,,,,,,,,,,67,,1,,,,120.615736,24.18806,3
2023,2,20,22,21,臺中市,龍井區,0,0,0,8,,,60,,,,,,,,,,,,,,,23,,,,,B03,,,1,,1,,,23,,1,22,,B03,120.580302,24.189,3
2023,2,20,22,27,臺中市,中區,0,1,0,8,3,5,50,4,1,1,5,4,5,7,1,1,3,4,5,2,16,25,2,9,1,1,C03,7,9,1,10,2,14,11,25,25,1,22,8,C03,120.685744,24.141555,2
2023,2,20,22,29,臺中市,北屯區,0,2,0,8,3,5,50,14,9,1,5,4,5,7,4,4,1,4,5,2,16,17,2,9,1,1,C03,7,9,1,10,2,11,,17,17,1,22,8,C03,120.696935,24.170967,2
2023,2,20,22,32,臺中市,南屯區,0,0,0,8,,,50,,,,,,,,,,,,,,,7,,,,,B03,,,1,,1,,,7,,1,5,,B03,120.615764,24.147096,3
2023,2,20,22,56,臺中市,太平區,0,1,0,8,3,5,40,14,9,1,5,4,5,7,4,4,5,5,5,1,20,17,2,8,1,1,C03,7,9,1,10,2,12,,17,17,1,5,1,C03,120.734505,24.131323,2
2023,2,20,23,1,臺中市,大甲區,0,2,0,8,3,5,50,14,9,1,5,4,5,7,4,4,5,5,5,1,3,23,2,9,1,1,C03,7,9,1,10,2,11,,23,23,1,4,1,C03,120.619873,24.34153,2
2023,2,20,23,10,臺中市,北區,0,0,0,8,,,50,,,,,,,,,,,,,,,23,,,,,C03,,,1,,1,,,23,,1,22,,C03,120.691894,24.160416,3
2023,2,20,23,25,臺中市,南區,0,2,0,7,3,5,30,4,1,1,5,4,5,7,1,1,10,5,5,2,16,6,2,9,1,1,C03,7,9,1,10,2,11,,6,6,1,22,8,C03,120.661808,24.127978,2
2023,2,20,23,28,臺中市,西屯區,0,0,0,8,,,50,,,,,,,,,,,,,,,23,,,,,C03,,,1,,1,,,23,,1,22,,C03,120.642461,24.164175,3
2023,2,20,23,28,臺中市,龍井區,0,0,0,8,,,30,,,,,,,,,,,,,,,42,,,,,B01,,,1,,11,,,42,42,1,10,,B01,120.591274,24.182203,3
2023,2,20,23,30,臺中市,北區,0,1,0,8,3,5,50,4,1,1,5,4,5,7,1,1,10,5,5,2,13,42,3,10,1,1,B03,7,9,1,8,2,1,,42,42,1,22,8,B03,120.672565,24.168787,2
2023,2,20,23,31,臺中市,豐原區,0,1,0,8,1,5,50,4,1,1,5,4,5,7,2,1,10,5,5,2,16,6,3,10,1,1,B03,7,9,1,8,2,10,,6,6,1,22,8,B03,120.72366,24.24462,2
2023,2,20,23,40,臺中市,沙鹿區,0,1,0,8,3,5,50,4,1,1,5,4,5,7,4,4,10,5,5,2,15,6,3,10,1,1,B03,7,9,1,8,2,8,,6,6,1,4,5,B03,120.570771,24.222913,2
2023,2,20,23,59,臺中市,西屯區,0,0,0,8,,,30,,,,,,,,,,,,,,,6,,,,,B03,,,1,,2,,,6,,1,22,,B03,120.651394,24.163942,3
2023,2,21,0,25,臺中市,西屯區,0,0,0,8,,,50,,,,,,,,,,,,,,,9,,,,,B03,,,1,,1,,,9,,1,22,,B03,120.643246,24.166443,3
2023,2,21,2,5,臺中市,后里區,0,0,0,8,,,50,,,,,,,,,,,,,,,43,,,,,,,,,,,,,43,,1,,,,120.714368,24.306098,3
2023,2,21,3,4,臺中市,太平區,0,1,0,8,3,5,30,4,1,1,5,4,5,7,4,4,10,5,5,2,15,6,3,10,1,1,B03,7,9,1,8,2,1,,6,6,1,5,5,B03,120.723858,24.12984,2
2023,2,21,3,23,臺中市,西屯區,0,1,0,8,3,5,50,4,1,1,5,4,5,7,1,1,10,5,5,2,16,6,3,10,3,4,B03,7,6,1,8,1,6,,6,6,2,22,8,B03,120.641754,24.178255,2
2023,2,21,4,25,臺中市,北屯區,0,1,0,8,3,5,50,4,1,1,5,4,5,7,1,1,10,5,5,2,15,25,2,9,1,1,C03,7,9,1,10,2,11,,25,25,1,21,1,C03,120.733796,24.159929,2
2023,2,21,4,55,臺中市,北區,0,1,0,8,1,5,50,4,4,1,5,4,5,7,1,1,5,4,5,2,17,26,3,10,1,1,B03,7,6,1,8,2,1,,26,26,1,22,8,B03,120.677222,24.151377,2
2023,2,21,5,44,臺中市,沙鹿區,0,1,0,7,3,5,50,14,8,1,5,4,5,7,4,4,3,4,4,2,13,23,2,9,1,1,C03,7,9,1,10,8,11,,23,23,1,22,9,C03,120.558121,24.22601,2
2023,2,21,5,55,臺中市,大里區,0,1,0,8,3,5,60,3,1,1,5,4,5,7,4,4,1,4,4,1,17,6,3,10,1,1,B03,7,9,3,18,2,4,,6,6,1,22,8,B03,120.690994,24.100874,2
2023,2,21,6,16,臺中市,南區,0,1,0,8,4,5,50,14,9,1,5,4,5,7,4,4,5,4,5,2,17,23,2,9,1,1,C03,7,9,1,10,2,11,,23,23,1,19,8,C03,120.677913,24.127599,2
2023,2,21,6,39,臺中市,東區,0,0,0,8,1,5,50,14,9,1,5,4,5,7,4,4,5,5,5,2,13,19,3,10,1,1,B03,7,1,1,1,10,5,,19,19,1,22,8,B03,120.707159,24.142702,3
2023,2,21,6,40,臺中市,太平區,0,1,0,8,1,5,30,4,1,1,5,4,5,7,4,4,10,5,5,2,9,12,3,10,1,1,B03,7,2,1,8,2,7,,12,12,1,22,8,B03,120.72472,24.156525,2
2023,2,21,6,55,臺中市,東勢區,0,2,0,8,1,5,40,4,9,1,5,4,5,7,4,4,5,4,5,1,16,6,2,8,1,1,C03,7,5,1,10,2,11,,6,6,1,22,9,C03,120.838006,24.220917,2
2023,2,21,7,0,臺中市,東區,0,1,0,8,1,5,50,4,1,1,5,4,5,7,1,1,10,5,5,2,15,25,2,9,1,1,C03,7,9,3,18,2,11,,25,25,1,22,8,C03,120.696397,24.137013,2
2023,2,21,7,0,臺中市,清水區,0,3,0,8,1,5,30,3,1,1,5,4,5,7,4,4,10,5,5,2,11,23,2,8,1,1,C03,7,6,3,18,2,11,,23,23,1,21,8,C03,120.580423,24.29052,2
2023,2,21,7,2,臺中市,北區,0,0,0,8,,,50,,,,,,,,,,,,,,,23,,,,,B03,,,1,,1,,,23,,1,5,,B03,120.670459,24.157566,3
2023,2,21,7,7,臺中市,霧峰區,0,1,0,8,1,5,40,4,1,1,5,4,5,7,1,1,10,5,5,1,16,9,3,10,1,1,B03,7,6,1,8,2,5,,9,9,1,22,9,B03,120.709254,24.080766,2
2023,2,21,7,9,臺中市,太平區,0,1,0,8,1,5,50,4,1,1,5,4,5,7,1,1,5,5,5,2,16,7,2,9,1,1,C03,7,10,6,18,2,12,,7,7,1,21,8,C03,120.725257,24.144516,2
2023,2,21,7,15,臺中市,清水區,0,1,0,8,1,5,50,14,9,1,5,4,5,7,4,4,5,4,5,1,12,26,2,8,1,1,C03,7,4,1,10,2,12,,26,26,1,22,8,C03,120.575346,24.278594,2
2023,2,21,7,18,臺中市,南屯區,0,0,0,8,,,40,,,,,,,,,,,,,,,26,,,,,B03,,,1,,1,,,26,26,1,22,,B03,120.622777,24.149937,3
2023,2,21,7,19,臺中市,太平區,0,0,0,8,,,50,,,,,,,,,,,,,,,19,,,,,B03,,,1,,2,,,19,,1,21,,B03,120.732065,24.140639,3
2023,2,21,7,20,臺中市,潭子區,0,1,0,7,1,5,50,4,2,1,5,4,5,7,1,1,10,5,5,2,16,26,3,10,1,1,C03,7,9,1,10,2,14,,26,26,1,22,8,C03,120.698521,24.196174,2
2023,2,21,7,22,臺中市,北區,0,1,0,8,1,5,50,3,1,1,5,4,5,7,1,1,10,5,5,2,16,25,3,10,1,1,C03,7,9,1,10,2,12,,25,25,1,22,9,C03,120.680976,24.163174,2
2023,2,21,7,23,臺中市,北屯區,0,0,0,8,,,50,,,,,,,,,,,,,,,12,,,,,B12,,,1,,1,,,12,,1,21,,B12,120.702973,24.178623,3
2023,2,21,7,25,臺中市,西屯區,0,0,0,8,,,50,,,,,,,,,,,,,,,26,,,,,B03,,,1,,1,,,26,,1,22,,B03,120.61315,24.171572,3
2023,2,21,7,25,臺中市,西屯區,0,0,0,8,,,40,,,,,,,,,,,,,,,23,,,,,C03,,,1,,1,,,23,23,1,22,,C03,120.647681,24.196544,3
2023,2,21,7,27,臺中市,神岡區,0,2,0,8,1,5,50,3,1,1,5,4,5,7,1,1,1,4,5,1,16,6,3,10,1,1,B03,7,6,1,8,2,2,,6,6,1,21,8,B03,120.692976,24.248388,2
2023,2,21,7,31,臺中市,太平區,0,1,0,8,1,5,50,4,1,1,5,4,5,7,1,1,10,5,5,2,16,25,3,10,1,1,C03,7,5,1,10,2,13,,25,25,1,22,8,C03,120.725925,24.13359,2
2023,2,21,7,34,臺中市,霧峰區,0,1,0,8,1,5,50,4,2,1,5,4,5,7,1,1,10,5,5,2,13,23,2,9,1,1,C03,7,9,1,10,2,11,,23,23,1,22,8,C03,120.699052,24.077983,2
2023,2,21,7,35,臺中市,南屯區,0,1,0,8,1,5,40,14,8,1,5,4,5,7,4,4,5,4,4,2,29,43,2,9,1,1,C03,7,9,1,10,2,12,,43,43,1,22,8,C03,120.636989,24.136249,2
2023,2,21,7,35,臺中市,西屯區,0,0,0,8,,,50,,,,,,,,,,,,,,,16,,,,,C03,,,1,,1,,,16,,1,22,,C03,120.662733,24.174523,3
2023,2,21,7,36,臺中市,西屯區,0,1,0,8,1,5,50,4,1,1,5,4,5,7,1,1,9,4,5,2,13,16,2,9,1,1,C03,7,9,1,10,2,11,,16,16,1,12,8,C03,120.622103,24.174161,2
2023,2,21,7,37,臺中市,神岡區,0,1,0,7,1,5,50,3,1,1,5,4,5,7,1,1,5,5,5,1,16,23,2,7,1,1,C03,7,9,1,10,2,14,,23,23,1,22,8,C03,120.695786,24.249929,2
2023,2,21,7,40,臺中市,大肚區,0,2,0,8,1,5,40,3,2,1,5,4,5,5,4,4,10,5,5,1,17,23,2,9,1,1,C03,7,9,1,10,2,11,,23,23,1,2,1,C03,120.569399,24.121652,2
2023,2,21,7,40,臺中市,沙鹿區,0,0,0,8,,,30,,,,,,,,,,,,,,,23,,,,,B03,,,1,,2,,,23,,1,22,,B03,120.570756,24.216013,4
2023,2,21,7,40,臺中市,神岡區,0,1,0,8,1,5,50,3,18,1,5,4,5,7,2,1,5,5,5,1,9,43,3,10,1,1,C03,7,5,4,11,2,12,,43,43,2,20,8,C03,120.68432,24.244936,2
2023,2,21,7,40,臺中市,神岡區,0,0,0,8,,,50,,,,,,,,,,,,,,,17,,,,,C03,,,1,,2,,,17,17,1,21,,C03,120.661173,24.259171,3
2023,2,21,7,41,臺中市,豐原區,0,1,0,8,1,5,50,14,9,1,5,4,5,7,4,4,5,4,5,2,18,23,2,9,1,1,C03,7,9,1,10,2,14,,23,23,1,22,8,C03,120.721743,24.253753,2
2023,2,21,7,43,臺中市,北屯區,0,0,0,8,,,40,,,,,,,,,,,,,,,16,,,,,C02,,,1,,1,,,16,,1,21,,C02,120.722002,24.185705,3
2023,2,21,7,43,臺中市,大肚區,0,1,0,8,1,5,60,3,1,1,5,4,5,7,1,1,1,4,4,1,15,25,2,9,1,1,C03,7,9,1,10,2,12,,25,25,1,22,1,C03,120.543067,24.163071,2
2023,2,21,7,44,臺中市,西屯區,0,0,0,8,,,30,,,,,,,,,,,,,,,19,,,,,B03,,,1,,1,,,19,,1,22,,B03,120.649911,24.159049,3
2023,2,21,7,45,臺中市,西區,0,2,0,8,1,5,50,4,1,5,5,4,5,7,1,1,10,5,5,2,15,25,3,10,1,1,C03,7,9,1,10,2,12,,25,25,1,21,8,C03,120.661725,24.144333,2
2023,2,21,7,45,臺中市,大里區,0,1,0,8,1,5,50,4,1,1,5,4,5,7,1,1,10,5,5,2,12,6,3,10,1,1,B03,7,6,1,8,2,5,,6,6,1,9,8,B03,120.694774,24.111463,2
2023,2,21,7,46,臺中市,西屯區,0,2,0,8,1,5,50,3,1,1,5,4,5,7,4,4,10,5,5,2,16,6,2,9,3,4,C03,7,1,1,10,2,15,,6,6,1,22,8,C03,120.594249,24.185336,2
2023,2,21,7,48,臺中市,大里區,0,1,0,8,1,5,30,15,9,1,5,4,5,7,4,4,10,5,5,2,16,6,3,10,3,4,B03,7,1,1,8,2,4,,6,6,1,21,8,B03,120.691748,24.086579,2
2023,2,21,7,48,臺中市,大里區,0,1,0,7,2,5,50,4,2,1,5,4,5,7,1,1,5,2,5,1,16,23,2,9,1,1,C03,7,9,1,10,2,12,,23,23,1,21,1,C03,120.67477,24.114865,2
2023,2,21,7,48,臺中市,神岡區,0,1,0,7,1,5,30,3,1,1,5,4,5,7,4,4,10,5,5,2,17,6,3,10,1,1,C03,7,5,6,10,11,11,,6,6,2,22,8,C03,120.698593,24.267179,2
2023,2,21,7,49,臺中市,豐原區,0,0,0,8,,,50,,,,,,,,,,,,,,,16,,,,,B03,,,1,,2,,,16,,1,21,,B03,120.725756,24.242947,3
2023,2,21,7,50,臺中市,大雅區,0,1,0,8,1,5,50,4,1,1,5,4,5,7,1,1,1,5,5,1,11,8,3,10,1,1,B03,7,5,1,8,2,6,,8,8,1,21,1,B03,120.613486,24.227254,2
2023,2,21,7,52,臺中市,沙鹿區,0,1,0,8,1,5,50,4,2,1,5,4,5,7,1,1,3,3,3,1,9,15,3,10,3,4,B03,7,6,1,8,2,1,,15,15,1,22,8,B03,120.569083,24.256077,2
2023,2,21,7,53,臺中市,南屯區,0,1,0,8,1,5,50,11,9,1,5,4,5,7,4,4,1,4,5,2,18,23,2,9,1,1,C03,7,9,1,10,2,12,,23,23,1,22,8,C03,120.58825,24.149925,2
2023,2,21,7,53,臺中市,北屯區,0,1,0,8,1,5,50,14,9,1,5,4,5,7,4,4,1,4,5,2,13,16,2,9,3,4,C03,7,9,1,10,2,11,,16,16,1,21,8,C03,120.685695,24.171931,2
2023,2,21,7,54,臺中市,太平區,0,0,0,8,,,50,,,,,,,,,,,,,,,6,,,,,C03,,,1,,2,,,6,,1,21,,C03,120.721062,24.15141,3
2023,2,21,7,55,臺中市,大里區,0,1,0,8,1,5,50,14,7,1,5,4,5,7,4,4,5,2,4,2,18,50,2,9,1,1,C03,7,9,1,10,2,14,,50,50,1,20,8,C03,120.686052,24.113378,2
2023,2,21,7,55,臺中市,神岡區,0,2,0,8,1,5,50,3,1,1,5,4,5,7,3,1,5,4,5,1,16,6,2,9,1,1,C03,7,5,1,10,2,14,,6,6,1,21,8,C03,120.694611,24.25277,2
2023,2,21,7,57,臺中市,南屯區,0,2,0,8,1,5,40,14,8,1,5,4,5,7,4,4,9,5,4,1,16,19,2,9,1,1,C03,7,1,1,10,2,14,,19,19,1,22,8,C03,120.612056,24.150083,2
2023,2,21,7,57,臺中市,太平區,0,1,0,8,1,5,50,3,2,1,5,4,5,7,1,1,5,5,4,1,13,16,2,8,1,1,C03,7,9,1,10,2,11,,16,16,1,19,8,C03,120.7069,24.159491,2
2023,2,21,7,58,臺中市,西區,0,0,0,8,,,50,,,,,,,,,,,,,,,8,,,,,C03,,,6,10,1,,,8,8,1,22,,C03,120.668527,24.132092,3
2023,2,21,7,58,臺中市,北區,0,0,0,,,,50,,,,,,,,,,,,,,,23,,,,,B03,,,1,,11,,,23,,1,22,,B03,120.678709,24.147916,3
2023,2,21,7,58,臺中市,西屯區,0,0,0,8,,,30,,,,,,,,,,,,,,,42,,,,,A12,,,1,,9,,,42,,1,22,,A12,120.625034,24.200226,3
2023,2,21,7,59,臺中市,梧棲區,0,1,0,8,1,5,50,14,9,1,5,4,5,7,4,4,5,5,5,2,13,23,3,10,1,1,B03,7,9,1,8,2,5,,23,23,1,9,8,B03,120.5291,24.253235,2
2023,2,21,8,0,臺中市,西屯區,0,2,0,8,1,5,50,14,9,1,5,4,5,7,4,4,10,5,5,2,16,6,2,9,1,1,C03,7,5,3,18,2,13,,6,6,1,22,8,C03,120.607314,24.154982,2
2023,2,21,8,0,臺中市,大安區,0,1,0,8,1,5,50,4,1,1,5,4,5,7,3,1,4,5,5,1,15,6,3,10,1,1,B03,7,9,1,8,2,5,,6,6,1,22,9,B03,120.596311,24.375441,2
2023,2,21,8,1,臺中市,霧峰區,0,0,0,8,,,50,,,,,,,,,,,,,,,23,,,,,B03,,,1,,2,,,23,23,1,22,,B03,120.697843,24.059281,3
2023,2,21,8,2,臺中市,太平區,0,1,0,8,1,5,50,4,1,1,5,4,5,7,3,1,10,5,5,2,16,23,2,8,1,1,C03,7,14,1,10,2,11,,38,23,1,22,8,C03,120.730003,24.10992,2
2023,2,21,8,5,臺中市,清水區,0,1,0,8,1,5,50,4,2,1,5,4,5,7,1,1,1,4,4,2,13,23,2,7,1,1,C03,7,9,4,7,2,11,,23,23,1,22,8,C03,120.570841,24.259079,2
2023,2,21,8,6,臺中市,西屯區,0,2,0,8,1,5,40,4,1,1,5,4,5,7,1,1,10,5,5,2,16,19,2,9,1,1,C03,7,1,1,10,2,14,,19,19,1,22,8,C03,120.657571,24.167776,2
2023,2,21,8,7,臺中市,南屯區,0,0,0,8,,,50,,,,,,,,,,,,,,,23,,,,,B03,,,1,,1,,,23,,1,22,,B03,120.640436,24.137489,3
2023,2,21,8,10,臺中市,西屯區,0,1,0,8,1,5,50,4,1,1,5,4,5,7,1,1,10,5,5,2,16,6,3,10,1,1,B03,7,6,1,8,1,2,,6,6,1,22,8,B03,120.606971,24.169031,2
2023,2,21,8,14,臺中市,西屯區,0,1,0,7,1,5,50,5,1,1,5,4,5,7,2,1,10,5,5,2,16,6,3,10,1,1,C03,7,5,4,10,2,12,,6,6,1,22,8,C03,120.619281,24.168622,2
2023,2,21,8,18,臺中市,西區,0,0,0,8,,,50,,,,,,,,,,,,,,,23,,,,,B03,,,1,,2,,,23,,1,4,,B03,120.657775,24.146748,3
2023,2,21,8,18,臺中市,東區,0,0,0,8,,,50,,,,,,,,,,,,,,,23,,,,,B03,,,1,,2,,,23,,1,5,,B03,120.699357,24.14797,3
2023,2,21,8,21,臺中市,大甲區,0,2,0,8,1,5,60,3,1,1,5,4,5,7,2,1,1,3,4,1,15,25,2,8,1,1,C03,7,9,3,18,2,11,,25,25,1,22,9,C03,120.61873,24.354399,2
2023,2,21,8,25,臺中市,北屯區,0,0,0,8,,,50,,,,,,,,,,,,,,,6,,,,,B03,,,1,,1,,,6,,1,21,,B03,120.66925,24.192365,3
2023,2,21,8,25,臺中市,北屯區,0,0,0,8,,,50,,,,,,,,,,,,,,,16,,,,,B03,,,1,,1,,,16,,1,5,,B03,120.71848,24.161701,3
2023,2,21,8,25,臺中市,西屯區,0,0,0,8,,,40,,,,,,,,,,,,,,,23,,,,,B03,,,1,,1,,,23,,1,12,,B03,120.628401,24.162571,3
2023,2,21,8,29,臺中市,梧棲區,0,2,0,8,1,5,50,14,9,1,5,4,5,7,4,4,5,5,5,2,16,6,2,8,1,1,C03,7,11,1,10,2,14,,6,6,1,9,8,C03,120.539451,24.250198,2
2023,2,21,8,30,臺中市,清水區,0,1,0,8,1,5,30,4,1,1,5,4,5,7,4,4,10,5,5,2,16,6,3,10,1,1,B03,7,6,1,8,2,8,,6,6,1,21,8,B03,120.612831,24.290295,2
2023,2,21,8,35,臺中市,西屯區,0,1,0,8,1,5,30,3,1,1,5,4,5,7,3,1,10,5,5,2,16,6,2,9,1,4,C03,7,9,1,10,1,11,,6,6,1,22,8,C03,120.646462,24.178825,2
2023,2,21,8,40,臺中市,西區,0,1,0,8,1,5,50,14,8,1,5,4,5,7,4,4,1,4,4,2,13,16,2,9,1,1,C03,7,9,1,10,1,11,,16,16,1,21,8,C03,120.660864,24.15905,2
2023,2,21,8,40,臺中市,北屯區,0,1,0,8,1,5,50,4,1,1,5,4,5,7,1,1,10,5,5,2,16,6,3,10,1,1,B03,7,6,1,8,2,5,,6,6,1,21,8,B03,120.720885,24.179685,2
2023,2,21,8,40,臺中市,西屯區,0,0,0,8,,,50,,,,,,,,,,,,,,,42,,,,,B03,,,1,,1,,,42,42,1,22,,B03,120.593991,24.185143,3
2023,2,21,8,41,臺中市,東區,0,0,0,,,,50,,,,,,,,,,,,,,,6,,,,,C03,,,1,,2,,,6,,1,22,,C03,120.69445,24.124533,3
2023,2,21,8,41,臺中市,大里區,0,0,0,8,,,80,,,,,,,,,,,,,,,42,,,,,,,,,,,,,42,,1,,,,120.696998,24.11147,3
2023,2,21,8,42,臺中市,霧峰區,0,0,0,8,,,50,,,,,,,,,,,,,,,18,,,,,B03,,,1,,2,,,18,,1,22,,B03,120.69818,24.060437,3
2023,2,21,8,45,臺中市,南屯區,0,0,0,,,,50,,,,,,,,,,,,,,,42,,,,,C03,,,1,,2,,,42,,1,22,,C03,120.64338,24.138323,3
2023,2,21,8,45,臺中市,北屯區,0,0,0,,,,,,,,,,,,,,,,,,,43,,,,,,,,,,,,,43,,1,,,,120.734653,24.163324,3
2023,2,21,8,46,臺中市,西屯區,0,0,0,8,,,50,,,,,,,,,,,,,,,5,,,,,B03,,,1,,1,,,5,,1,22,,B03,120.611474,24.160631,3
2023,2,21,8,49,臺中市,北屯區,0,0,0,8,,,50,,,,,,,,,,,,,,,23,,,,,B03,,,1,,2,,,23,,1,19,,B03,120.681513,24.192229,3
2023,2,21,8,55,臺中市,西區,0,1,0,8,1,5,50,5,1,1,5,4,5,7,1,1,10,5,5,2,16,8,3,10,1,1,B03,7,5,1,8,2,8,,8,8,1,21,8,B03,120.671996,24.140619,2
2023,2,21,8,58,臺中市,潭子區,0,0,0,8,,,60,,,,,,,,,,,,,,,23,,,,,B03,,,1,,2,,,23,,1,22,,B03,120.705118,24.206386,3
2023,2,21,8,58,臺中市,西區,0,1,0,8,1,5,50,3,1,1,5,4,5,7,4,4,10,5,5,2,16,8,2,9,1,1,C03,7,5,1,10,2,14,12,8,8,1,22,9,C03,120.674808,24.139569,2
2023,2,21,8,58,臺中市,北區,0,1,0,8,1,5,50,3,1,1,5,4,5,7,1,1,10,5,5,2,16,25,3,10,1,1,B03,7,9,1,8,2,8,,25,25,1,20,8,B03,120.68367,24.159075,2
2023,2,21,9,0,臺中市,南屯區,0,1,0,8,1,5,50,3,1,1,5,4,5,7,4,4,9,5,5,2,17,6,3,10,1,1,B03,7,9,1,8,2,15,,6,6,1,22,9,B03,120.638403,24.140541,2
2023,2,21,9,0,臺中市,南屯區,0,0,0,8,,,40,,,,,,,,,,,,,,,23,,,,,B03,,,1,,2,,,23,,1,22,,B03,120.600796,24.154003,3
2023,2,21,9,2,臺中市,南屯區,0,2,0,8,1,5,50,3,1,1,5,4,5,7,4,4,10,5,5,2,16,6,2,9,1,1,C03,7,5,1,10,2,11,,6,6,1,22,8,C03,120.616686,24.154774,2
2023,2,21,9,3,臺中市,潭子區,0,0,0,8,,,40,,,,,,,,,,,,,,,17,,,,,A11,,,1,,2,,,17,,1,22,,A11,120.701394,24.223034,3
2023,2,21,9,4,臺中市,豐原區,0,2,0,8,1,5,50,4,1,1,5,4,5,7,1,1,10,5,5,2,16,6,2,9,1,1,C03,7,5,1,10,2,12,,6,6,1,22,8,C03,120.708861,24.245558,2
2023,2,21,9,9,臺中市,西屯區,0,0,0,8,,,50,,,,,,,,,,,,,,,16,,,,,B03,,,1,,2,,,16,,1,22,,B03,120.657033,24.16173,3
2023,2,21,9,12,臺中市,西屯區,0,1,0,8,1,5,50,3,1,1,5,4,5,7,4,4,3,4,3,2,12,26,3,10,1,1,B03,7,6,1,8,2,6,,26,26,1,22,8,B03,120.62478,24.173274,2