年,月,日,時,分,縣市,區,死,受傷,2-30,天候,光線,道路類別,速限,道路型態,事故位置,路面鋪裝,路面狀態,路面缺陷,障礙物,視距,號誌種類,號誌動作,分向設施,快車道或一般車道間,快慢車道間,路面邊線,事故類型及型態,主要肇因,受傷程度,主要傷處,保護裝備,行動電話,當事者區分,車輛用途,當事者行動狀態,駕駛資格情形,駕駛執照種類,飲酒情形,車輛撞擊部位最初,車輛撞擊部位其他,肇事因素個別,肇事因素主要,肇事逃逸,職業,旅次目的,車種,GPS緯度,GPS經度,事故類別
2023,2,21,15,48,臺中市,豐原區,0,0,0,8,,,50,,,,,,,,,,,,,,,17,,,,,B12,,,1,,2,,,17,,1,22,,B12,120.72421,24.2479,3
2023,2,21,15,49,臺中市,北屯區,0,0,0,8,,,40,,,,,,,,,,,,,,,12,,,,,C03,,,1,,1,,,12,,1,22,,C03,120.669758,24.177678,3
2023,2,21,15,50,臺中市,東勢區,0,2,0,8,1,5,50,14,9,1,5,4,5,7,1,1,5,4,5,1,3,52,2,8,1,1,H01,8,16,8,20,10,16,,52,52,1,22,9,H01,120.829258,24.258841,2
2023,2,21,15,52,臺中市,北區,0,1,0,8,1,5,50,4,1,1,5,4,5,7,1,1,1,2,4,2,13,23,3,10,1,1,B03,7,9,1,8,2,1,,23,23,1,21,8,B03,120.685089,24.161558,2
2023,2,21,15,53,臺中市,南區,0,1,0,8,1,5,30,3,1,1,5,4,5,7,4,4,10,5,5,2,17,6,3,10,3,4,B03,7,6,1,8,2,5,,6,6,1,5,8,B03,120.671013,24.121786,2
2023,2,21,16,0,臺中市,龍井區,0,0,0,8,,,30,,,,,,,,,,,,,,,12,,,,,B12,,,1,,2,,,12,,1,21,,B12,120.592873,24.182083,3
2023,2,21,16,10,臺中市,西屯區,0,0,0,8,,,50,,,,,,,,,,,,,,,23,,,,,B03,,,1,,11,,,23,,1,22,,B03,120.661043,24.171538,3
2023,2,21,16,15,臺中市,南屯區,0,1,0,8,1,5,50,4,1,1,5,4,5,7,2,1,10,5,5,2,16,6,3,10,1,1,C03,7,5,1,10,2,12,,6,6,1,5,8,C03,120.634432,24.155706,2
2023,2,21,16,15,臺中市,沙鹿區,0,0,0,8,,,60,,,,,,,,,,,,,,,7,,,,,B03,,,1,,2,,,7,,1,4,,B03,120.569444,24.23903,3
2023,2,21,16,16,臺中市,大里區,0,0,0,8,,,50,,,,,,,,,,,,,,,23,,,,,B03,,,1,,2,,,23,,1,5,,B03,120.688551,24.104043,3
2023,2,21,16,18,臺中市,大雅區,0,0,0,8,,,50,,,,,,,,,,,,,,,16,,,,,B12,,,1,,2,,,16,,1,22,,B12,120.645611,24.224798,3
2023,2,21,16,20,臺中市,霧峰區,0,0,0,8,,,50,,,,,,,,,,,,,,,9,,,,,B03,,,1,,2,,,9,,1,22,,B03,120.718371,24.079161,3
2023,2,21,16,20,臺中市,大里區,0,0,0,8,,,30,,,,,,,,,,,,,,,17,,,,,B03,,,1,,2,,,17,,1,12,,B03,120.727338,24.090483,3
2023,2,21,16,20,臺中市,沙鹿區,0,0,0,8,,,60,,,,,,,,,,,,,,,23,,,,,B12,,,1,,2,,,23,,1,10,,B12,120.581243,24.206029,3
2023,2,21,16,25,臺中市,南區,0,0,0,,,,30,,,,,,,,,,,,,,,23,,,,,B03,,,1,,9,,,23,,1,5,,B03,120.670471,24.123431,3
2023,2,21,16,27,臺中市,龍井區,0,0,0,8,,,30,,,,,,,,,,,,,,,12,,,,,B12,,,1,,2,,,12,,1,10,,B12,120.575086,24.181523,3
2023,2,21,16,34,臺中市,北區,0,0,0,8,,,50,,,,,,,,,,,,,,,19,,,,,B03,,,1,,11,,,19,19,1,22,,B03,120.675311,24.147429,3
2023,2,21,16,43,臺中市,大雅區,0,1,0,8,1,5,30,3,1,1,5,4,5,7,4,4,10,5,5,2,17,6,3,10,1,1,B03,7,9,1,8,2,15,,6,6,1,23,8,B03,120.628944,24.210923,2
2023,2,21,16,45,臺中市,西區,0,1,0,8,1,5,30,3,9,1,5,4,5,7,4,4,1,4,5,2,16,6,3,10,1,1,B03,7,6,1,8,2,8,,6,6,1,21,8,B03,120.668077,24.130442,2
2023,2,21,16,45,臺中市,沙鹿區,0,0,0,8,,,40,,,,,,,,,,,,,,,18,,,,,B03,,,1,,2,,,18,,1,20,,B03,120.562717,24.237521,3
2023,2,21,16,45,臺中市,豐原區,0,1,0,8,1,5,50,4,1,1,5,4,5,7,3,1,5,5,5,2,15,6,2,8,1,1,C03,7,9,1,10,2,14,,6,6,1,19,8,C03,120.730265,24.248823,2
2023,2,21,16,51,臺中市,太平區,0,2,0,8,1,5,50,14,9,1,5,4,5,7,4,4,5,5,5,2,16,26,2,9,1,1,C03,7,5,1,10,2,12,,26,26,1,21,8,C03,120.716504,24.131546,2
2023,2,21,16,55,臺中市,大里區,0,1,0,8,1,5,50,3,1,1,5,4,5,7,1,1,3,4,4,1,13,23,2,9,1,1,C03,7,9,1,10,2,11,,23,23,1,22,8,C03,120.693165,24.090516,2
2023,2,21,16,55,臺中市,后里區,0,1,0,8,1,5,30,4,1,1,5,4,5,7,4,4,10,5,5,2,16,8,3,10,1,1,B03,7,5,1,8,2,1,,8,8,1,22,8,B03,120.720378,24.30768,2
2023,2,21,16,56,臺中市,北屯區,0,0,0,8,,,40,,,,,,,,,,,,,,,23,,,,,B03,,,5,,2,,,23,,1,21,,B03,120.69209,24.201159,3
2023,2,21,16,57,臺中市,潭子區,0,0,0,8,,,40,,,,,,,,,,,,,,,16,,,,,C03,,,1,,2,,,16,,1,22,,C03,120.690486,24.232369,3
2023,2,21,17,3,臺中市,龍井區,0,0,0,8,,,40,,,,,,,,,,,,,,,4,,,,,B03,,,1,,2,,,4,,1,5,,B03,120.503985,24.210619,3
2023,2,21,17,5,臺中市,北區,0,0,0,8,,,50,,,,,,,,,,,,,,,7,,,,,B03,,,1,,2,,,7,,1,22,,B03,120.690122,24.147387,3
2023,2,21,17,6,臺中市,神岡區,0,1,0,8,1,5,50,15,9,1,5,4,5,7,4,4,5,5,5,2,17,26,3,10,1,1,B02,7,1,1,8,2,4,,26,26,1,22,8,B02,120.655144,24.271848,2
2023,2,21,17,8,臺中市,北區,0,0,0,8,,,50,,,,,,,,,,,,,,,42,,,,,B03,,,1,,2,,,42,,1,20,,B03,120.686266,24.165367,3
2023,2,21,17,9,臺中市,大里區,0,0,0,8,,,50,,,,,,,,,,,,,,,23,,,,,C03,,,1,,2,,,23,,1,12,,C03,120.700316,24.102376,3
2023,2,21,17,10,臺中市,龍井區,0,1,0,8,1,5,70,14,13,1,5,4,5,7,4,4,1,4,4,1,16,6,3,10,1,1,A12,7,6,1,7,2,2,,6,6,1,10,4,A12,120.53958,24.209205,2
2023,2,21,17,15,臺中市,西區,0,0,0,8,,,50,,,,,,,,,,,,,,,7,,,,,B12,,,6,,2,,,7,,1,22,,B12,120.651578,24.146793,3
2023,2,21,17,16,臺中市,北屯區,0,1,0,8,1,5,50,14,9,1,5,4,5,7,1,1,1,4,5,2,16,23,2,9,1,1,C03,7,9,1,10,2,14,,23,23,1,22,8,C03,120.66103,24.18501,2
2023,2,21,17,17,臺中市,后里區,0,1,0,8,1,5,50,4,1,1,5,4,1,7,1,1,10,5,5,2,16,23,2,8,1,1,C04,7,9,2,18,2,11,,23,23,1,22,8,C04,120.71831,24.316156,2
2023,2,21,17,19,臺中市,南屯區,0,1,0,8,1,5,40,14,8,1,5,4,5,7,4,4,1,3,1,2,12,7,2,9,1,1,C03,7,8,1,10,2,12,,7,7,1,22,8,C03,120.622911,24.14554,2
2023,2,21,17,19,臺中市,烏日區,0,1,0,8,1,5,40,14,8,1,5,4,5,7,4,4,1,4,1,1,16,7,3,10,1,1,B03,7,8,1,8,2,2,7,7,7,1,21,8,B03,120.647888,24.085535,2
2023,2,21,17,20,臺中市,西屯區,0,0,0,,,,30,,,,,,,,,,,,,,,23,,,,,A12,,,1,,2,,,23,,1,4,,A12,120.65591,24.156413,3
2023,2,21,17,20,臺中市,霧峰區,0,0,0,8,,,50,,,,,,,,,,,,,,,11,,,,,F03,,,8,,1,,,11,,1,9,,F03,120.71111,24.072915,3
2023,2,21,17,20,臺中市,太平區,0,1,0,8,2,5,50,4,4,1,5,4,5,7,1,1,5,4,5,2,13,23,2,7,1,1,C03,7,9,1,10,2,11,,23,23,1,22,8,C03,120.722183,24.149402,2
2023,2,21,17,20,臺中市,沙鹿區,0,2,0,8,1,5,30,3,1,1,5,4,5,4,4,4,10,5,5,2,11,5,2,9,1,1,C03,7,9,1,10,2,14,,5,5,1,3,1,C03,120.586323,24.225955,2
2023,2,21,17,23,臺中市,北屯區,0,1,0,8,1,5,50,4,1,1,5,4,5,7,1,1,10,5,5,2,16,25,2,9,1,1,C03,7,1,1,10,2,11,,25,25,1,21,8,C03,120.692635,24.173711,2
2023,2,21,17,23,臺中市,西屯區,0,1,0,8,1,5,30,4,2,1,5,4,5,7,4,4,8,3,5,1,17,6,3,10,1,1,C03,7,5,1,10,2,13,,6,6,1,22,8,C03,120.619713,24.181876,2
2023,2,21,17,23,臺中市,大里區,0,1,0,8,1,5,50,3,1,1,5,4,5,7,4,4,10,5,5,1,16,8,3,10,1,1,B11,7,5,1,8,2,7,,8,8,1,5,8,B11,120.684736,24.11817,2
2023,2,21,17,25,臺中市,清水區,0,0,0,,,,50,,,,,,,,,,,,,,,7,,,,,B03,,,1,,1,,,7,,1,5,,B03,120.561789,24.272255,3
2023,2,21,17,27,臺中市,西區,0,1,0,8,1,5,50,3,1,1,5,4,5,7,4,4,5,4,5,2,3,51,2,9,4,5,H01,8,16,8,20,10,16,,51,51,1,22,8,H01,120.656751,24.150871,2
2023,2,21,17,27,臺中市,北區,0,2,0,8,1,5,50,4,1,1,5,4,5,7,4,4,5,5,5,2,3,51,2,8,4,5,H01,8,20,8,20,2,16,,51,51,1,20,8,H01,120.681073,24.147463,2
2023,2,21,17,27,臺中市,西屯區,0,0,0,8,,,50,,,,,,,,,,,,,,,12,,,,,B03,,,1,,1,,,12,,1,4,,B03,120.641598,24.168191,3
2023,2,21,17,28,臺中市,北區,0,0,0,,,,50,,,,,,,,,,,,,,,23,,,,,B03,,,1,,1,,,23,,1,5,,B03,120.680765,24.160521,3
2023,2,21,17,28,臺中市,南屯區,0,1,0,8,1,5,50,3,1,1,5,4,5,7,1,1,5,5,5,2,16,8,3,10,1,1,B03,7,5,1,8,2,5,,8,8,1,22,8,B03,120.610517,24.144119,2
2023,2,21,17,30,臺中市,西屯區,0,0,0,8,,,50,,,,,,,,,,,,,,,7,,,,,B03,,,1,,2,,,7,,1,22,,B03,120.63905,24.15869,3
2023,2,21,17,30,臺中市,大里區,0,1,0,8,2,5,50,4,1,1,5,4,5,7,1,1,10,5,5,2,16,25,2,9,1,1,C03,7,9,1,10,2,11,,25,25,1,12,1,C03,120.676006,24.098586,2
2023,2,21,17,30,臺中市,霧峰區,0,0,0,8,,,40,,,,,,,,,,,,,,,6,,,,,B03,,,1,,2,,,6,6,1,9,,B03,120.692218,24.072123,3
2023,2,21,17,31,臺中市,西屯區,0,1,0,8,1,5,50,3,2,1,5,4,5,7,2,1,8,3,5,1,17,43,2,9,1,1,C03,7,5,1,10,2,14,,43,43,1,22,8,C03,120.602633,24.182917,2
2023,2,21,17,31,臺中市,烏日區,0,0,0,8,,,60,,,,,,,,,,,,,,,26,,,,,B03,,,1,,2,,,26,,1,5,,B03,120.638018,24.107838,3
2023,2,21,17,35,臺中市,北區,0,1,0,8,1,5,50,15,9,1,5,4,5,7,4,4,9,5,5,2,16,23,2,9,1,1,C03,7,9,1,10,2,15,,23,16,1,22,9,C03,120.683652,24.152216,2
2023,2,21,17,35,臺中市,霧峰區,0,0,0,8,,,30,,,,,,,,,,,,,,,16,,,,,C03,,,1,,2,,,16,,1,12,,C03,120.666035,24.037267,3
2023,2,21,17,35,臺中市,沙鹿區,0,0,0,8,,,60,,,,,,,,,,,,,,,16,,,,,B12,,,1,,2,,,16,,1,4,,B12,120.558013,24.21141,3
2023,2,21,17,36,臺中市,南屯區,0,0,0,8,,,30,,,,,,,,,,,,,,,11,,,,,C03,,,1,,2,,,11,11,1,12,,C03,120.643808,24.151818,3
2023,2,21,17,40,臺中市,太平區,0,0,0,8,,,80,,,,,,,,,,,,,,,23,,,,,A11,,,1,,2,,,23,,1,21,,A11,120.710725,24.141557,3
2023,2,21,17,45,臺中市,霧峰區,0,0,0,8,,,50,,,,,,,,,,,,,,,18,,,,,B03,,,1,,2,,,18,,1,22,,B03,120.69848,24.063625,3
2023,2,21,17,46,臺中市,外埔區,0,1,0,8,2,5,30,3,1,1,5,4,5,7,4,4,10,5,5,1,16,23,3,10,1,1,B12,7,5,1,8,2,5,,23,23,1,22,8,B12,120.642314,24.341862,2
2023,2,21,17,47,臺中市,大里區,0,2,0,8,3,5,40,14,8,1,5,4,5,7,4,4,1,4,4,1,13,23,2,9,1,1,C03,7,9,3,18,2,11,,23,23,1,5,8,C03,120.675711,24.103163,2
2023,2,21,17,50,臺中市,南屯區,0,0,0,,,,50,,,,,,,,,,,,,,,26,,,,,B03,,,1,,2,,,26,,1,22,,B03,120.612254,24.150463,3
2023,2,21,17,50,臺中市,北屯區,0,1,0,8,2,5,50,4,1,1,5,4,5,7,4,4,10,5,5,2,15,6,2,9,1,1,C03,7,9,1,10,2,12,,6,6,1,22,8,C03,120.717221,24.17097,2
2023,2,21,17,55,臺中市,南屯區,0,2,0,8,3,5,30,3,1,1,5,4,5,7,4,4,10,5,5,2,16,6,2,9,3,4,C03,7,5,1,10,2,14,,6,6,1,22,8,C03,120.635597,24.132658,2
2023,2,21,17,55,臺中市,大里區,0,0,0,8,,,50,,,,,,,,,,,,,,,23,,,,,B03,,,6,,2,,,23,,1,5,,B03,120.668853,24.096909,3
2023,2,21,17,55,臺中市,梧棲區,0,1,0,8,1,5,40,3,1,1,5,4,5,7,1,1,10,5,5,2,17,23,2,9,3,4,C03,7,9,2,18,2,14,,23,23,1,22,8,C03,120.544313,24.247152,2
2023,2,21,17,58,臺中市,北屯區,0,1,0,8,2,5,50,4,2,1,5,4,5,7,2,1,1,4,5,1,16,25,3,10,1,1,B03,7,9,6,10,11,5,,25,25,1,21,8,B03,120.685146,24.172115,2
2023,2,21,18,2,臺中市,北屯區,0,2,0,8,3,5,40,3,2,1,5,4,5,7,4,4,5,5,4,2,12,40,3,10,1,1,B03,7,13,1,8,2,4,,40,40,1,21,8,B03,120.74104,24.178823,2
2023,2,21,18,5,臺中市,沙鹿區,0,0,0,8,,,50,,,,,,,,,,,,,,,23,,,,,B03,,,1,,2,,,23,23,1,9,,B03,120.574446,24.227371,3
2023,2,21,18,9,臺中市,北區,0,2,0,8,3,5,50,4,2,1,5,4,5,7,2,1,2,4,4,2,13,23,2,8,1,1,C03,7,9,1,10,2,11,,23,23,1,21,8,C03,120.689717,24.157792,2
2023,2,21,18,11,臺中市,北屯區,0,0,0,8,,,80,,,,,,,,,,,,,,,16,,,,,B03,,,1,,1,,,16,,1,21,,B03,120.722511,24.189025,3
2023,2,21,18,12,臺中市,北屯區,0,0,0,8,,,50,,,,,,,,,,,,,,,23,,,,,B03,,,1,,1,,,23,,1,22,,B03,120.700414,24.178991,3
2023,2,21,18,13,臺中市,南區,0,0,0,8,,,50,,,,,,,,,,,,,,,23,,,,,B03,,,1,,2,,,23,,1,22,,B03,120.669138,24.114546,3
2023,2,21,18,14,臺中市,西區,0,0,0,8,,,50,,,,,,,,,,,,,,,7,,,,,B03,,,1,,2,,,7,,1,5,,B03,120.657256,24.150888,3
2023,2,21,18,14,臺中市,西屯區,0,0,0,8,,,80,,,,,,,,,,,,,,,23,,,,,B03,,,1,,1,,,23,23,1,22,,B03,120.627813,24.160943,3
2023,2,21,18,14,臺中市,太平區,0,0,0,8,,,50,,,,,,,,,,,,,,,23,,,,,B03,,,1,,2,,,23,,1,22,,B03,120.719902,24.116655,3
2023,2,21,18,14,臺中市,沙鹿區,0,1,0,8,1,5,60,5,1,1,5,4,5,7,2,1,10,5,5,2,16,6,3,10,1,1,B03,7,5,1,8,2,2,,6,6,1,9,9,B03,120.569722,24.237207,2
2023,2,21,18,15,臺中市,神岡區,0,0,0,8,,,40,,,,,,,,,,,,,,,12,,,,,B03,,,1,,2,,,12,,1,22,,B03,120.702535,24.262701,3
2023,2,21,18,16,臺中市,北區,0,1,0,8,3,5,50,4,1,1,5,4,5,7,1,1,5,4,5,2,16,19,3,10,1,1,B03,7,1,1,8,2,8,,19,19,1,21,8,B03,120.680949,24.15816,2
2023,2,21,18,16,臺中市,龍井區,0,0,0,8,,,40,,,,,,,,,,,,,,,42,,,,,B12,,,6,,2,,,42,42,1,21,,B12,120.573641,24.18554,3
2023,2,21,18,17,臺中市,南屯區,0,1,0,8,3,5,50,3,1,1,5,4,5,7,4,4,10,5,5,2,16,26,2,8,1,1,C03,7,9,1,10,2,11,14,44,26,1,5,8,C03,120.633681,24.152381,2
2023,2,21,18,20,臺中市,梧棲區,0,0,0,,,,40,,,,,,,,,,,,,,,6,,,,,B12,,,1,,2,,,6,,1,4,,B12,120.548449,24.241237,3
2023,2,21,18,20,臺中市,大甲區,0,0,0,8,,,60,,,,,,,,,,,,,,,23,,,,,B03,,,1,,1,,,23,,1,22,,B03,120.617322,24.346503,3
2023,2,21,18,23,臺中市,西屯區,0,0,0,8,,,70,,,,,,,,,,,,,,,16,,,,,B03,,,1,,1,,,16,,1,1,,B03,120.619111,24.181355,3
2023,2,21,18,23,臺中市,大里區,0,2,0,8,3,5,50,3,1,1,5,4,5,7,4,4,10,5,5,1,16,8,2,9,1,1,F03,7,5,8,20,2,16,,8,8,1,5,8,F03,120.692073,24.110756,2
2023,2,21,18,24,臺中市,東區,0,2,0,7,3,5,50,3,1,1,5,4,5,7,4,4,10,5,5,2,16,23,2,9,1,1,C03,7,5,1,10,2,11,,23,23,1,22,8,C03,120.688776,24.12462,2
2023,2,21,18,24,臺中市,南屯區,0,2,0,8,3,5,50,4,1,1,5,4,5,7,2,1,3,3,5,2,15,42,2,9,1,1,C03,7,9,1,10,2,12,14,42,42,1,22,8,C03,120.635353,24.151048,2
2023,2,21,18,29,臺中市,西屯區,0,1,0,8,1,5,50,3,1,1,5,4,5,7,1,1,8,4,5,1,16,6,2,9,1,4,C03,7,5,1,10,2,13,,6,6,1,4,8,C03,120.622206,24.191546,2
2023,2,21,18,29,臺中市,西屯區,0,0,0,8,,,50,,,,,,,,,,,,,,,12,,,,,B12,,,1,,1,,,12,,1,22,,B12,120.61838,24.187428,3
2023,2,21,18,33,臺中市,南屯區,0,1,0,8,3,5,50,3,1,1,5,4,5,7,4,4,5,5,5,2,16,6,2,9,1,1,C03,7,5,3,18,2,12,,6,6,1,22,8,C03,120.615066,24.14662,2
2023,2,21,18,34,臺中市,北屯區,0,2,0,8,3,5,50,4,1,1,5,4,5,7,4,4,10,5,5,2,15,6,2,9,1,1,C03,7,9,3,18,2,12,,6,6,1,22,8,C03,120.700801,24.185261,2
2023,2,21,18,38,臺中市,南區,0,0,0,8,,,50,,,,,,,,,,,,,,,23,,,,,C03,,,1,,2,,,23,,1,22,,C03,120.677155,24.12432,3
2023,2,21,18,38,臺中市,大里區,0,0,0,8,,,50,,,,,,,,,,,,,,,7,,,,,B12,,,1,,2,,,7,,1,5,,B12,120.68914,24.119718,3
2023,2,21,18,40,臺中市,沙鹿區,0,1,0,8,3,5,50,14,7,1,5,4,5,7,4,4,5,5,4,2,16,7,3,10,1,1,C03,7,8,1,10,1,12,,7,7,1,4,5,C03,120.576371,24.224664,2
2023,2,21,18,41,臺中市,南屯區,0,1,0,8,3,5,50,4,1,1,5,4,5,7,2,1,1,2,5,2,13,16,3,10,1,1,C03,7,12,1,10,2,11,,16,16,1,18,8,C03,120.646629,24.140096,2
2023,2,21,18,43,臺中市,烏日區,0,0,0,8,,,30,,,,,,,,,,,,,,,17,,,,,B03,,,1,,2,,,17,,1,21,,B03,120.647563,24.054414,3
2023,2,21,18,44,臺中市,東區,0,1,0,8,2,5,50,4,1,1,5,4,5,7,2,1,10,5,5,2,16,6,3,10,1,1,B03,7,6,1,8,2,2,,6,6,1,5,8,B03,120.689186,24.142917,2
2023,2,21,18,45,臺中市,霧峰區,0,1,0,8,3,5,50,3,1,1,5,4,5,7,4,4,9,5,5,1,29,23,2,9,1,1,C03,7,9,2,18,2,11,,23,23,1,22,8,C03,120.65426,24.038566,2
2023,2,21,18,47,臺中市,西屯區,0,1,0,8,3,5,30,4,2,1,5,4,5,7,3,1,1,3,5,1,17,6,3,10,1,1,B03,7,9,1,8,2,5,,6,6,1,22,8,B03,120.645896,24.191409,2
2023,2,21,18,48,臺中市,南區,0,1,0,8,2,5,50,3,2,1,5,4,5,7,1,1,5,5,4,2,16,26,3,10,1,1,C03,7,5,6,10,2,12,,26,26,1,5,8,C03,120.650654,24.108716,2
2023,2,21,18,48,臺中市,龍井區,0,2,0,8,3,5,50,3,1,1,5,4,5,7,4,4,9,4,5,2,16,23,2,9,1,1,C03,7,9,1,10,2,11,,23,23,1,22,8,C03,120.590054,24.180965,2
2023,2,21,18,49,臺中市,東區,0,1,0,8,3,5,40,4,1,1,5,4,5,7,2,1,10,5,5,2,16,26,2,9,3,4,F01,7,5,8,20,2,16,,26,26,1,22,8,F01,120.705851,24.129265,2
2023,2,21,18,49,臺中市,南屯區,0,0,0,8,,,60,,,,,,,,,,,,,,,7,,,,,B03,,,1,,1,,,7,,1,22,,B03,120.623449,24.1484,3
2023,2,21,18,49,臺中市,西屯區,0,0,0,8,,,50,,,,,,,,,,,,,,,16,,,,,B03,,,1,,1,,,16,,1,22,,B03,120.645354,24.165356,3
2023,2,21,18,54,臺中市,南屯區,0,0,0,8,,,50,,,,,,,,,,,,,,,16,,,,,B03,,,1,,1,,,16,,1,5,,B03,120.636357,24.148471,3
2023,2,21,18,56,臺中市,西區,0,1,0,8,3,5,50,14,9,1,5,4,5,7,4,4,4,4,5,2,13,23,3,10,1,1,A04,7,9,1,2,2,5,,23,23,1,10,8,A04,120.661644,24.142406,2
2023,2,21,18,56,臺中市,南屯區,0,0,0,,,,50,,,,,,,,,,,,,,,38,,,,,,,,,,,,,43,38,1,,,,120.637885,24.149388,3
2023,2,21,19,0,臺中市,南屯區,0,1,0,8,3,5,50,14,9,1,5,4,5,7,4,4,5,5,5,2,13,16,3,10,1,1,B03,7,9,1,8,2,5,,16,16,1,5,8,B03,120.640528,24.138305,2
2023,2,21,19,0,臺中市,北屯區,0,1,0,8,3,5,50,4,2,1,5,4,5,7,2,1,5,4,4,1,16,25,2,9,1,1,C03,7,5,1,10,2,12,,25,25,1,21,8,C03,120.719181,24.175011,2
2023,2,21,19,1,臺中市,大里區,0,0,0,8,,,30,,,,,,,,,,,,,,,12,,,,,B03,,,1,,2,,,12,,1,5,,B03,120.679043,24.1117,3
2023,2,21,19,2,臺中市,西屯區,0,1,0,8,3,5,50,4,1,1,5,4,5,7,4,4,10,5,5,2,17,42,2,9,1,1,C03,7,9,1,10,2,14,,42,42,1,22,8,C03,120.644318,24.178484,2
2023,2,21,19,4,臺中市,西屯區,0,0,0,8,,,50,,,,,,,,,,,,,,,43,,,,,C03,,,1,,1,,,43,,1,1,,C03,120.644591,24.18508,3
2023,2,21,19,11,臺中市,神岡區,0,0,0,8,,,50,,,,,,,,,,,,,,,26,,,,,B03,,,1,,1,,,26,,1,22,,B03,120.694611,24.248409,3
2023,2,21,19,14,臺中市,南區,0,2,0,7,3,5,50,4,1,1,5,4,5,7,1,1,10,5,5,2,16,23,2,9,1,1,C03,7,9,1,10,2,11,,23,23,1,22,8,C03,120.679735,24.133071,2
2023,2,21,19,17,臺中市,大甲區,0,0,0,8,,,50,,,,,,,,,,,,,,,6,,,,,C03,,,1,,1,,,6,,1,21,,C03,120.625075,24.346193,3
2023,2,21,19,21,臺中市,北區,0,1,0,8,3,5,50,5,1,1,5,4,5,7,1,1,10,5,5,2,13,16,3,10,3,4,B03,7,9,1,8,2,5,,16,16,1,5,8,B03,120.686284,24.154864,2
2023,2,21,19,23,臺中市,梧棲區,0,1,0,8,3,5,40,3,1,1,5,4,5,7,4,4,1,4,4,2,16,6,2,9,1,1,C03,7,6,1,10,2,13,,6,6,1,4,8,C03,120.532238,24.260284,2
2023,2,21,19,31,臺中市,北區,0,1,0,8,3,5,40,14,8,1,5,4,5,7,4,4,9,4,4,2,2,42,3,10,1,1,C03,7,9,1,10,2,11,,42,42,1,22,8,C03,120.690003,24.152656,2
2023,2,21,19,32,臺中市,大里區,0,0,0,,,,50,,,,,,,,,,,,,,,12,,,,,B03,,,1,,2,,,12,,1,22,,B03,120.69168,24.089378,3
2023,2,21,19,34,臺中市,北屯區,0,0,0,8,,,50,,,,,,,,,,,,,,,23,,,,,B03,,,1,,1,,,23,,1,21,,B03,120.721793,24.181596,3
2023,2,21,19,34,臺中市,西屯區,0,2,0,8,3,5,50,4,2,1,5,4,5,7,2,1,1,3,4,1,17,26,2,9,1,1,C03,7,9,1,10,2,12,,26,26,1,22,8,C03,120.624776,24.181814,2
2023,2,21,19,40,臺中市,霧峰區,0,2,0,8,3,5,50,4,1,1,5,4,5,7,1,1,10,5,5,2,16,23,3,10,1,1,C03,7,9,1,10,2,11,,23,23,1,18,8,C03,120.698572,24.063358,2
2023,2,21,19,43,臺中市,沙鹿區,0,0,0,8,,,50,,,,,,,,,,,,,,,23,,,,,B03,,,1,,2,,,23,,1,21,,B03,120.55762,24.234437,3
2023,2,21,19,47,臺中市,大里區,0,1,0,8,3,5,50,3,1,1,5,4,5,7,3,1,9,5,4,2,12,17,3,10,1,1,B03,7,9,1,8,2,2,,17,17,1,22,8,B03,120.696306,24.086751,2
2023,2,21,19,57,臺中市,太平區,0,0,0,8,,,80,,,,,,,,,,,,,,,16,,,,,B12,,,1,,2,,,16,,1,9,,B12,120.717242,24.15651,3
2023,2,21,19,58,臺中市,西屯區,0,0,0,8,,,30,,,,,,,,,,,,,,,12,,,,,B03,,,1,,2,,,12,,1,4,,B03,120.638111,24.169183,3
2023,2,21,20,0,臺中市,北屯區,0,1,0,8,3,5,50,14,7,1,5,4,5,7,4,4,5,5,4,2,16,26,4,11,1,1,C04,7,11,6,10,2,11,,26,26,1,22,8,C04,120.667341,24.178313,2
2023,2,21,20,15,臺中市,西區,0,1,0,8,3,5,50,4,1,1,5,4,5,7,1,1,1,4,3,2,12,7,2,9,1,1,C03,7,10,1,10,2,14,,7,7,1,22,8,C03,120.673517,24.147762,2
2023,2,21,20,19,臺中市,北區,0,1,0,8,1,5,50,4,1,1,5,4,5,7,2,1,5,5,5,2,16,19,2,8,1,1,C01,7,1,1,9,2,11,,19,19,1,21,8,C01,120.676852,24.155758,2
2023,2,21,20,27,臺中市,太平區,0,0,0,8,,,50,,,,,,,,,,,,,,,12,,,,,B03,,,1,,1,,,12,,1,22,,B03,120.715194,24.147152,3
2023,2,21,20,28,臺中市,南區,0,0,0,,,,50,,,,,,,,,,,,,,,23,,,,,C03,,,1,,2,,,23,,1,5,,C03,120.650118,24.120638,3
2023,2,21,20,34,臺中市,梧棲區,0,2,0,8,3,5,50,14,8,1,5,4,5,7,4,4,5,4,4,2,3,52,2,9,4,5,H01,8,16,8,20,10,16,,52,52,1,4,8,H01,120.532568,24.259338,2
2023,2,21,20,35,臺中市,南區,0,0,0,8,,,40,,,,,,,,,,,,,,,12,,,,,B03,,,1,8,2,,,12,12,1,5,,B03,120.660696,24.11642,3
2023,2,21,20,35,臺中市,清水區,0,1,0,8,3,5,50,4,1,1,5,4,5,7,1,1,10,5,5,2,13,23,2,9,1,1,C03,7,9,1,10,2,11,,23,23,1,5,1,C03,120.574345,24.266405,2