年,月,日,時,分,縣市,區,死,受傷,2-30,天候,光線,道路類別,速限,道路型態,事故位置,路面鋪裝,路面狀態,路面缺陷,障礙物,視距,號誌種類,號誌動作,分向設施,快車道或一般車道間,快慢車道間,路面邊線,事故類型及型態,主要肇因,受傷程度,主要傷處,保護裝備,行動電話,當事者區分,車輛用途,當事者行動狀態,駕駛資格情形,駕駛執照種類,飲酒情形,車輛撞擊部位最初,車輛撞擊部位其他,肇事因素個別,肇事因素主要,肇事逃逸,職業,旅次目的,車種,GPS緯度,GPS經度,事故類別
2023,2,22,10,20,臺中市,南屯區,0,1,0,8,1,5,50,3,1,1,5,4,5,7,1,1,9,5,5,2,17,6,3,10,1,1,B03,7,9,1,8,2,1,,6,6,1,22,9,B03,120.632951,24.137718,2
2023,2,22,10,20,臺中市,西屯區,0,0,0,8,,,50,,,,,,,,,,,,,,,44,,,,,B03,,,1,,1,,,44,44,1,22,,B03,120.650151,24.162716,3
2023,2,22,10,23,臺中市,北區,0,0,0,8,,,50,,,,,,,,,,,,,,,12,,,,,B12,,,1,,1,,,12,,1,5,,B12,120.676658,24.151965,3
2023,2,22,10,23,臺中市,南屯區,0,1,0,8,1,5,50,4,1,1,5,4,5,7,2,1,5,4,5,2,12,9,2,9,3,4,C03,7,6,1,10,2,12,,9,9,1,22,9,C03,120.633946,24.146191,2
2023,2,22,10,25,臺中市,北屯區,0,0,0,8,,,40,,,,,,,,,,,,,,,12,,,,,B12,,,3,,1,,,12,,1,22,,B12,120.741485,24.178091,3
2023,2,22,10,28,臺中市,中區,0,1,0,8,1,5,50,3,1,1,5,4,5,5,4,4,10,5,5,2,16,6,3,10,1,1,C03,7,5,1,10,1,12,,6,6,1,5,8,C03,120.679184,24.142086,2
2023,2,22,10,28,臺中市,南屯區,0,0,0,8,,,50,,,,,,,,,,,,,,,17,,,,,B12,,,1,,11,,,17,17,2,22,,B12,120.608861,24.135526,3
2023,2,22,10,28,臺中市,西屯區,0,0,0,8,,,1,,,,,,,,,,,,,,,12,,,,,C03,,,1,,2,,,12,,1,22,,C03,120.617021,24.182884,4
2023,2,22,10,35,臺中市,北屯區,0,1,0,8,1,5,50,14,9,1,5,4,5,7,4,4,3,2,5,2,12,23,3,10,1,1,B03,7,9,1,8,2,5,,23,23,1,21,8,B03,120.697215,24.17058,2
2023,2,22,10,39,臺中市,北屯區,0,0,0,8,,,50,,,,,,,,,,,,,,,23,,,,,B03,,,1,,1,,,23,,1,21,,B03,120.686307,24.180677,3
2023,2,22,10,40,臺中市,沙鹿區,0,0,0,8,,,60,,,,,,,,,,,,,,,7,,,,,A41,,,1,,2,,,7,,1,10,,A41,120.581286,24.21005,3
2023,2,22,10,44,臺中市,霧峰區,0,1,0,8,1,5,50,3,1,1,5,4,5,7,1,1,10,5,5,2,16,9,3,10,1,1,B03,7,6,1,8,2,5,,9,9,1,22,8,B03,120.699197,24.068843,2
2023,2,22,10,46,臺中市,北區,0,0,0,,,,50,,,,,,,,,,,,,,,9,,,,,B03,,,1,,11,,,9,,1,22,,B03,120.676852,24.155758,3
2023,2,22,10,52,臺中市,南屯區,0,1,0,8,1,5,50,3,1,1,5,4,5,7,1,1,3,4,4,2,9,15,3,10,1,1,B03,7,5,1,8,2,1,,15,15,1,22,8,B03,120.653177,24.130743,2
2023,2,22,10,53,臺中市,大里區,0,1,0,8,1,5,50,11,8,1,5,4,5,7,1,1,5,5,4,2,13,23,2,8,1,1,C03,7,9,1,10,2,11,,23,23,1,19,1,C03,120.694801,24.112933,2
2023,2,22,10,53,臺中市,烏日區,0,1,0,8,1,5,50,14,9,1,5,4,5,7,4,4,5,4,5,2,12,26,3,10,3,4,B03,7,5,1,8,2,4,,26,26,1,21,9,B03,120.597805,24.109853,2
2023,2,22,10,55,臺中市,大雅區,0,0,0,8,,,50,,,,,,,,,,,,,,,17,,,,,C03,,,1,,9,,,17,,2,22,,C03,120.649197,24.216298,3
2023,2,22,11,0,臺中市,大雅區,0,0,0,8,,,50,,,,,,,,,,,,,,,12,,,,,B02,,,1,,2,,,12,,1,22,,B02,120.668965,24.22056,3
2023,2,22,11,0,臺中市,太平區,0,0,0,8,,,50,,,,,,,,,,,,,,,23,,,,,B03,,,1,,2,,,23,,1,5,,B03,120.705853,24.148529,3
2023,2,22,11,0,臺中市,龍井區,0,1,0,8,1,5,30,3,2,1,5,4,5,7,4,4,10,5,5,2,16,8,3,10,1,1,C03,7,5,1,8,2,12,,8,8,1,5,8,C03,120.589998,24.179105,2
2023,2,22,11,1,臺中市,南區,0,1,0,8,1,5,50,4,1,1,5,4,5,7,2,1,5,5,5,2,16,6,3,10,1,1,B03,7,6,1,8,2,2,,6,6,1,3,5,B03,120.653348,24.126574,2
2023,2,22,11,10,臺中市,南屯區,0,0,0,,,,50,,,,,,,,,,,,,,,23,,,,,B03,,,1,,1,,,23,,1,22,,B03,120.631006,24.141033,3
2023,2,22,11,13,臺中市,東區,0,0,0,,,,50,,,,,,,,,,,,,,,23,,,,,B03,,,1,,2,,,23,,1,22,,B03,120.700219,24.140677,3
2023,2,22,11,18,臺中市,太平區,0,2,0,8,1,5,50,4,2,1,5,4,5,7,1,1,5,2,5,2,13,23,2,8,1,1,C03,7,9,1,10,2,11,,23,23,1,16,5,C03,120.708683,24.128237,2
2023,2,22,11,19,臺中市,潭子區,0,0,0,8,,,50,,,,,,,,,,,,,,,23,,,,,B03,,,1,,2,,,23,,1,22,,B03,120.692786,24.227738,3
2023,2,22,11,19,臺中市,梧棲區,0,1,0,8,1,5,50,4,1,1,5,4,5,7,4,4,10,5,5,1,16,6,2,9,3,4,C03,7,5,3,18,2,14,,6,6,1,22,8,C03,120.536166,24.245876,2
2023,2,22,11,20,臺中市,潭子區,0,1,0,8,1,5,50,5,1,1,5,4,5,7,2,1,10,5,5,2,16,26,2,9,1,1,C03,7,9,1,10,2,14,,26,26,1,22,8,C03,120.702514,24.193999,2
2023,2,22,11,20,臺中市,北屯區,0,0,0,8,,,50,,,,,,,,,,,,,,,7,,,,,A11,,,1,,2,,,7,7,1,10,,A11,120.68624,24.188258,3
2023,2,22,11,20,臺中市,豐原區,0,0,0,8,,,50,,,,,,,,,,,,,,,23,,,,,A11,,,1,,2,,,23,,1,22,,A11,120.731808,24.241901,3
2023,2,22,11,24,臺中市,西區,0,0,0,8,1,5,50,14,9,1,5,4,5,7,4,4,5,5,5,2,14,12,,,,,B03,,,1,,2,,,12,,1,21,,B03,120.660988,24.15748,3
2023,2,22,11,29,臺中市,沙鹿區,0,1,0,8,1,5,30,14,9,1,5,4,5,7,4,4,10,3,5,1,9,42,2,9,3,4,C03,7,9,1,10,2,14,,42,42,1,22,8,C03,120.562119,24.24853,2
2023,2,22,11,33,臺中市,南區,0,0,0,,,,50,,,,,,,,,,,,,,,23,,,,,C03,,,1,,2,,,8,23,1,22,,C03,120.659591,24.126138,3
2023,2,22,11,35,臺中市,南區,0,1,0,8,1,5,50,4,1,1,5,4,5,7,4,4,10,5,5,2,15,6,3,10,1,1,C03,7,9,1,10,2,11,,6,6,1,22,8,C03,120.674361,24.129308,2
2023,2,22,11,35,臺中市,霧峰區,0,1,0,8,1,5,40,4,1,1,5,4,5,7,1,1,10,5,5,2,15,25,3,10,1,1,B12,7,9,1,8,2,2,,25,25,1,9,8,B12,120.662522,24.072078,2
2023,2,22,11,36,臺中市,豐原區,0,0,0,8,,,30,,,,,,,,,,,,,,,14,,,,,C03,,,1,,2,,,14,,1,22,,C03,120.711543,24.237161,3
2023,2,22,11,38,臺中市,南屯區,0,1,0,8,1,5,50,14,9,1,5,4,5,7,4,4,5,5,5,2,16,7,2,9,1,1,C03,7,8,1,10,2,12,,7,7,1,22,8,C03,120.611719,24.13854,2
2023,2,22,11,39,臺中市,西屯區,0,1,0,8,1,5,50,14,9,1,5,4,5,7,4,4,9,5,5,2,18,43,2,7,1,1,C03,7,9,1,10,2,12,,43,43,1,21,8,C03,120.594741,24.16445,2
2023,2,22,11,39,臺中市,梧棲區,0,1,0,8,1,5,50,14,9,1,5,4,5,7,3,1,10,5,5,2,13,16,2,8,1,1,C03,7,9,1,10,2,11,,16,16,1,5,8,C03,120.538839,24.250388,2
2023,2,22,11,40,臺中市,北屯區,0,1,0,8,1,5,50,14,8,1,5,4,5,7,4,4,5,4,4,2,13,16,3,10,1,1,C03,7,9,1,10,2,11,,16,16,1,22,8,C03,120.715483,24.174568,2
2023,2,22,11,40,臺中市,后里區,0,1,0,8,1,5,50,14,7,1,5,4,5,7,4,4,9,4,4,1,18,67,,,,,,,,,,,,,67,67,1,,,,120.707645,24.311333,2
2023,2,22,11,42,臺中市,西屯區,0,0,0,8,,,50,,,,,,,,,,,,,,,16,,,,,B12,,,1,,1,,,16,,1,22,,B12,120.650297,24.163835,3
2023,2,22,11,45,臺中市,北區,0,1,0,8,1,5,50,4,1,1,5,4,5,7,3,1,5,5,5,2,15,6,3,10,1,1,B11,7,9,1,4,2,7,,6,6,1,5,8,B11,120.697361,24.156714,2
2023,2,22,11,50,臺中市,沙鹿區,0,0,0,8,,,40,,,,,,,,,,,,,,,18,,,,,B03,,,1,,1,,,18,,1,4,,B03,120.563479,24.2376,3
2023,2,22,11,54,臺中市,西屯區,0,0,0,8,,,40,,,,,,,,,,,,,,,23,,,,,B03,,,1,,1,,,23,23,1,22,,B03,120.642788,24.166208,3
2023,2,22,11,57,臺中市,大里區,0,0,0,8,,,50,,,,,,,,,,,,,,,23,,,,,B03,,,1,,2,,,23,,1,22,,B03,120.694671,24.100828,3
2023,2,22,11,58,臺中市,北區,0,0,0,8,,,50,,,,,,,,,,,,,,,26,,,,,B03,,,1,,2,,,26,,1,22,,B03,120.673198,24.167498,3
2023,2,22,12,0,臺中市,大里區,0,1,0,8,1,5,50,4,2,1,5,4,5,7,1,1,10,5,5,2,16,6,3,10,1,1,B12,7,5,1,8,2,1,,6,6,1,5,8,B12,120.679339,24.115,2
2023,2,22,12,2,臺中市,太平區,0,0,0,8,,,30,,,,,,,,,,,,,,,43,,,,,B03,,,1,,2,,,43,,1,5,,B03,120.81342,24.125428,3
2023,2,22,12,5,臺中市,西區,0,1,0,8,1,5,50,4,1,1,5,4,5,7,2,1,10,5,5,2,16,8,3,10,1,1,B03,7,5,1,8,2,4,,8,8,1,22,8,B03,120.665263,24.149028,2
2023,2,22,12,5,臺中市,南屯區,0,0,0,8,,,50,,,,,,,,,,,,,,,23,,,,,B03,,,1,,2,,,23,23,1,22,,B03,120.63681,24.136769,3
2023,2,22,12,5,臺中市,大里區,0,2,0,8,1,5,25,8,12,1,5,4,5,7,4,4,5,4,4,1,9,23,2,9,1,1,C03,7,9,1,10,2,11,,23,23,1,22,9,C03,120.698676,24.110566,2
2023,2,22,12,5,臺中市,太平區,0,1,0,8,1,5,50,4,1,1,5,4,5,7,4,4,10,5,5,2,15,6,3,10,1,1,B03,7,9,1,8,2,2,,6,6,1,4,5,B03,120.720394,24.156013,2
2023,2,22,12,5,臺中市,大甲區,0,2,0,8,1,5,50,4,1,1,5,4,5,7,4,4,10,5,5,2,15,6,2,9,1,1,C03,7,9,1,10,2,12,,6,6,1,22,9,C03,120.646064,24.406636,2
2023,2,22,12,6,臺中市,霧峰區,0,2,0,8,1,5,50,14,18,1,5,4,5,7,1,1,10,5,5,1,3,25,2,9,1,1,C03,7,9,1,10,2,11,,25,25,1,22,9,C03,120.687349,24.047135,2
2023,2,22,12,7,臺中市,神岡區,0,1,0,7,1,5,50,3,1,1,5,4,5,7,4,4,5,5,5,2,17,23,2,9,1,1,C03,7,9,1,10,2,14,,23,23,1,22,8,C03,120.698771,24.272794,2
2023,2,22,12,10,臺中市,烏日區,0,2,0,8,1,5,50,14,9,1,5,4,5,7,4,4,9,4,4,1,16,4,2,9,1,1,C03,7,11,1,10,2,12,,4,4,1,22,8,C03,120.620914,24.106604,2
2023,2,22,12,10,臺中市,烏日區,0,0,0,8,,,30,,,,,,,,,,,,,,,10,,,,,B03,,,1,,2,,,10,,1,21,,B03,120.616407,24.111543,3
2023,2,22,12,11,臺中市,北區,0,1,0,8,1,5,50,14,9,1,5,4,5,7,4,4,5,4,5,2,17,23,2,9,3,4,C03,7,9,1,10,2,14,,23,23,1,22,9,C03,120.676567,24.160407,2
2023,2,22,12,15,臺中市,北屯區,0,0,0,8,,,50,,,,,,,,,,,,,,,23,,,,,B03,,,1,,2,,,23,,1,21,,B03,120.729311,24.158203,3
2023,2,22,12,15,臺中市,東勢區,0,0,0,8,1,5,50,14,9,1,5,4,5,7,4,4,10,5,5,2,10,23,,,,,C03,,,1,,2,,,23,,1,22,,C03,120.790149,24.293753,3
2023,2,22,12,16,臺中市,大雅區,0,0,0,8,,,50,,,,,,,,,,,,,,,23,,,,,B03,,,1,,2,,,23,23,1,22,,B03,120.649941,24.214219,3
2023,2,22,12,17,臺中市,北屯區,0,0,0,8,,,50,,,,,,,,,,,,,,,23,,,,,B12,,,1,,2,,,23,,1,21,,B12,120.69083,24.182327,3
2023,2,22,12,20,臺中市,南屯區,0,1,0,8,1,5,50,14,7,1,5,4,5,7,2,1,1,4,4,2,12,17,3,10,1,1,A05,7,9,1,2,11,2,,17,17,1,22,8,A05,120.640719,24.146487,2
2023,2,22,12,21,臺中市,北區,0,0,0,8,,,50,,,,,,,,,,,,,,,16,,,,,B03,,,1,,2,,,16,,1,22,,B03,120.677175,24.152378,3
2023,2,22,12,22,臺中市,西區,0,1,0,8,1,5,50,4,2,1,5,4,5,7,1,1,5,4,4,2,16,10,2,9,1,1,C02,7,11,1,10,2,14,,10,10,1,21,8,C02,120.671219,24.145531,2
2023,2,22,12,23,臺中市,南屯區,0,1,0,8,1,5,50,4,1,1,5,4,5,7,1,1,5,4,4,2,17,6,3,10,1,1,B03,7,9,1,8,2,8,,44,6,1,22,8,B03,120.610334,24.135676,2
2023,2,22,12,27,臺中市,北區,0,1,0,8,1,5,50,4,2,1,5,4,5,7,1,1,5,4,5,2,16,19,3,10,3,4,B03,7,1,1,8,2,4,,19,19,1,22,9,B03,120.680745,24.154067,2
2023,2,22,12,30,臺中市,北屯區,0,1,0,8,1,5,50,4,1,1,5,4,5,7,1,1,10,5,5,2,13,16,3,10,1,1,C03,7,9,1,10,2,11,,16,16,1,21,8,C03,120.69929,24.182652,2
2023,2,22,12,30,臺中市,大里區,0,0,0,8,,,50,,,,,,,,,,,,,,,23,,,,,B03,,,1,,2,,,23,,1,6,,B03,120.674335,24.113684,3
2023,2,22,12,31,臺中市,西屯區,0,1,0,8,1,5,50,14,9,1,5,4,5,7,4,4,5,4,5,2,16,19,3,10,1,1,B01,7,1,1,4,1,4,,19,19,1,4,8,B01,120.637227,24.17297,2
2023,2,22,12,33,臺中市,西屯區,0,0,0,8,,,50,,,,,,,,,,,,,,,42,,,,,B03,,,1,,1,,,42,,1,22,,B03,120.64925,24.19734,3
2023,2,22,12,33,臺中市,太平區,0,0,0,8,,,50,,,,,,,,,,,,,,,16,,,,,B03,,,1,,2,,,16,,1,5,,B03,120.720148,24.121125,3
2023,2,22,12,35,臺中市,南區,0,1,0,8,1,5,50,3,1,1,5,4,5,7,1,1,10,5,5,2,13,23,3,10,1,1,B03,7,9,1,8,2,8,,23,23,1,22,8,B03,120.650791,24.12109,2
2023,2,22,12,38,臺中市,西屯區,0,0,0,8,,,40,,,,,,,,,,,,,,,16,,,,,C03,,,1,,1,,,16,,1,18,,C03,120.614353,24.183451,3
2023,2,22,12,43,臺中市,西屯區,0,0,0,8,,,50,,,,,,,,,,,,,,,16,,,,,B03,,,1,,1,,,16,,1,22,,B03,120.637705,24.174223,3
2023,2,22,12,46,臺中市,外埔區,0,0,0,7,1,5,50,14,9,1,5,4,5,7,1,1,4,4,5,1,13,23,,,,,B03,,,1,,2,,,23,,1,21,,B03,120.667081,24.32032,3
2023,2,22,12,49,臺中市,西屯區,0,2,0,8,1,5,50,4,1,1,5,4,5,7,2,1,10,5,5,2,12,19,2,9,1,1,C03,7,1,1,10,2,14,,19,19,1,22,8,C03,120.644598,24.185069,2
2023,2,22,12,49,臺中市,神岡區,0,0,0,8,,,50,,,,,,,,,,,,,,,23,,,,,B03,,,1,,1,,,23,,1,22,,B03,120.659627,24.272577,3
2023,2,22,12,50,臺中市,北區,0,1,0,8,1,5,50,4,1,1,5,4,5,7,1,1,10,5,5,2,16,8,2,9,1,1,C03,7,5,1,10,2,14,,8,8,1,5,8,C03,120.678815,24.168569,2
2023,2,22,12,52,臺中市,大里區,0,1,0,8,1,5,30,4,1,1,5,4,5,7,4,4,10,5,5,2,15,6,3,10,1,1,C03,7,9,1,9,2,14,,6,6,1,22,8,C03,120.683791,24.105947,2
2023,2,22,12,55,臺中市,南區,0,0,0,8,,,50,,,,,,,,,,,,,,,7,,,,,B03,,,1,,2,,,7,,1,4,,B03,120.679289,24.120608,3
2023,2,22,12,58,臺中市,太平區,0,0,0,8,,,50,,,,,,,,,,,,,,,38,,,,,C03,,,1,,2,,,38,,1,21,,C03,120.725888,24.149774,3
2023,2,22,13,0,臺中市,大里區,0,0,0,8,,,30,,,,,,,,,,,,,,,12,,,,,B03,,,1,,2,,,12,,1,9,,B03,120.689847,24.103774,3
2023,2,22,13,5,臺中市,龍井區,0,0,0,8,,,60,,,,,,,,,,,,,,,23,,,,,A11,,,1,,2,,,23,,1,10,,A11,120.520106,24.21199,3
2023,2,22,13,7,臺中市,西屯區,0,1,0,7,1,5,50,14,9,1,5,4,5,7,4,4,5,4,5,2,17,40,3,10,1,1,B03,7,14,1,8,1,4,,40,40,1,21,3,B03,120.624228,24.17799,2
2023,2,22,13,12,臺中市,太平區,0,0,0,8,,,30,,,,,,,,,,,,,,,23,,,,,B11,,,1,,2,,,23,,1,5,,B11,120.736181,24.14561,3
2023,2,22,13,13,臺中市,霧峰區,0,1,0,8,1,5,50,14,9,1,5,4,5,7,4,4,5,5,5,1,18,23,2,9,1,1,C03,7,9,1,10,2,15,,23,23,1,22,9,C03,120.704651,24.042634,2
2023,2,22,13,17,臺中市,北區,0,1,0,8,1,5,50,3,9,1,5,4,5,7,4,4,5,5,5,2,16,9,3,10,1,1,B12,7,6,1,8,2,5,,9,9,1,22,9,B12,120.698383,24.156705,2
2023,2,22,13,20,臺中市,西區,0,1,0,8,1,5,50,4,1,1,5,4,5,7,4,4,10,5,5,2,18,14,2,9,1,1,C03,7,9,1,10,2,14,,14,14,1,21,8,C03,120.664979,24.139161,2
2023,2,22,13,20,臺中市,北屯區,0,0,0,8,,,50,,,,,,,,,,,,,,,42,,,,,B12,,,1,,1,,,42,42,1,5,,B12,120.722527,24.181826,3
2023,2,22,13,20,臺中市,龍井區,0,0,0,,,,50,,,,,,,,,,,,,,,17,,,,,B03,,,1,,2,,,17,,1,5,,B03,120.579357,24.182824,3
2023,2,22,13,23,臺中市,西區,0,0,0,8,,,30,,,,,,,,,,,,,,,23,,,,,B03,,,1,,1,,,23,,1,22,,B03,120.653024,24.151472,3
2023,2,22,13,26,臺中市,潭子區,0,1,0,8,1,5,50,3,1,1,5,4,5,7,4,4,5,4,5,1,15,6,2,9,1,1,C03,7,9,1,10,2,11,,6,6,1,22,8,C03,120.700831,24.216866,2
2023,2,22,13,27,臺中市,南屯區,0,0,0,8,,,50,,,,,,,,,,,,,,,23,,,,,B02,,,1,,1,,,23,,1,22,,B02,120.649231,24.150756,3
2023,2,22,13,29,臺中市,北區,0,2,0,8,1,5,50,3,9,1,5,4,5,7,4,4,8,5,5,2,16,6,2,9,3,4,C03,7,5,1,10,2,12,,6,6,1,22,9,C03,120.687648,24.161628,2
2023,2,22,13,30,臺中市,沙鹿區,0,1,0,8,1,5,30,3,1,1,5,4,5,7,4,4,10,5,5,2,17,6,3,10,1,1,B03,7,6,1,8,2,7,,6,6,1,4,8,B03,120.574867,24.22845,2
2023,2,22,13,31,臺中市,西屯區,0,1,0,8,1,5,50,4,1,1,5,4,5,7,1,1,10,5,5,2,17,26,3,10,1,4,B03,7,6,1,8,1,5,,26,26,1,22,8,B03,120.636528,24.170784,2
2023,2,22,13,33,臺中市,豐原區,0,0,0,8,,,60,,,,,,,,,,,,,,,27,,,,,B03,,,1,,2,,,27,,1,22,,B03,120.702911,24.249494,3
2023,2,22,13,42,臺中市,梧棲區,0,0,0,8,,,50,,,,,,,,,,,,,,,12,,,,,B12,,,1,,2,,,12,,1,3,,B12,120.556327,24.247648,3
2023,2,22,13,43,臺中市,南屯區,0,1,0,8,1,5,50,4,1,1,5,4,5,7,2,1,5,5,5,2,16,8,3,10,1,1,C03,7,5,1,10,2,14,,8,8,1,22,8,C03,120.634977,24.152593,2
2023,2,22,13,43,臺中市,豐原區,0,0,0,8,,,40,,,,,,,,,,,,,,,12,,,,,B12,,,1,,2,,,12,,1,22,,B12,120.714239,24.238141,3
2023,2,22,13,45,臺中市,北屯區,0,1,0,8,1,5,50,4,1,4,5,2,5,7,2,1,10,5,5,2,18,23,2,9,1,1,C03,7,9,1,10,2,14,,23,23,1,22,8,C03,120.707488,24.182313,2
2023,2,22,13,46,臺中市,潭子區,0,0,0,8,,,50,,,,,,,,,,,,,,,17,,,,,A01,,,1,,2,,,17,,1,22,,A01,120.718719,24.204122,3
2023,2,22,13,50,臺中市,東區,0,1,0,8,1,5,50,14,9,1,5,4,5,7,4,4,9,4,5,2,1,23,3,10,1,1,B03,7,9,1,8,2,5,,23,23,1,22,8,B03,120.698027,24.125197,2
2023,2,22,14,0,臺中市,東區,0,0,0,,,,50,,,,,,,,,,,,,,,6,,,,,B01,,,1,,2,,,6,,1,5,,B01,120.68571,24.14327,3
2023,2,22,14,4,臺中市,西屯區,0,0,0,8,,,40,,,,,,,,,,,,,,,23,,,,,B12,,,1,,1,,,23,,1,22,,B12,120.638278,24.159295,3
2023,2,22,14,4,臺中市,西屯區,0,2,0,8,1,5,50,4,1,1,5,4,5,7,1,1,10,5,5,2,16,25,2,9,3,4,C03,7,9,1,10,2,14,,44,25,1,22,8,C03,120.606511,24.192868,2
2023,2,22,14,6,臺中市,潭子區,0,0,0,8,,,60,,,,,,,,,,,,,,,7,,,,,A11,,,1,,2,,,7,,1,10,,A11,120.70558,24.217506,3
2023,2,22,14,6,臺中市,太平區,0,1,0,8,1,5,40,3,1,1,5,4,5,7,3,1,10,5,5,2,17,19,2,8,1,1,C03,7,1,1,10,2,11,,19,19,1,18,8,C03,120.780421,24.109097,2
2023,2,22,14,11,臺中市,北區,0,0,0,8,,,0,,,,,,,,,,,,,,,18,,,,,C03,,,1,,1,,,18,18,1,22,,C03,120.68027,24.158533,3
2023,2,22,14,12,臺中市,大里區,0,0,0,8,,,60,,,,,,,,,,,,,,,12,,,,,B03,,,1,,2,,,12,,1,22,,B03,120.6849,24.103428,3
2023,2,22,14,15,臺中市,南屯區,0,0,0,8,,,60,,,,,,,,,,,,,,,23,,,,,B03,,,1,,1,,,23,,1,4,,B03,120.597872,24.155393,4
2023,2,22,14,15,臺中市,豐原區,0,0,0,8,,,40,,,,,,,,,,,,,,,12,,,,,C03,,,1,,2,,,12,,1,22,,C03,120.706109,24.251811,3
2023,2,22,14,28,臺中市,南屯區,0,0,0,,,,50,,,,,,,,,,,,,,,18,,,,,B03,,,1,,11,,,18,,1,22,,B03,120.651815,24.140272,3
2023,2,22,14,30,臺中市,大里區,0,1,0,8,1,5,50,4,2,1,5,4,5,7,1,1,1,4,5,1,13,23,3,10,1,1,C03,7,9,3,18,2,12,,23,23,1,17,8,C03,120.698587,24.079487,2
2023,2,22,14,33,臺中市,潭子區,0,1,0,8,1,5,50,14,9,1,5,4,5,7,4,4,5,4,5,2,12,23,2,9,1,1,C03,7,9,1,10,2,12,,23,17,1,22,8,C03,120.686379,24.211439,2
2023,2,22,14,33,臺中市,東區,0,0,0,8,,,40,,,,,,,,,,,,,,,12,,,,,B12,,,1,,2,,,12,,1,4,,B12,120.694947,24.141575,3
2023,2,22,14,42,臺中市,大里區,0,0,0,8,,,30,,,,,,,,,,,,,,,12,,,,,B01,,,1,,2,,,12,,1,10,,B01,120.69457,24.121755,3
2023,2,22,14,43,臺中市,梧棲區,0,1,0,8,1,5,60,14,9,1,5,4,5,7,4,4,1,4,5,1,17,6,3,10,3,4,B03,7,10,1,7,2,2,,6,6,1,22,8,B03,120.535137,24.247778,2
2023,2,22,14,44,臺中市,太平區,0,2,0,8,1,5,50,3,1,1,5,4,5,7,1,1,10,5,5,2,12,23,2,3,1,1,C03,7,9,1,10,2,11,,23,23,1,4,5,C03,120.706843,24.159356,2
2023,2,22,14,55,臺中市,西屯區,0,1,0,8,1,5,50,14,9,1,5,4,5,7,4,4,9,5,5,2,16,6,3,10,1,1,B03,7,6,1,8,2,2,,6,6,1,4,8,B03,120.636189,24.178029,2
2023,2,22,15,0,臺中市,大雅區,0,0,0,8,,,60,,,,,,,,,,,,,,,23,,,,,B03,,,1,,2,,,23,,1,22,,B03,120.643448,24.228095,3
2023,2,22,15,0,臺中市,太平區,0,1,0,8,1,5,50,3,2,1,5,4,5,7,4,4,5,5,5,1,17,43,3,10,1,1,B03,7,9,1,8,11,6,,43,43,1,5,8,B03,120.720006,24.131347,2
2023,2,22,15,0,臺中市,清水區,0,1,0,6,1,5,50,14,13,1,4,4,5,7,4,4,5,4,4,1,13,23,2,9,1,1,C03,7,9,3,18,2,11,,23,23,1,5,5,C03,120.613826,24.287458,2
2023,2,22,15,2,臺中市,北區,0,0,0,8,,,50,,,,,,,,,,,,,,,23,,,,,B03,,,1,,2,,,23,,1,22,,B03,120.675155,24.146429,3
2023,2,22,15,4,臺中市,烏日區,0,0,0,8,1,5,30,3,2,1,5,4,5,7,4,4,10,5,5,2,12,17,3,10,3,4,B03,7,6,1,8,2,2,,17,17,1,21,9,B03,120.644455,24.108592,3
2023,2,22,15,5,臺中市,霧峰區,0,0,0,8,,,60,,,,,,,,,,,,,,,19,,,,,A42,,,1,,2,,,19,,1,4,,A42,120.695795,24.055677,3
2023,2,22,15,6,臺中市,龍井區,0,0,0,8,,,50,,,,,,,,,,,,,,,23,,,,,B03,,,1,,2,,,23,,1,5,,B03,120.52311,24.197105,3
2023,2,22,15,9,臺中市,東區,0,1,0,8,1,5,50,3,1,1,5,4,5,7,4,4,1,5,5,2,13,16,2,9,1,1,C03,7,9,1,10,2,11,,16,16,1,22,8,C03,120.69422,24.148432,2
2023,2,22,15,14,臺中市,北區,0,0,0,8,,,50,,,,,,,,,,,,,,,6,,,,,B03,,,1,,2,,,6,,1,21,,B03,120.672565,24.168787,3
2023,2,22,15,15,臺中市,烏日區,0,0,0,8,,,50,,,,,,,,,,,,,,,17,,,,,B03,,,1,,2,,,17,,1,21,,B03,120.624954,24.10552,3
2023,2,22,15,20,臺中市,北屯區,0,0,0,8,,,50,,,,,,,,,,,,,,,23,,,,,C03,,,1,,1,,,23,,1,4,,C03,120.690773,24.178228,3
2023,2,22,15,20,臺中市,烏日區,0,0,0,8,1,5,30,14,9,1,5,4,5,7,4,4,10,5,5,2,12,16,3,10,3,4,B12,7,5,1,8,2,1,,16,16,1,21,9,B12,120.626703,24.111941,3
2023,2,22,15,23,臺中市,南區,0,1,0,8,1,5,50,4,22,1,5,4,5,7,3,1,10,5,5,2,17,10,3,10,1,1,B12,7,11,1,8,2,8,,10,10,1,22,8,B12,120.649495,24.117804,2
2023,2,22,15,23,臺中市,西屯區,0,1,0,8,1,5,50,4,9,1,5,4,5,7,1,1,1,4,5,2,13,23,2,8,1,1,C03,7,9,1,10,2,12,,23,23,1,22,8,C03,120.642965,24.17239,2
2023,2,22,15,30,臺中市,大肚區,0,0,0,8,,,50,,,,,,,,,,,,,,,42,,,,,,,,,,,,,42,,1,,,,120.572803,24.156793,3