年,月,日,時,分,縣市,區,死,受傷,2-30,天候,光線,道路類別,速限,道路型態,事故位置,路面鋪裝,路面狀態,路面缺陷,障礙物,視距,號誌種類,號誌動作,分向設施,快車道或一般車道間,快慢車道間,路面邊線,事故類型及型態,主要肇因,受傷程度,主要傷處,保護裝備,行動電話,當事者區分,車輛用途,當事者行動狀態,駕駛資格情形,駕駛執照種類,飲酒情形,車輛撞擊部位最初,車輛撞擊部位其他,肇事因素個別,肇事因素主要,肇事逃逸,職業,旅次目的,車種,GPS緯度,GPS經度,事故類別
2023,2,23,8,38,臺中市,西屯區,0,1,0,8,1,5,50,3,1,1,5,4,5,7,4,4,1,5,5,2,12,6,3,10,1,4,D03,7,6,1,8,2,5,,6,6,1,22,8,D03,120.651231,24.198079,2
2023,2,23,8,43,臺中市,北區,0,2,0,8,1,5,30,4,1,1,5,4,5,7,4,4,9,5,5,2,16,6,2,9,1,1,C03,7,9,3,18,2,11,,6,6,1,5,5,C03,120.682358,24.160783,2
2023,2,23,8,43,臺中市,北屯區,0,0,0,8,,,50,,,,,,,,,,,,,,,23,,,,,C03,,,1,,1,,,23,,1,18,,C03,120.666208,24.181674,3
2023,2,23,8,50,臺中市,北屯區,0,0,0,8,,,50,,,,,,,,,,,,,,,17,,,,,B03,,,1,,2,,,17,17,1,22,,B03,120.724491,24.17502,3
2023,2,23,8,57,臺中市,南區,0,2,0,8,1,5,50,14,9,1,5,4,5,7,4,4,1,4,5,2,16,9,2,9,1,1,C03,7,6,1,10,2,11,,9,9,1,21,8,C03,120.648728,24.115058,2
2023,2,23,8,58,臺中市,西屯區,0,1,0,8,1,5,50,3,1,1,5,4,5,7,4,4,10,5,5,2,12,6,3,10,1,1,B12,7,5,1,8,2,8,,6,6,1,22,8,B12,120.651345,24.19958,2
2023,2,23,9,1,臺中市,西屯區,0,1,0,8,1,5,40,14,8,1,5,4,5,7,4,4,1,4,1,2,13,23,2,8,3,4,C03,7,9,1,10,2,11,,23,23,1,22,8,C03,120.648244,24.163732,2
2023,2,23,9,1,臺中市,新社區,0,1,0,8,1,5,50,3,1,1,5,4,5,7,4,4,10,5,5,2,18,23,2,9,1,1,C03,7,6,1,10,2,15,,23,23,1,22,1,C03,120.782839,24.214559,2
2023,2,23,9,3,臺中市,南區,0,2,0,8,1,5,50,5,1,1,5,4,5,7,1,1,10,5,5,2,15,25,2,8,1,1,C03,7,9,1,10,2,12,,25,25,1,22,8,C03,120.675732,24.126552,2
2023,2,23,9,3,臺中市,北屯區,0,0,0,8,,,50,,,,,,,,,,,,,,,23,,,,,B03,,,1,,1,,,23,23,1,5,,B03,120.718614,24.182037,3
2023,2,23,9,5,臺中市,西屯區,0,1,0,8,1,5,50,3,1,1,5,4,5,7,4,4,10,5,5,2,15,6,3,10,1,1,C03,7,9,1,10,2,11,,6,6,1,21,1,C03,120.64983,24.161301,2
2023,2,23,9,10,臺中市,東區,0,0,0,,,,50,,,,,,,,,,,,,,,23,,,,,B03,,,3,,2,,,23,,1,5,,B03,120.693955,24.133357,3
2023,2,23,9,20,臺中市,大里區,0,1,0,8,1,5,50,4,1,1,5,4,5,7,1,1,10,5,5,2,12,23,3,10,1,1,F03,7,9,8,20,2,16,,23,23,1,16,8,F03,120.703742,24.093107,2
2023,2,23,9,20,臺中市,霧峰區,0,0,0,8,,,60,,,,,,,,,,,,,,,23,,,,,A12,,,1,,1,,,23,,1,10,,A12,120.692471,24.046237,3
2023,2,23,9,22,臺中市,西屯區,0,1,0,8,1,5,50,14,9,1,5,4,5,7,4,4,9,4,5,2,13,23,2,9,1,4,C03,7,9,1,10,2,11,,23,23,1,22,8,C03,120.609671,24.166908,2
2023,2,23,9,25,臺中市,北區,0,1,0,8,1,5,40,14,8,1,5,4,5,7,4,4,1,4,4,2,13,16,3,10,1,1,C03,7,9,1,10,2,11,,16,16,1,20,8,C03,120.665665,24.163053,2
2023,2,23,9,41,臺中市,北屯區,0,0,0,8,,,80,,,,,,,,,,,,,,,16,,,,,B03,,,1,,1,,,16,,1,22,,B03,120.646985,24.195948,3
2023,2,23,9,43,臺中市,大肚區,0,3,0,8,1,5,30,4,1,1,5,4,5,7,4,4,10,5,5,2,16,10,2,9,1,1,C03,7,9,1,10,2,11,,23,10,1,19,9,C03,120.572995,24.16326,2
2023,2,23,9,45,臺中市,大里區,0,1,0,8,1,5,50,4,1,1,5,4,5,7,1,1,5,4,5,2,12,8,2,6,1,1,C03,7,5,1,10,2,13,,8,8,1,22,8,C03,120.674554,24.113438,2
2023,2,23,9,45,臺中市,豐原區,0,1,0,8,1,5,50,3,1,1,5,4,5,7,3,1,10,5,5,2,16,6,3,10,1,1,B03,7,5,1,8,2,4,,6,6,1,22,8,B03,120.724686,24.252491,2
2023,2,23,9,48,臺中市,龍井區,0,2,0,8,1,5,50,4,2,1,5,4,5,7,4,4,9,5,5,1,16,11,2,9,1,1,C03,7,5,1,10,2,11,,23,11,1,19,9,C03,120.582787,24.178787,2
2023,2,23,9,50,臺中市,大雅區,0,1,0,8,1,5,50,14,9,1,5,4,5,7,4,4,5,5,5,1,20,23,2,9,1,1,C03,7,9,1,10,2,11,,23,23,1,21,8,C03,120.671167,24.212713,2
2023,2,23,9,50,臺中市,西區,0,0,0,,,,50,,,,,,,,,,,,,,,23,,,,,B03,,,1,,1,,,23,,1,21,,B03,120.669961,24.134898,3
2023,2,23,9,50,臺中市,西區,0,1,0,8,1,5,50,4,1,1,5,4,5,7,1,1,10,5,5,2,18,42,2,9,1,1,C03,7,9,1,10,2,12,,42,42,1,5,8,C03,120.664298,24.150856,2
2023,2,23,9,50,臺中市,東區,0,2,0,8,1,5,50,3,1,1,5,4,5,7,1,1,10,5,5,2,17,17,2,9,1,1,C04,7,6,1,11,2,12,,17,17,1,22,8,C04,120.690966,24.140056,2
2023,2,23,9,51,臺中市,潭子區,0,1,0,8,1,5,30,11,9,1,5,4,5,7,4,4,1,5,5,1,20,13,2,9,1,1,C03,7,9,1,10,2,12,,13,13,1,22,8,C03,120.7114,24.189966,2
2023,2,23,9,53,臺中市,豐原區,0,1,0,8,1,5,50,3,2,1,5,4,5,7,4,4,10,5,4,2,17,23,3,10,1,1,B03,7,9,1,8,2,5,,23,23,1,22,8,B03,120.719196,24.251687,2
2023,2,23,9,54,臺中市,南屯區,0,0,0,,,,50,,,,,,,,,,,,,,,19,,,,,B03,,,1,,2,,,19,,1,22,,B03,120.625929,24.145026,3
2023,2,23,9,55,臺中市,太平區,0,1,0,8,1,5,50,4,1,1,5,4,5,7,4,4,5,5,5,2,16,6,2,9,1,1,F02,7,5,8,20,2,16,,6,6,1,21,8,F02,120.717657,24.129361,2
2023,2,23,9,56,臺中市,南區,0,1,0,8,1,5,50,5,1,1,5,4,5,7,2,1,3,5,5,2,13,23,2,9,1,1,C03,7,9,1,10,2,11,,23,23,1,3,5,C03,120.658043,24.112663,2
2023,2,23,9,56,臺中市,西屯區,0,0,0,8,,,50,,,,,,,,,,,,,,,42,,,,,B12,,,1,,1,,,42,,1,22,,B12,120.615876,24.174444,3
2023,2,23,9,57,臺中市,西屯區,0,0,0,8,,,30,,,,,,,,,,,,,,,12,,,,,B03,,,1,,2,,,12,,1,22,,B03,120.638703,24.17882,3
2023,2,23,10,3,臺中市,北屯區,0,2,0,8,1,5,50,14,9,1,5,4,5,7,4,4,1,4,5,2,16,7,2,9,1,1,C03,7,7,3,18,2,14,,7,7,1,21,8,C03,120.697501,24.170633,2
2023,2,23,10,4,臺中市,西屯區,0,0,0,8,,,30,,,,,,,,,,,,,,,6,,,,,B11,,,1,,1,,,6,,1,22,,B11,120.644144,24.180386,3
2023,2,23,10,5,臺中市,北區,0,0,0,,,,50,,,,,,,,,,,,,,,10,,,,,B03,,,1,,2,,,10,,1,22,,B03,120.668095,24.162861,3
2023,2,23,10,5,臺中市,和平區,0,0,0,8,,,30,,,,,,,,,,,,,,,1,,,,,B03,,,1,,2,,,1,1,1,5,,B03,121.347449,24.384695,3
2023,2,23,10,8,臺中市,南區,0,1,0,8,1,5,50,4,2,1,5,4,5,7,4,4,1,4,4,2,26,23,2,8,1,1,B12,7,9,1,8,2,1,,23,23,1,5,8,B12,120.670561,24.129284,2
2023,2,23,10,10,臺中市,南屯區,0,0,0,,,,50,,,,,,,,,,,,,,,23,,,,,B03,,,1,,1,,,23,,1,4,,B03,120.603635,24.139221,3
2023,2,23,10,10,臺中市,烏日區,0,0,0,8,,,50,,,,,,,,,,,,,,,42,,,,,B01,,,1,,2,,,42,,1,22,,B01,120.657071,24.057521,3
2023,2,23,10,14,臺中市,北區,0,1,0,8,1,5,50,4,2,1,5,4,5,7,4,4,5,5,5,2,16,6,2,9,3,4,C03,7,9,1,10,2,11,,6,6,1,22,9,C03,120.677236,24.162702,2
2023,2,23,10,15,臺中市,南屯區,0,1,0,8,1,5,50,4,2,1,5,4,5,7,1,1,5,4,5,2,17,19,3,10,1,1,B12,7,1,1,8,2,15,,19,19,1,22,9,B12,120.649778,24.152302,2
2023,2,23,10,17,臺中市,中區,0,1,0,8,1,5,50,4,18,1,5,4,5,7,2,1,10,5,5,2,3,15,3,10,1,1,B12,7,5,1,8,2,1,,15,15,1,4,8,B12,120.680268,24.14313,2
2023,2,23,10,21,臺中市,北屯區,0,0,0,8,,,50,,,,,,,,,,,,,,,23,,,,,B03,,,1,,1,,,23,,1,21,,B03,120.719475,24.163003,3
2023,2,23,10,24,臺中市,北區,0,0,0,8,1,5,50,3,2,1,5,4,5,7,1,1,1,4,5,2,12,8,3,10,1,1,B12,7,5,1,3,2,7,,8,8,1,5,5,B12,120.667973,24.159265,3
2023,2,23,10,24,臺中市,南區,0,1,0,8,1,5,50,3,1,1,5,4,5,7,4,4,10,5,5,2,16,6,2,9,1,1,F03,7,5,8,20,2,16,,6,6,1,21,8,F03,120.655159,24.112465,2
2023,2,23,10,24,臺中市,北屯區,0,0,0,8,,,50,,,,,,,,,,,,,,,6,,,,,B03,,,1,,1,,,6,,1,22,,B03,120.709727,24.16603,3
2023,2,23,10,25,臺中市,南屯區,0,1,0,8,1,5,50,4,1,1,5,4,5,7,2,1,10,5,5,2,3,15,3,10,1,1,B03,7,5,1,8,2,1,,15,15,1,20,8,B03,120.647388,24.14385,2
2023,2,23,10,25,臺中市,西屯區,0,0,0,8,,,50,,,,,,,,,,,,,,,17,,,,,C03,,,1,,2,,,17,,1,22,,C03,120.639643,24.178125,3
2023,2,23,10,26,臺中市,西屯區,0,0,0,8,,,30,,,,,,,,,,,,,,,7,,,,,A12,,,1,,2,,,7,,1,22,,A12,120.658617,24.160716,3
2023,2,23,10,28,臺中市,西屯區,0,1,0,8,1,5,50,14,9,1,5,4,5,7,4,4,10,5,5,2,13,16,2,9,1,1,C03,7,9,1,10,2,11,,16,16,1,21,1,C03,120.65105,24.208623,2
2023,2,23,10,28,臺中市,大里區,0,1,0,8,1,5,50,14,9,1,5,4,5,7,4,4,9,5,5,1,13,16,3,10,1,1,C03,7,9,1,10,2,11,,16,16,1,5,8,C03,120.70253,24.103201,2
2023,2,23,10,33,臺中市,潭子區,0,0,0,8,,,50,,,,,,,,,,,,,,,23,,,,,B03,,,1,,2,,,23,,1,22,,B03,120.721603,24.204176,3
2023,2,23,10,33,臺中市,霧峰區,0,0,0,8,,,50,,,,,,,,,,,,,,,1,,,,,B12,,,1,,1,,,1,,1,22,,B12,120.66171,24.060061,3
2023,2,23,10,34,臺中市,西屯區,0,0,0,8,,,50,,,,,,,,,,,,,,,23,,,,,B03,,,1,,1,,,23,,1,22,,B03,120.654219,24.201967,3
2023,2,23,10,45,臺中市,南區,0,1,0,8,1,5,50,4,1,1,5,4,5,7,4,4,10,5,5,2,15,6,2,9,1,1,C03,7,9,1,10,2,11,,6,6,1,22,8,C03,120.668286,24.124603,2
2023,2,23,10,56,臺中市,潭子區,0,1,0,8,1,5,60,14,9,1,5,4,5,7,4,4,1,4,5,1,17,19,3,10,1,1,B03,7,1,1,8,2,8,,19,19,1,22,8,B03,120.702664,24.194265,2
2023,2,23,10,58,臺中市,沙鹿區,0,1,0,8,1,5,50,3,9,1,5,4,5,7,1,1,1,5,5,2,13,23,2,8,1,1,C03,7,9,1,10,2,11,,23,23,1,5,3,C03,120.568734,24.209379,2
2023,2,23,11,1,臺中市,大里區,0,1,0,8,1,5,50,14,9,1,5,4,5,7,4,4,1,4,5,1,12,13,2,9,1,1,C03,7,9,1,10,2,11,,13,13,1,22,8,C03,120.681412,24.103527,2
2023,2,23,11,2,臺中市,南區,0,1,0,8,1,5,50,3,1,1,5,4,5,7,4,4,3,4,4,2,9,36,3,10,1,1,A02,7,9,1,1,2,15,,36,36,1,10,5,A02,120.68002,24.127439,2
2023,2,23,11,10,臺中市,南屯區,0,1,0,8,1,5,50,14,9,1,5,4,5,7,4,4,9,5,5,2,17,42,3,10,1,1,B12,7,8,1,8,2,15,,42,42,1,22,9,B12,120.644034,24.13899,2
2023,2,23,11,10,臺中市,南屯區,0,0,0,,,,40,,,,,,,,,,,,,,,23,,,,,B03,,,1,,1,,,23,,1,22,,B03,120.640706,24.143273,3
2023,2,23,11,15,臺中市,東區,0,1,0,8,1,5,50,3,1,1,5,4,5,7,4,4,10,5,5,2,12,23,3,10,1,1,C03,7,5,1,10,2,14,,23,23,1,5,8,C03,120.689143,24.141557,2
2023,2,23,11,20,臺中市,太平區,0,0,0,8,,,40,,,,,,,,,,,,,,,23,,,,,B03,,,1,,2,,,23,,1,21,,B03,120.71489,24.150856,3
2023,2,23,11,23,臺中市,豐原區,0,1,0,8,1,5,50,14,7,1,5,4,5,7,4,4,5,5,4,2,11,26,3,10,3,4,C03,7,9,1,10,2,14,,26,26,1,22,8,C03,120.716491,24.24938,2
2023,2,23,11,23,臺中市,豐原區,0,0,0,8,,,50,,,,,,,,,,,,,,,25,,,,,B03,,,1,,2,,,25,,1,22,,B03,120.711217,24.246339,3
2023,2,23,11,27,臺中市,豐原區,0,1,0,8,1,5,40,14,8,1,5,4,3,7,4,4,5,4,4,2,2,23,3,10,1,1,B03,7,9,1,8,2,5,,23,23,1,22,8,B03,120.716438,24.251706,2
2023,2,23,11,30,臺中市,西屯區,0,0,0,8,,,40,,,,,,,,,,,,,,,6,,,,,B03,,,1,,1,,,6,,1,22,,B03,120.615393,24.183567,3
2023,2,23,11,30,臺中市,梧棲區,0,0,0,8,,,50,,,,,,,,,,,,,,,12,,,,,A12,,,1,,1,,,12,,1,10,,A12,120.530115,24.251303,4
2023,2,23,11,34,臺中市,中區,0,2,0,8,1,5,50,4,1,1,5,4,5,7,4,4,10,5,5,2,15,6,2,9,1,1,C03,7,9,1,10,2,11,,6,6,1,21,8,C03,120.681334,24.142182,2
2023,2,23,11,44,臺中市,西屯區,0,1,0,8,1,5,50,14,8,1,5,4,5,7,4,4,1,4,4,2,13,16,3,10,1,1,C03,7,9,2,18,2,11,,16,16,1,4,8,C03,120.651109,24.208435,2
2023,2,23,11,44,臺中市,太平區,0,2,0,8,1,5,50,14,13,1,5,4,5,7,4,4,5,5,5,1,9,23,2,9,1,1,C03,7,9,1,10,2,12,,23,23,1,5,8,C03,120.718479,24.126287,2
2023,2,23,11,46,臺中市,西屯區,0,1,0,8,1,5,50,14,9,1,5,4,5,7,4,4,10,4,5,2,12,6,3,10,1,1,B12,7,6,1,8,2,2,,6,6,1,22,8,B12,120.635235,24.171825,2
2023,2,23,11,50,臺中市,北屯區,0,1,0,8,1,5,50,4,1,1,5,4,5,7,2,1,10,5,5,2,17,26,3,10,3,4,B12,7,6,1,8,2,2,,26,26,1,21,8,B12,120.686483,24.197866,2
2023,2,23,11,51,臺中市,南區,0,1,0,8,1,5,50,14,9,1,5,4,5,7,4,4,5,5,5,2,16,19,3,10,1,1,B12,7,1,1,8,2,8,,19,19,1,21,8,B12,120.681403,24.129691,2
2023,2,23,11,55,臺中市,西區,0,0,0,8,,,50,,,,,,,,,,,,,,,6,,,,,B03,,,1,,2,,,6,,1,5,,B03,120.659813,24.155466,3
2023,2,23,12,0,臺中市,梧棲區,0,0,0,8,,,50,,,,,,,,,,,,,,,23,,,,,B12,,,1,,9,,,23,,1,22,,B12,120.534389,24.246514,3
2023,2,23,12,0,臺中市,大甲區,0,1,0,8,1,5,50,14,9,1,5,4,5,7,1,1,5,4,4,2,13,23,2,9,1,1,C03,7,9,1,10,2,11,,23,23,1,22,9,C03,120.615358,24.350426,2
2023,2,23,12,5,臺中市,北屯區,0,1,0,8,1,5,50,4,1,1,5,4,5,7,2,1,10,5,5,2,18,23,2,9,1,1,C03,7,9,1,10,2,12,,23,23,1,5,8,C03,120.703148,24.169676,2
2023,2,23,12,7,臺中市,西屯區,0,2,0,8,1,5,50,4,1,1,5,4,5,7,2,1,10,5,5,2,16,26,3,10,3,4,B03,7,6,1,8,2,6,,26,26,1,22,8,B03,120.642842,24.158911,2
2023,2,23,12,13,臺中市,北區,0,1,0,8,1,5,50,3,2,1,5,4,5,7,2,1,5,4,4,1,16,9,3,10,3,4,B03,7,6,1,8,2,2,,9,9,1,22,9,B03,120.681549,24.155752,2
2023,2,23,12,15,臺中市,潭子區,0,1,0,8,1,5,50,4,1,1,5,4,5,7,1,1,10,5,5,2,16,6,3,10,1,1,B03,7,5,1,8,2,4,,6,6,1,22,8,B03,120.67959,24.205631,2
2023,2,23,12,18,臺中市,龍井區,0,2,0,8,1,5,50,4,1,1,5,4,5,7,2,1,10,5,5,2,16,6,2,9,1,1,C03,7,9,1,10,2,11,,23,6,1,5,9,C03,120.581758,24.175784,2
2023,2,23,12,19,臺中市,西區,0,1,0,8,1,5,50,14,9,1,5,4,5,7,4,4,5,5,5,2,13,16,2,9,1,1,C03,7,9,1,10,2,11,,16,16,1,22,8,C03,120.660307,24.149028,2
2023,2,23,12,20,臺中市,太平區,0,0,0,8,,,50,,,,,,,,,,,,,,,7,,,,,B12,,,1,,1,,,7,,1,22,,B12,120.723005,24.119927,3
2023,2,23,12,22,臺中市,大里區,0,0,0,8,,,50,,,,,,,,,,,,,,,16,,,,,F02,,,8,,2,,,16,,1,5,,F02,120.692098,24.100713,3
2023,2,23,12,24,臺中市,豐原區,0,1,0,8,1,5,50,4,1,1,5,4,5,7,1,1,10,5,5,2,16,6,3,10,1,1,B03,7,6,1,8,2,2,,6,6,1,22,8,B03,120.7248,24.252413,2
2023,2,23,12,30,臺中市,中區,0,0,0,8,,,50,,,,,,,,,,,,,,,23,,,,,B03,,,1,,2,,,23,,1,22,,B03,120.685085,24.14055,3
2023,2,23,12,33,臺中市,西區,0,0,0,8,,,50,,,,,,,,,,,,,,,17,,,,,B03,,,1,,1,,,17,,1,22,,B03,120.664159,24.138618,3
2023,2,23,12,34,臺中市,神岡區,0,0,0,8,,,50,,,,,,,,,,,,,,,12,,,,,B03,,,1,,1,,,12,,1,22,,B03,120.662493,24.258103,3
2023,2,23,12,35,臺中市,西屯區,0,1,0,8,1,5,30,11,9,1,5,4,5,7,4,4,10,5,5,2,11,5,2,9,1,1,C03,7,9,1,10,2,14,,5,5,1,18,8,C03,120.634636,24.184255,2
2023,2,23,12,40,臺中市,西屯區,0,0,0,8,,,40,,,,,,,,,,,,,,,19,,,,,B11,,,1,,1,,,19,,1,22,,B11,120.655924,24.171946,3
2023,2,23,12,41,臺中市,大里區,0,2,0,8,1,5,40,3,2,1,5,4,5,7,4,4,10,5,5,2,16,6,2,9,1,1,C03,7,5,1,10,2,11,,6,6,1,3,8,C03,120.696918,24.09438,2
2023,2,23,12,45,臺中市,南區,0,1,0,8,1,5,50,5,1,1,5,4,5,7,1,1,10,5,5,2,2,23,3,10,1,1,B12,7,5,1,8,2,8,,23,23,1,22,8,B12,120.66461,24.11689,2
2023,2,23,12,58,臺中市,新社區,0,0,0,8,,,50,,,,,,,,,,,,,,,23,,,,,B12,,,1,,2,,,23,,1,22,,B12,120.795946,24.216992,3
2023,2,23,13,1,臺中市,西屯區,0,0,0,8,,,50,,,,,,,,,,,,,,,42,,,,,C03,,,1,,1,,,42,,1,22,,C03,120.64944,24.17545,3
2023,2,23,13,6,臺中市,北區,0,2,0,8,1,5,50,3,1,1,5,4,5,7,1,1,10,5,5,2,17,25,2,9,1,1,C03,7,9,1,10,2,14,,25,26,1,5,8,C03,120.670542,24.166864,2
2023,2,23,13,8,臺中市,大肚區,0,1,0,8,1,5,30,13,9,1,5,4,5,7,4,4,10,5,5,2,16,8,3,10,1,1,B03,7,5,1,8,2,4,,8,8,1,4,8,B03,120.581664,24.118544,2
2023,2,23,13,10,臺中市,大里區,0,1,0,8,1,5,30,5,1,1,5,4,5,7,2,1,5,5,5,2,17,23,3,10,1,1,B12,7,6,1,8,2,1,,23,23,1,21,4,B12,120.681081,24.104634,2
2023,2,23,13,11,臺中市,南區,0,1,0,8,1,5,50,14,9,1,5,4,5,7,4,4,5,4,5,2,12,23,2,8,1,1,C03,7,7,1,10,2,12,,23,23,1,5,8,C03,120.683596,24.132882,2
2023,2,23,13,11,臺中市,霧峰區,0,1,0,8,1,5,50,4,1,1,5,4,5,7,1,1,10,5,5,2,16,6,3,10,1,1,B12,7,5,1,8,2,8,,6,6,1,20,8,B12,120.691951,24.041142,2
2023,2,23,13,16,臺中市,西區,0,1,0,8,1,5,50,4,1,1,5,4,5,7,1,1,10,5,5,2,12,23,3,10,1,1,B03,7,9,1,8,2,2,,23,23,1,5,8,B03,120.663096,24.146699,2
2023,2,23,13,18,臺中市,霧峰區,0,1,0,8,1,5,50,14,9,1,5,4,5,7,4,4,5,2,5,1,16,19,3,10,1,1,B02,7,1,1,8,2,8,,19,19,1,22,9,B02,120.697913,24.064534,2
2023,2,23,13,20,臺中市,清水區,0,0,0,8,,,50,,,,,,,,,,,,,,,26,,,,,A41,,,1,,2,,,26,26,1,21,,A41,120.542517,24.264893,3
2023,2,23,13,20,臺中市,神岡區,0,0,0,8,,,50,,,,,,,,,,,,,,,26,,,,,B03,,,1,,2,,,26,,1,21,,B03,120.680671,24.280873,3
2023,2,23,13,37,臺中市,大雅區,0,1,0,8,1,5,50,4,1,1,5,4,5,7,1,1,5,5,5,1,16,6,3,10,1,1,B12,7,5,1,8,2,2,,6,6,1,22,9,B12,120.655131,24.235103,2
2023,2,23,13,38,臺中市,北區,0,1,0,8,1,5,50,3,1,1,5,4,5,7,1,1,10,5,5,2,18,42,2,9,1,1,C03,7,5,1,10,2,14,,42,42,1,22,9,C03,120.669247,24.166837,2
2023,2,23,13,38,臺中市,南屯區,0,0,0,8,,,50,,,,,,,,,,,,,,,16,,,,,B03,,,1,,1,,,16,,1,22,,B03,120.636205,24.146723,3
2023,2,23,13,40,臺中市,霧峰區,0,1,0,8,1,5,60,8,9,1,5,4,5,7,4,4,1,4,4,1,12,1,3,10,1,1,B12,7,7,1,8,11,4,,1,1,2,20,8,B12,120.695524,24.009502,2
2023,2,23,13,43,臺中市,北區,0,1,0,8,1,5,50,4,1,1,5,4,5,7,1,1,5,4,4,2,16,6,2,9,1,1,C03,7,5,1,10,2,12,,6,6,1,5,5,C03,120.675884,24.171452,2
2023,2,23,13,50,臺中市,烏日區,0,0,0,8,,,40,,,,,,,,,,,,,,,6,,,,,B03,,,1,,2,,,6,,1,21,,B03,120.651038,24.098154,3
2023,2,23,13,53,臺中市,南屯區,0,2,0,8,1,5,50,4,2,1,5,4,5,7,1,1,10,5,5,2,13,23,2,9,1,1,C03,7,9,1,10,2,11,,23,23,1,22,8,C03,120.642638,24.146872,2
2023,2,23,13,53,臺中市,西屯區,0,0,0,8,,,50,,,,,,,,,,,,,,,6,,,,,B03,,,1,,2,,,6,6,1,22,,B03,120.647345,24.158179,3
2023,2,23,13,54,臺中市,西區,0,0,0,8,,,50,,,,,,,,,,,,,,,23,,,,,C03,,,1,,1,,,23,,1,22,,C03,120.657568,24.145726,3
2023,2,23,13,56,臺中市,北區,0,0,0,,,,50,,,,,,,,,,,,,,,7,,,,,C03,,,1,,11,,,7,7,1,22,,C03,120.670506,24.159216,3
2023,2,23,14,3,臺中市,潭子區,0,1,0,8,1,5,40,14,8,1,5,4,5,7,4,4,1,4,4,1,16,19,3,10,1,1,B03,7,1,1,8,2,8,,19,19,1,22,8,B03,120.707106,24.22471,2
2023,2,23,14,10,臺中市,大甲區,0,0,0,,,,50,,,,,,,,,,,,,,,42,,,,,B12,,,1,,1,,,42,42,1,21,,B12,120.620256,24.349651,3
2023,2,23,14,15,臺中市,北區,0,1,0,8,1,5,50,14,7,1,5,4,5,7,4,4,1,4,4,2,17,19,3,10,1,1,B03,7,1,1,8,2,4,,19,19,1,5,8,B03,120.67176,24.171184,2
2023,2,23,14,20,臺中市,霧峰區,0,1,0,8,1,5,60,3,1,1,5,4,5,7,1,1,10,5,5,1,16,6,3,10,1,1,B03,7,6,1,8,2,5,,6,6,1,22,9,B03,120.689732,24.042734,2
2023,2,23,14,20,臺中市,霧峰區,0,0,0,8,,,60,,,,,,,,,,,,,,,44,,,,,B02,,,1,,2,,,44,,1,22,,B02,120.691359,24.046226,3
2023,2,23,14,20,臺中市,大肚區,0,0,0,8,,,50,,,,,,,,,,,,,,,23,,,,,B03,,,1,,2,,,23,,1,19,,B03,120.561418,24.125158,3
2023,2,23,14,23,臺中市,西區,0,1,0,8,1,5,50,4,18,1,5,4,5,7,2,1,10,5,5,2,1,15,3,10,1,1,B03,7,5,1,8,2,8,,15,15,1,22,8,B03,120.664619,24.15292,2
2023,2,23,14,26,臺中市,太平區,0,0,0,8,,,30,,,,,,,,,,,,,,,6,,,,,B03,,,1,,2,,,6,,1,21,,B03,120.725579,24.142155,3
2023,2,23,14,29,臺中市,東區,0,2,0,8,1,5,50,4,1,1,5,4,4,6,1,1,10,5,5,2,15,25,2,9,1,1,C03,7,9,4,8,2,14,,25,25,1,22,8,C03,120.702212,24.141555,2
2023,2,23,14,30,臺中市,大雅區,0,0,0,8,,,30,,,,,,,,,,,,,,,12,,,,,A12,,,1,,2,,,12,,1,22,,A12,120.667938,24.234507,3
2023,2,23,14,30,臺中市,大甲區,0,0,0,8,,,50,,,,,,,,,,,,,,,23,,,,,C02,,,1,,1,,,23,,1,22,,C02,120.637974,24.361149,3
2023,2,23,14,36,臺中市,神岡區,0,0,0,8,,,50,,,,,,,,,,,,,,,6,,,,,B03,,,1,,1,,,6,,1,21,,B03,120.685511,24.244443,3
2023,2,23,14,37,臺中市,西區,0,0,0,8,,,50,,,,,,,,,,,,,,,23,,,,,B02,,,1,,1,,,23,,1,21,,B02,120.658018,24.144452,3
2023,2,23,14,42,臺中市,豐原區,0,2,0,8,1,5,50,3,1,1,5,4,5,7,4,4,10,5,5,2,17,11,2,9,1,1,F03,7,11,8,20,2,16,,11,11,1,22,8,F03,120.716373,24.251815,2
2023,2,23,14,46,臺中市,大雅區,0,1,0,8,1,5,60,4,1,1,5,4,5,7,4,4,3,5,4,1,12,25,3,10,1,1,B03,7,9,6,8,2,8,,25,25,1,22,9,B03,120.6444,24.227219,2
2023,2,23,14,46,臺中市,霧峰區,0,1,0,8,1,5,40,4,1,1,5,4,5,7,3,1,10,5,5,2,16,6,2,9,1,1,C03,7,9,1,10,2,11,,6,6,1,3,8,C03,120.695763,24.061029,2
2023,2,23,14,47,臺中市,霧峰區,0,1,0,8,1,5,50,4,1,1,5,4,5,7,4,4,10,5,5,2,16,6,3,10,1,1,B01,7,6,1,4,2,2,,6,6,1,10,8,B01,120.684864,24.051478,2
2023,2,23,14,50,臺中市,北區,0,1,0,8,1,5,50,4,1,1,5,4,5,7,4,4,10,5,5,2,16,6,3,10,1,1,C03,7,9,1,10,2,12,,6,6,1,22,8,C03,120.688868,24.160103,2