年,月,日,時,分,縣市,區,死,受傷,2-30,天候,光線,道路類別,速限,道路型態,事故位置,路面鋪裝,路面狀態,路面缺陷,障礙物,視距,號誌種類,號誌動作,分向設施,快車道或一般車道間,快慢車道間,路面邊線,事故類型及型態,主要肇因,受傷程度,主要傷處,保護裝備,行動電話,當事者區分,車輛用途,當事者行動狀態,駕駛資格情形,駕駛執照種類,飲酒情形,車輛撞擊部位最初,車輛撞擊部位其他,肇事因素個別,肇事因素主要,肇事逃逸,職業,旅次目的,車種,GPS緯度,GPS經度,事故類別
2023,2,23,18,55,臺中市,大肚區,0,1,0,8,4,5,30,14,9,1,5,4,5,7,4,4,10,5,5,1,13,23,2,9,1,1,C03,7,9,1,10,2,11,,23,23,1,21,8,C03,120.557725,24.121303,2
2023,2,23,18,57,臺中市,西屯區,0,1,0,8,3,5,50,4,18,1,5,4,5,7,2,1,10,5,5,2,2,15,3,10,1,1,B12,7,5,1,8,2,8,,15,15,1,22,8,B12,120.627085,24.181272,2
2023,2,23,18,58,臺中市,潭子區,0,2,0,8,3,5,40,3,2,1,5,4,5,7,4,4,10,5,5,1,13,16,2,9,1,1,C03,7,9,1,9,2,11,,16,16,1,22,8,C03,120.714815,24.207062,2
2023,2,23,19,2,臺中市,北屯區,0,0,0,8,,,50,,,,,,,,,,,,,,,42,,,,,C02,,,1,,2,,,42,42,1,22,,C02,120.666325,24.182172,3
2023,2,23,19,5,臺中市,西區,0,0,0,8,,,50,,,,,,,,,,,,,,,23,,,,,B12,,,1,,1,,,23,,1,22,,B12,120.668988,24.130174,3
2023,2,23,19,6,臺中市,北區,0,0,0,8,,,50,,,,,,,,,,,,,,,26,,,,,C03,,,1,,11,,,26,,1,22,,C03,120.675956,24.158049,3
2023,2,23,19,10,臺中市,大雅區,0,0,0,8,,,50,,,,,,,,,,,,,,,43,,,,,B03,,,1,,2,,,43,,1,22,,B03,120.650648,24.210208,3
2023,2,23,19,15,臺中市,北屯區,0,1,0,8,3,5,50,4,1,1,5,4,5,7,1,1,10,5,5,2,3,15,3,10,1,1,B12,7,5,1,8,2,1,,15,15,1,21,8,B12,120.682856,24.19179,2
2023,2,23,19,20,臺中市,南區,0,1,0,8,3,5,50,4,1,1,5,4,5,7,1,1,10,5,5,2,13,16,2,9,1,1,C03,7,9,1,10,2,11,,16,16,1,22,8,C03,120.657454,24.129632,2
2023,2,23,19,20,臺中市,北屯區,0,0,0,8,,,50,,,,,,,,,,,,,,,16,,,,,C03,,,1,,2,,,16,,1,22,,C03,120.693303,24.163838,3
2023,2,23,19,25,臺中市,沙鹿區,0,0,0,8,,,30,,,,,,,,,,,,,,,17,,,,,C03,,,1,,2,,,17,,1,5,,C03,120.572497,24.227731,3
2023,2,23,19,30,臺中市,北屯區,0,0,0,8,,,40,,,,,,,,,,,,,,,12,,,,,B03,,,1,,1,,,12,,1,4,,B03,120.69086,24.172853,3
2023,2,23,19,39,臺中市,西屯區,0,0,0,8,,,50,,,,,,,,,,,,,,,23,,,,,B03,,,1,,1,,,23,,1,22,,B03,120.624196,24.194063,3
2023,2,23,19,47,臺中市,南區,0,1,0,8,3,5,50,3,1,1,5,4,5,7,4,4,10,5,5,2,17,6,3,10,1,1,B03,7,5,1,8,2,8,,6,6,1,22,8,B03,120.659605,24.128745,2
2023,2,23,19,56,臺中市,西屯區,0,0,0,8,,,40,,,,,,,,,,,,,,,12,,,,,B03,,,1,,1,,,12,12,1,22,,B03,120.641203,24.155963,3
2023,2,23,19,58,臺中市,北屯區,0,0,0,8,,,40,,,,,,,,,,,,,,,12,,,,,B11,,,1,,11,,,12,,1,10,,B11,120.6861,24.1797,3
2023,2,23,20,0,臺中市,神岡區,0,1,0,8,3,5,50,4,1,1,5,4,5,7,4,4,5,5,5,1,16,6,3,10,1,1,B03,7,1,1,8,2,1,,6,6,1,21,8,B03,120.685778,24.268246,2
2023,2,23,20,6,臺中市,西屯區,0,1,0,8,3,5,40,4,1,1,5,4,5,7,2,1,10,5,5,2,15,25,3,10,1,1,C03,7,9,1,10,2,11,,25,25,1,22,8,C03,120.624383,24.178531,2
2023,2,23,20,6,臺中市,龍井區,0,2,0,8,3,5,40,4,2,1,5,4,5,7,1,1,10,5,5,1,16,6,2,9,1,1,C03,7,5,1,10,2,11,,6,6,1,9,1,C03,120.527009,24.207689,2
2023,2,23,20,10,臺中市,龍井區,0,1,0,8,3,5,40,14,8,1,5,4,5,7,4,4,1,4,4,1,13,23,2,9,1,1,C03,7,9,1,10,2,11,,23,23,1,21,8,C03,120.574073,24.185195,2
2023,2,23,20,33,臺中市,霧峰區,0,1,0,8,3,5,50,5,1,1,5,4,5,7,1,1,10,5,5,1,12,23,3,10,1,1,B12,7,14,1,8,2,4,,23,23,1,4,8,B12,120.675686,24.049184,2
2023,2,23,20,35,臺中市,梧棲區,0,2,0,8,3,5,70,14,12,1,5,4,5,7,4,4,1,4,4,1,13,23,2,9,1,1,C03,7,9,1,10,2,11,,23,23,1,3,8,C03,120.548448,24.23595,2
2023,2,23,20,38,臺中市,沙鹿區,0,0,0,8,,,50,,,,,,,,,,,,,,,23,,,,,C03,,,1,,2,,,23,,1,18,,C03,120.579952,24.214511,3
2023,2,23,20,40,臺中市,西屯區,0,0,0,8,,,50,,,,,,,,,,,,,,,7,,,,,B03,,,1,,1,,,7,,1,22,,B03,120.653048,24.160628,3
2023,2,23,20,47,臺中市,西區,0,1,0,8,3,5,50,4,9,1,5,4,5,7,1,1,5,4,5,2,17,23,2,9,1,1,C03,7,5,1,10,2,11,,23,23,1,5,8,C03,120.669924,24.146329,2
2023,2,23,20,49,臺中市,西屯區,0,0,0,8,,,40,,,,,,,,,,,,,,,7,,,,,B03,,,1,,1,,,7,,1,22,,B03,120.630628,24.16222,3
2023,2,23,20,59,臺中市,西屯區,0,1,0,8,3,5,50,14,9,1,5,4,5,7,1,1,5,4,5,2,13,23,3,10,1,1,B03,7,9,1,8,2,1,,23,23,1,22,8,B03,120.635871,24.17611,2
2023,2,23,21,0,臺中市,西屯區,0,2,0,8,3,5,50,14,9,1,5,4,5,7,4,4,5,4,5,2,17,42,2,9,1,1,C03,7,15,1,10,2,12,,42,42,1,22,8,C03,120.638465,24.180565,2
2023,2,23,21,6,臺中市,大里區,0,0,0,8,,,50,,,,,,,,,,,,,,,23,,,,,C03,,,1,,2,,,23,,1,22,,C03,120.694071,24.111626,3
2023,2,23,21,7,臺中市,西屯區,0,0,0,8,,,50,,,,,,,,,,,,,,,6,,,,,B03,,,1,,1,,,6,,1,22,,B03,120.637721,24.166826,3
2023,2,23,21,10,臺中市,北區,0,2,0,8,3,5,50,5,1,1,5,4,5,7,2,1,2,5,5,2,16,26,3,10,1,1,B03,7,6,1,8,2,5,,26,26,1,21,8,B03,120.686252,24.15482,2
2023,2,23,21,18,臺中市,北區,0,1,0,8,1,5,50,14,9,1,5,4,5,7,4,4,1,4,5,2,16,7,2,9,1,1,C03,7,7,1,10,2,14,,7,7,1,22,8,C03,120.684085,24.149878,2
2023,2,23,21,20,臺中市,北屯區,0,1,0,8,3,5,50,4,1,1,5,4,5,7,1,1,10,5,5,2,17,6,3,10,1,1,B03,7,5,1,8,2,2,,6,6,1,21,8,B03,120.692168,24.169013,2
2023,2,23,21,21,臺中市,南區,0,1,0,8,3,5,30,4,1,1,5,4,5,7,4,4,10,5,5,2,15,6,3,10,1,1,B03,7,9,1,8,2,2,,6,6,1,5,8,B03,120.656603,24.119318,2
2023,2,23,21,36,臺中市,龍井區,0,2,0,8,3,5,40,3,1,1,5,4,5,7,4,4,10,5,5,2,13,23,2,9,1,1,C03,7,5,1,10,2,11,,23,23,1,18,8,C03,120.593941,24.19082,2
2023,2,23,21,40,臺中市,南屯區,0,1,0,7,3,5,50,14,7,1,5,4,5,7,4,4,5,4,4,2,16,19,3,10,3,4,B03,7,1,1,8,2,8,,19,19,1,22,8,B03,120.608628,24.137066,2
2023,2,23,22,2,臺中市,北區,0,0,0,8,,,50,,,,,,,,,,,,,,,42,,,,,B03,,,1,,1,,,42,,1,22,,B03,120.67462,24.146746,3
2023,2,23,22,7,臺中市,烏日區,0,0,0,8,,,50,,,,,,,,,,,,,,,23,,,,,C03,,,1,,2,,,23,,1,21,,C03,120.635353,24.109851,3
2023,2,23,22,9,臺中市,南屯區,0,2,0,8,3,5,50,4,1,1,5,4,5,7,2,1,5,4,5,2,16,23,3,10,3,4,B03,7,9,1,8,2,5,,23,23,1,4,9,B03,120.646808,24.148836,2
2023,2,23,22,15,臺中市,中區,0,2,0,8,3,5,50,4,1,1,5,4,5,7,2,1,10,5,5,2,16,10,3,10,1,1,B01,7,11,1,4,2,3,,10,10,1,20,8,B01,120.683678,24.141513,2
2023,2,23,22,25,臺中市,龍井區,0,0,0,8,,,30,,,,,,,,,,,,,,,12,,,,,B03,,,1,,2,,,12,,1,22,,B03,120.589764,24.183205,3
2023,2,23,22,26,臺中市,沙鹿區,0,1,0,8,3,5,50,3,1,1,5,4,5,7,4,4,10,5,5,2,13,16,2,8,1,1,C03,7,9,1,10,2,11,,16,16,1,18,5,C03,120.574235,24.228204,2
2023,2,23,22,30,臺中市,大雅區,0,1,0,8,3,5,50,3,9,1,5,4,5,7,4,4,5,5,5,1,12,23,2,9,1,1,C03,7,9,2,18,2,11,,23,23,1,21,8,C03,120.65332,24.216961,2
2023,2,23,22,35,臺中市,北屯區,0,0,0,8,,,50,,,,,,,,,,,,,,,23,,,,,B03,,,3,,1,,,23,,1,22,,B03,120.718151,24.159717,3
2023,2,23,22,50,臺中市,北屯區,0,1,0,8,3,5,50,14,9,1,5,4,5,7,4,4,1,4,5,2,17,23,2,9,1,1,C03,7,9,1,10,2,11,,23,23,1,18,8,C03,120.734208,24.17294,2
2023,2,23,22,58,臺中市,南區,0,2,0,8,3,5,50,4,1,1,5,4,5,7,1,1,10,5,5,2,15,25,2,9,1,1,C03,7,9,1,10,2,11,,25,25,1,22,8,C03,120.671374,24.122361,2
2023,2,23,23,20,臺中市,清水區,0,1,0,8,3,5,50,14,9,1,5,4,5,7,4,4,5,5,5,1,18,23,2,9,1,1,C03,7,9,6,18,8,14,,23,23,1,21,8,C03,120.57521,24.28035,2
2023,2,23,23,27,臺中市,西屯區,0,1,0,8,3,5,50,4,1,1,5,4,5,7,4,4,10,5,5,2,17,6,2,9,3,4,C03,7,9,1,10,1,11,,6,6,1,22,9,C03,120.646236,24.184424,2
2023,2,23,23,45,臺中市,烏日區,0,1,0,7,3,5,50,5,1,1,5,4,5,7,4,4,1,5,5,2,23,23,2,9,1,1,C03,7,9,1,10,2,11,14,23,23,1,21,8,C03,120.643586,24.113436,2
2023,2,23,23,53,臺中市,豐原區,0,1,0,8,3,5,50,14,9,1,5,4,5,7,3,1,5,5,5,2,17,23,2,1,1,1,C03,7,9,1,10,8,15,,23,23,1,22,8,C03,120.720661,24.25049,2
2023,2,24,0,0,臺中市,西屯區,0,0,0,8,,,30,,,,,,,,,,,,,,,18,,,,,B03,,,1,,2,,,18,,1,4,,B03,120.650941,24.175265,3
2023,2,24,0,13,臺中市,西屯區,0,1,0,8,3,5,50,14,9,1,5,4,5,7,4,4,9,5,5,2,17,1,2,9,3,4,B03,7,4,1,8,2,15,,1,1,1,22,9,B03,120.635027,24.174744,2
2023,2,24,0,19,臺中市,南屯區,0,0,0,8,,,50,,,,,,,,,,,,,,,38,,,,,C03,,,1,,1,,,38,,1,22,,C03,120.638595,24.142665,3
2023,2,24,0,19,臺中市,太平區,0,1,0,8,3,5,50,4,1,1,5,4,5,7,1,1,10,5,5,2,15,25,3,10,1,1,B03,7,9,1,8,2,1,,25,25,1,22,8,B03,120.701846,24.153107,2
2023,2,24,1,3,臺中市,梧棲區,0,1,0,8,3,5,70,4,1,1,5,4,5,7,1,1,10,5,5,2,16,6,3,10,1,1,B12,7,6,1,3,2,5,,6,6,1,11,1,B12,120.542456,24.219276,2
2023,2,24,1,19,臺中市,西區,0,1,0,8,3,5,50,4,1,1,5,4,5,7,2,1,10,5,5,2,16,10,3,10,1,1,B03,7,11,1,8,2,2,,10,10,1,20,8,B03,120.665899,24.137151,2
2023,2,24,1,22,臺中市,烏日區,0,0,0,8,,,50,,,,,,,,,,,,,,,4,,,,,B03,,,1,,9,,,4,,1,21,,B03,120.638956,24.112088,3
2023,2,24,1,22,臺中市,豐原區,0,0,0,,,,50,,,,,,,,,,,,,,,12,,,,,B03,,,1,,2,,,12,,1,22,,B03,120.719478,24.251782,3
2023,2,24,1,43,臺中市,西屯區,0,1,0,8,1,5,50,4,1,1,5,4,5,7,4,4,8,4,4,1,17,16,2,8,1,4,C03,7,9,1,10,1,14,,16,16,1,4,8,C03,120.644993,24.175496,2
2023,2,24,2,32,臺中市,霧峰區,0,1,0,8,3,5,50,14,9,1,5,4,5,7,4,4,9,4,5,1,19,23,2,8,1,1,C03,7,9,1,10,2,11,,23,23,1,18,9,C03,120.708916,24.08357,2
2023,2,24,4,45,臺中市,東區,0,1,0,8,3,5,50,4,1,1,5,4,5,7,1,1,10,5,5,2,16,6,3,10,1,1,B12,7,5,1,6,3,6,,6,6,1,5,8,B12,120.699425,24.144694,2
2023,2,24,5,1,臺中市,南屯區,0,1,0,8,3,5,50,14,9,1,5,4,5,7,2,1,1,4,5,2,13,23,3,10,1,1,A12,7,9,1,2,2,1,,23,23,1,22,8,A12,120.646472,24.130792,2
2023,2,24,5,16,臺中市,豐原區,0,1,0,8,3,5,30,4,1,1,5,4,5,7,4,4,10,5,5,2,16,6,2,9,1,1,C03,7,6,1,10,2,15,,6,6,1,22,8,C03,120.70735,24.23958,2
2023,2,24,5,42,臺中市,西屯區,0,0,0,8,,,50,,,,,,,,,,,,,,,23,,,,,B03,,,3,,1,,,23,,1,22,,B03,120.635879,24.181852,3
2023,2,24,6,1,臺中市,南屯區,0,0,0,8,,,50,,,,,,,,,,,,,,,6,,,,,B03,,,1,,1,,,6,,1,22,,B03,120.61231,24.150248,3
2023,2,24,6,20,臺中市,南區,0,2,0,8,1,5,50,5,2,1,5,4,5,7,2,1,1,2,5,2,13,23,2,8,1,1,C03,7,9,1,10,2,11,,23,23,1,5,8,C03,120.657849,24.11258,2
2023,2,24,6,40,臺中市,梧棲區,0,1,0,8,1,5,50,14,9,1,5,4,5,7,4,4,9,4,5,1,17,42,3,10,1,1,C03,7,9,1,10,2,15,,42,42,1,11,1,C03,120.546524,24.240048,2
2023,2,24,6,42,臺中市,北區,0,1,0,8,1,5,50,4,1,1,5,4,5,7,4,4,10,5,5,2,15,6,3,10,1,1,E03,7,9,1,8,2,2,,6,6,1,23,8,E03,120.67739,24.158213,2
2023,2,24,6,45,臺中市,南屯區,0,0,0,8,,,50,,,,,,,,,,,,,,,26,,,,,C03,,,3,,10,,,26,,2,22,,C03,120.630976,24.125795,3
2023,2,24,6,50,臺中市,神岡區,0,1,0,8,1,5,50,4,1,1,5,4,5,7,1,1,10,5,5,2,15,42,3,10,1,1,F03,7,9,8,20,2,16,,42,42,1,22,1,F03,120.699124,24.235565,2
2023,2,24,6,53,臺中市,南區,0,2,0,8,1,5,50,4,1,1,5,4,5,7,4,4,10,5,5,2,15,6,2,9,1,1,C03,7,9,1,10,2,11,,6,6,1,3,8,C03,120.666388,24.122116,2
2023,2,24,6,55,臺中市,石岡區,0,1,0,8,1,5,70,3,1,1,5,4,5,7,3,1,10,5,5,2,17,6,2,9,1,1,C03,7,5,1,10,2,14,,6,6,1,22,8,C03,120.76741,24.276,2
2023,2,24,7,5,臺中市,大里區,0,0,0,8,,,60,,,,,,,,,,,,,,,23,,,,,B12,,,1,,2,,,23,,1,21,,B12,120.671258,24.102386,3
2023,2,24,7,8,臺中市,潭子區,0,1,0,8,1,5,30,3,1,1,5,4,5,7,1,1,1,4,4,1,17,6,3,10,1,1,B03,7,5,1,8,2,5,,6,6,1,22,8,B03,120.707124,24.224066,2
2023,2,24,7,9,臺中市,西屯區,0,2,0,8,1,5,50,4,1,1,5,4,5,7,1,1,4,3,5,2,16,6,3,10,1,1,B03,7,5,1,8,2,2,,6,6,1,22,8,B03,120.644591,24.18508,2
2023,2,24,7,12,臺中市,清水區,0,1,0,8,1,5,50,3,2,1,5,4,5,7,4,4,5,5,5,2,12,42,2,9,1,1,F01,7,7,8,20,2,16,,42,42,1,15,2,F01,120.562103,24.270441,2
2023,2,24,7,14,臺中市,北屯區,0,1,0,8,1,5,50,4,1,1,5,4,5,7,2,1,10,5,5,2,16,6,3,10,1,1,B03,7,6,1,8,2,5,,6,6,1,5,8,B03,120.685229,24.169455,2
2023,2,24,7,18,臺中市,沙鹿區,0,0,0,8,,,50,,,,,,,,,,,,,,,7,,,,,B03,,,1,,2,,,7,,1,20,,B03,120.558594,24.22928,3
2023,2,24,7,19,臺中市,西屯區,0,0,0,8,,,50,,,,,,,,,,,,,,,7,,,,,B03,,,1,,2,,,7,,1,4,,B03,120.65288,24.195075,3
2023,2,24,7,20,臺中市,南屯區,0,1,0,8,1,5,50,4,1,1,5,4,5,7,1,1,10,5,5,2,3,23,3,10,1,1,C03,7,9,1,10,2,11,,23,23,1,22,8,C03,120.640436,24.144466,2
2023,2,24,7,20,臺中市,豐原區,0,2,0,8,1,5,50,14,8,1,5,4,5,7,4,4,5,4,4,2,17,40,3,10,1,5,H02,7,19,8,20,10,16,,60,44,1,15,2,H02,120.716821,24.239079,2
2023,2,24,7,23,臺中市,北屯區,0,0,0,8,,,80,,,,,,,,,,,,,,,16,,,,,B03,,,1,,1,,,16,,1,5,,B03,120.684722,24.201138,3
2023,2,24,7,24,臺中市,西屯區,0,2,0,8,2,5,50,4,2,1,5,4,5,7,1,1,1,2,5,2,13,16,2,1,1,1,C03,7,9,1,10,2,11,12,16,16,1,9,1,C03,120.629382,24.204214,2
2023,2,24,7,25,臺中市,東區,0,0,0,8,1,5,50,14,7,1,5,4,5,7,4,4,5,5,5,2,12,23,3,10,1,1,C03,7,9,1,10,11,14,,23,23,2,5,8,C03,120.690185,24.132582,3
2023,2,24,7,27,臺中市,大雅區,0,3,0,8,1,5,50,4,1,1,5,4,5,7,1,1,9,4,4,1,17,25,3,10,1,1,B03,7,6,1,8,2,5,,25,25,1,22,9,B03,120.649223,24.216178,2
2023,2,24,7,30,臺中市,南區,0,0,0,8,,,50,,,,,,,,,,,,,,,23,,,,,C03,,,1,,2,,,23,,1,4,,C03,120.655123,24.115251,3
2023,2,24,7,30,臺中市,烏日區,0,0,0,,,,40,,,,,,,,,,,,,,,42,,,,,C03,,,1,,2,,,42,,1,21,,C03,120.648123,24.085967,4
2023,2,24,7,30,臺中市,烏日區,0,0,0,8,1,5,50,14,8,1,5,4,5,7,4,4,10,4,4,2,12,17,3,10,3,4,B03,7,8,1,8,3,6,,17,17,1,21,9,B03,120.616412,24.113012,3
2023,2,24,7,30,臺中市,神岡區,0,0,0,8,,,50,,,,,,,,,,,,,,,16,,,,,B03,,,1,,2,,,16,,1,12,,B03,120.682534,24.243346,3
2023,2,24,7,32,臺中市,大里區,0,1,0,8,1,5,50,4,1,1,5,4,5,7,1,1,1,4,4,1,17,6,3,10,3,4,B03,7,6,1,8,2,2,,6,6,1,12,1,B03,120.696553,24.085618,2
2023,2,24,7,33,臺中市,太平區,0,1,0,8,1,5,50,4,1,1,5,4,5,7,4,4,10,5,5,2,16,6,2,9,1,1,C03,7,6,1,10,2,14,,6,6,1,22,5,C03,120.719297,24.103128,2
2023,2,24,7,37,臺中市,北屯區,0,1,0,8,1,5,50,4,1,1,5,4,5,7,4,4,10,5,5,2,17,8,3,10,1,1,B03,7,5,1,8,2,5,,8,8,1,5,8,B03,120.714573,24.168089,2
2023,2,24,7,37,臺中市,大里區,0,0,0,8,,,50,,,,,,,,,,,,,,,23,,,,,B03,,,1,,2,,,23,,1,22,,B03,120.683046,24.105395,3
2023,2,24,7,38,臺中市,后里區,0,0,0,8,2,5,50,14,7,1,5,4,5,7,1,1,5,5,4,2,13,16,,,,,B03,,,1,,1,,,16,,1,22,,B03,120.708306,24.305902,3
2023,2,24,7,40,臺中市,太平區,0,2,0,8,1,5,30,3,1,1,5,4,5,7,4,4,10,5,5,2,16,6,2,9,1,1,C03,7,5,1,10,2,11,,6,6,1,22,8,C03,120.701953,24.112314,2
2023,2,24,7,40,臺中市,豐原區,0,0,0,8,1,2,50,14,8,1,5,4,5,7,1,1,1,4,4,1,13,23,3,10,1,1,B03,7,3,1,8,2,1,,23,23,1,21,8,B03,120.727219,24.238932,3
2023,2,24,7,43,臺中市,大里區,0,2,0,8,1,5,40,14,9,1,5,4,5,7,4,4,9,5,5,1,16,26,2,7,1,1,C03,7,1,1,10,2,14,,26,26,1,20,8,C03,120.697255,24.090195,2
2023,2,24,7,43,臺中市,大里區,0,2,0,8,1,5,50,4,1,1,5,4,5,7,4,4,5,5,5,1,16,6,2,9,1,1,C03,7,9,1,10,2,11,,6,6,1,5,8,C03,120.684786,24.11023,2
2023,2,24,7,44,臺中市,太平區,0,1,0,8,1,5,50,5,1,1,5,4,5,7,3,1,10,5,5,2,17,42,2,5,1,1,C03,7,15,1,10,2,13,,42,42,1,22,5,C03,120.708849,24.154144,2
2023,2,24,7,44,臺中市,豐原區,0,0,0,8,,,50,,,,,,,,,,,,,,,26,,,,,B03,,,1,,2,,,26,,1,22,,B03,120.707312,24.237294,3
2023,2,24,7,45,臺中市,大雅區,0,1,0,8,1,5,50,4,1,1,5,4,5,7,1,1,3,4,4,1,12,6,3,10,1,1,A12,7,6,1,7,9,2,,6,6,2,22,9,A12,120.656455,24.220801,2
2023,2,24,7,45,臺中市,龍井區,0,0,0,8,,,40,,,,,,,,,,,,,,,17,,,,,A31,,,1,,2,,,17,,1,10,,A31,120.494073,24.21375,3
2023,2,24,7,45,臺中市,沙鹿區,0,2,0,8,1,5,40,14,12,1,5,4,5,7,4,4,1,4,4,1,13,23,2,9,1,1,C03,7,9,1,10,2,14,,23,23,1,21,8,C03,120.575288,24.247375,2
2023,2,24,7,45,臺中市,沙鹿區,0,1,0,8,1,5,50,4,1,1,5,4,5,7,4,4,10,5,5,2,15,6,2,8,1,1,C03,7,9,1,10,2,11,,6,6,1,20,9,C03,120.572451,24.26017,2
2023,2,24,7,45,臺中市,后里區,0,2,0,8,1,5,50,4,1,1,5,4,5,7,2,1,10,5,5,2,13,13,2,9,1,1,C03,7,9,1,10,2,11,,13,13,1,4,1,C03,120.689202,24.314444,2
2023,2,24,7,46,臺中市,北屯區,0,3,0,8,1,5,30,11,9,1,5,4,5,7,4,4,5,4,5,2,16,26,2,9,1,1,C03,7,11,1,10,2,11,,26,26,1,22,8,C03,120.707538,24.169646,2
2023,2,24,7,46,臺中市,大甲區,0,1,0,8,1,5,50,3,1,1,5,4,5,7,1,1,10,5,5,2,16,9,3,10,1,1,B03,7,6,1,8,2,5,,9,9,1,21,8,B03,120.63182,24.34032,2
2023,2,24,7,47,臺中市,潭子區,0,1,0,8,1,5,50,14,9,1,5,4,5,7,4,4,1,4,5,2,13,23,2,8,1,1,C03,7,9,1,10,2,11,,23,23,1,22,8,C03,120.717781,24.197709,2
2023,2,24,7,47,臺中市,沙鹿區,0,0,0,8,,,50,,,,,,,,,,,,,,,16,,,,,B03,,,1,,2,,,16,,1,4,,B03,120.5692,24.20197,3
2023,2,24,7,47,臺中市,豐原區,0,1,0,8,1,5,50,14,7,1,5,4,5,7,4,4,5,5,4,2,17,44,3,10,1,1,A04,7,8,1,2,2,3,,44,7,1,22,8,A04,120.706081,24.242458,2
2023,2,24,7,50,臺中市,西屯區,0,0,0,8,,,50,,,,,,,,,,,,,,,16,,,,,B03,,,1,,2,,,16,,1,4,,B03,120.603228,24.184923,3
2023,2,24,7,51,臺中市,北屯區,0,1,0,8,1,5,50,14,7,1,5,4,5,7,4,4,5,5,4,2,16,26,2,9,1,1,C03,7,5,1,10,2,12,,26,26,1,21,8,C03,120.670606,24.177856,2
2023,2,24,7,51,臺中市,西屯區,0,0,0,8,,,30,,,,,,,,,,,,,,,16,,,,,C03,,,1,,2,,,16,,1,22,,C03,120.614019,24.160005,3
2023,2,24,7,52,臺中市,大里區,0,0,0,8,,,50,,,,,,,,,,,,,,,16,,,,,B03,,,1,,2,,,16,,1,22,,B03,120.693569,24.111742,3
2023,2,24,7,54,臺中市,霧峰區,0,2,0,8,1,5,30,4,1,1,5,4,5,7,1,1,5,4,4,2,12,23,2,8,3,4,C03,7,9,1,10,2,11,,23,23,1,12,8,C03,120.679971,24.07095,2
2023,2,24,7,54,臺中市,豐原區,0,0,0,8,,,50,,,,,,,,,,,,,,,6,,,,,C03,,,1,,2,,,6,,1,22,,C03,120.714637,24.257454,3
2023,2,24,7,55,臺中市,太平區,0,2,0,8,1,5,50,14,12,1,5,4,5,7,4,4,5,5,5,1,17,26,2,8,1,1,C03,7,11,1,10,2,11,,26,26,1,22,8,C03,120.725563,24.133397,2
2023,2,24,7,59,臺中市,西屯區,0,2,0,8,1,5,40,4,1,1,5,4,5,7,1,1,10,5,5,2,13,16,2,9,1,4,C03,7,9,1,10,2,11,,16,16,1,22,8,C03,120.655911,24.158976,2
2023,2,24,8,0,臺中市,西屯區,0,1,0,8,1,5,50,14,9,1,5,4,5,7,4,4,9,4,5,2,16,9,3,10,1,1,B03,7,6,1,8,2,2,,9,9,1,21,1,B03,120.639496,24.159576,2
2023,2,24,8,0,臺中市,沙鹿區,0,0,0,8,,,50,,,,,,,,,,,,,,,23,,,,,B03,,,1,,1,,,23,,1,21,,B03,120.609267,24.243127,3
2023,2,24,8,1,臺中市,南區,0,0,0,,,,50,,,,,,,,,,,,,,,16,,,,,B12,,,1,,2,,,16,,1,5,,B12,120.652357,24.113006,3
2023,2,24,8,1,臺中市,大里區,0,1,0,8,1,5,30,11,9,1,5,4,5,7,4,4,10,5,5,2,11,23,2,8,1,1,C03,7,9,1,10,2,14,,23,23,1,5,8,C03,120.681345,24.116313,2
2023,2,24,8,3,臺中市,西區,0,1,0,8,1,5,50,4,1,1,5,4,5,7,4,4,10,5,5,2,15,6,2,9,1,1,C03,7,9,1,10,2,12,,6,6,1,4,5,C03,120.657099,24.155094,2
2023,2,24,8,3,臺中市,西屯區,0,1,0,8,1,5,30,14,9,1,5,4,5,7,4,4,10,5,5,2,18,23,2,9,1,1,C03,7,9,1,10,2,14,,23,23,1,4,8,C03,120.633213,24.177828,2
2023,2,24,8,4,臺中市,南屯區,0,2,0,8,1,5,40,14,8,1,5,4,5,7,4,4,5,4,4,2,17,19,2,9,1,1,C03,7,1,1,10,2,14,,19,19,1,22,8,C03,120.634652,24.1547,2
2023,2,24,8,5,臺中市,霧峰區,0,1,0,8,1,5,40,14,9,1,5,4,5,7,1,1,9,5,5,2,16,23,3,10,3,4,B03,6,8,1,8,2,2,,7,23,1,3,8,B03,120.686263,24.053613,2
2023,2,24,8,8,臺中市,北區,0,1,0,8,1,5,50,4,1,1,5,4,5,7,2,1,10,5,5,2,13,23,3,10,1,1,C03,7,9,1,10,2,11,,23,23,1,22,9,C03,120.681667,24.148916,2
2023,2,24,8,9,臺中市,潭子區,0,1,0,8,1,5,30,3,1,1,5,4,5,7,4,4,1,4,4,1,17,6,3,10,1,1,B12,7,6,1,8,2,1,,6,6,1,22,8,B12,120.705764,24.217623,2
2023,2,24,8,9,臺中市,南屯區,0,2,0,8,1,5,50,3,1,1,5,4,5,7,4,4,5,5,5,2,15,11,2,9,1,1,C03,7,11,4,8,1,12,,11,11,1,22,9,C03,120.634575,24.155052,2
2023,2,24,8,9,臺中市,北屯區,0,2,0,8,1,5,50,3,1,1,5,4,5,7,4,4,10,5,5,2,16,19,2,9,1,1,C03,7,1,1,10,2,12,,19,19,1,22,8,C03,120.707495,24.169905,2
2023,2,24,8,10,臺中市,大肚區,0,0,0,8,,,70,,,,,,,,,,,,,,,23,,,,,B03,,,1,,2,,,23,,1,4,,B03,120.553949,24.131985,3