年,月,日,時,分,縣市,區,死,受傷,2-30,天候,光線,道路類別,速限,道路型態,事故位置,路面鋪裝,路面狀態,路面缺陷,障礙物,視距,號誌種類,號誌動作,分向設施,快車道或一般車道間,快慢車道間,路面邊線,事故類型及型態,主要肇因,受傷程度,主要傷處,保護裝備,行動電話,當事者區分,車輛用途,當事者行動狀態,駕駛資格情形,駕駛執照種類,飲酒情形,車輛撞擊部位最初,車輛撞擊部位其他,肇事因素個別,肇事因素主要,肇事逃逸,職業,旅次目的,車種,GPS緯度,GPS經度,事故類別
2023,2,24,8,11,臺中市,新社區,0,0,0,8,,,50,,,,,,,,,,,,,,,6,,,,,C03,,,1,,2,,,23,44,1,22,,C03,120.797649,24.202739,3
2023,2,24,8,13,臺中市,清水區,0,0,0,8,,,60,,,,,,,,,,,,,,,26,,,,,B03,,,1,,2,,,26,,1,5,,B03,120.596321,24.304296,3
2023,2,24,8,15,臺中市,大雅區,0,0,0,8,,,30,,,,,,,,,,,,,,,23,,,,,B03,,,1,,2,,,23,,1,22,,B03,120.623278,24.230014,3
2023,2,24,8,19,臺中市,北屯區,0,1,0,8,1,5,50,14,9,1,5,4,5,7,4,4,1,4,5,2,13,16,2,9,1,1,C03,7,9,1,10,1,11,14,16,16,1,5,8,C03,120.669823,24.17375,2
2023,2,24,8,20,臺中市,梧棲區,0,0,0,8,,,40,,,,,,,,,,,,,,,16,,,,,C03,,,1,,2,,,16,16,1,5,,C03,120.542375,24.246999,3
2023,2,24,8,20,臺中市,豐原區,0,1,0,8,1,5,50,14,5,1,5,4,5,7,4,4,5,4,4,2,18,44,2,9,1,1,C03,7,9,1,10,2,14,,44,44,1,22,8,C03,120.714063,24.252298,2
2023,2,24,8,23,臺中市,北屯區,0,0,0,8,,,50,,,,,,,,,,,,,,,23,,,,,A11,,,1,,1,,,23,,1,5,,A11,120.667906,24.20075,3
2023,2,24,8,24,臺中市,西區,0,0,0,8,,,60,,,,,,,,,,,,,,,23,,,,,B03,,,1,,2,,,23,,1,21,,B03,120.661587,24.155869,3
2023,2,24,8,24,臺中市,大里區,0,2,0,8,1,5,50,11,9,1,5,4,5,7,4,4,5,4,5,1,17,19,2,9,1,1,C04,7,1,1,11,2,14,,19,19,1,22,8,C04,120.669821,24.107462,2
2023,2,24,8,25,臺中市,南屯區,0,0,0,,,,60,,,,,,,,,,,,,,,23,,,,,E05,,,1,,1,,,23,,1,4,,E05,120.597531,24.155366,3
2023,2,24,8,26,臺中市,南屯區,0,1,0,8,1,5,50,4,1,1,5,4,5,7,1,1,10,5,5,2,16,6,3,10,1,1,C03,7,6,1,10,2,12,,6,6,1,22,8,C03,120.641993,24.140431,2
2023,2,24,8,28,臺中市,西區,0,1,0,8,1,5,50,4,1,1,5,4,5,7,4,4,10,5,5,2,15,6,2,6,1,1,C03,7,9,1,10,1,12,,6,6,1,5,8,C03,120.658837,24.149033,2
2023,2,24,8,29,臺中市,大里區,0,1,0,8,1,5,50,14,8,1,5,4,5,7,4,4,1,4,4,1,17,4,3,10,1,1,F01,7,9,8,20,11,16,,4,4,1,15,2,F01,120.690151,24.122743,2
2023,2,24,8,33,臺中市,潭子區,0,2,0,8,1,5,50,3,1,1,5,4,5,7,2,1,5,4,4,2,3,23,2,8,1,1,C03,7,9,1,10,2,11,,23,23,1,22,8,C03,120.701039,24.209742,2
2023,2,24,8,37,臺中市,潭子區,0,1,0,8,1,5,60,14,7,1,5,4,5,7,4,4,1,4,4,1,13,23,2,2,1,1,C03,7,9,1,10,2,11,,23,23,1,22,8,C03,120.702342,24.194826,2
2023,2,24,8,39,臺中市,西屯區,0,1,0,8,1,5,50,3,1,1,5,4,5,7,4,4,10,5,5,2,16,6,3,10,3,4,B12,7,6,1,8,2,6,,6,6,1,22,8,B12,120.655356,24.165693,2
2023,2,24,8,40,臺中市,烏日區,0,0,0,8,,,50,,,,,,,,,,,,,,,7,,,,,C03,,,1,,2,,,7,,1,23,,C03,120.623078,24.110727,3
2023,2,24,8,41,臺中市,南屯區,0,1,0,8,1,5,50,4,1,1,5,4,5,7,1,1,5,4,5,2,15,25,3,10,1,1,B03,7,9,1,8,2,2,,25,25,1,22,8,B03,120.640484,24.141405,2
2023,2,24,8,45,臺中市,北區,0,0,0,8,1,5,50,14,9,1,5,4,5,7,4,4,5,5,5,2,12,40,3,10,1,1,B03,7,13,1,8,1,4,,40,40,1,5,5,B03,120.677033,24.171638,3
2023,2,24,8,46,臺中市,北屯區,0,1,0,8,1,5,50,14,7,1,5,4,5,7,4,4,9,5,4,2,13,23,3,10,1,1,B03,7,9,1,8,2,1,,23,23,1,21,8,B03,120.72214,24.167013,2
2023,2,24,8,50,臺中市,東勢區,0,0,0,8,,,30,,,,,,,,,,,,,,,23,,,,,B12,,,1,,1,,,23,,1,22,,B12,120.830908,24.259661,3
2023,2,24,8,53,臺中市,西屯區,0,1,0,8,1,5,40,14,8,1,5,4,5,7,4,4,1,5,1,2,16,6,3,10,1,1,B02,7,6,1,8,2,2,,6,6,1,21,8,B02,120.616886,24.182683,2
2023,2,24,8,55,臺中市,南屯區,0,1,0,8,1,5,40,14,8,1,5,4,5,7,4,4,1,4,1,2,27,23,2,9,1,1,C03,7,9,1,10,2,11,,23,23,1,4,8,C03,120.598775,24.154681,2
2023,2,24,8,57,臺中市,南屯區,0,1,0,8,1,5,50,14,9,1,5,4,5,7,4,4,1,4,5,2,13,23,2,9,1,1,C03,7,9,1,10,2,11,,23,23,1,20,9,C03,120.641931,24.140929,2
2023,2,24,8,58,臺中市,南區,0,1,0,8,1,5,50,3,9,1,5,4,5,7,4,4,5,5,5,2,17,23,3,10,1,1,B03,7,9,1,8,2,2,,23,23,1,21,8,B03,120.66706,24.128662,2
2023,2,24,9,0,臺中市,大肚區,0,0,0,8,,,70,,,,,,,,,,,,,,,12,,,,,B12,,,1,,2,,,12,,1,9,,B12,120.555598,24.129139,3
2023,2,24,9,0,臺中市,沙鹿區,0,1,0,8,1,5,40,15,8,1,5,4,5,7,4,4,1,4,3,1,18,23,2,8,1,1,C03,7,1,1,10,2,12,,23,23,1,22,9,C03,120.575694,24.22684,2
2023,2,24,9,1,臺中市,西屯區,0,0,0,8,,,50,,,,,,,,,,,,,,,7,,,,,B03,,,1,,2,,,7,,1,22,,B03,120.641076,24.167898,3
2023,2,24,9,4,臺中市,南屯區,0,2,0,8,1,5,50,14,9,1,5,4,5,7,4,4,5,4,5,2,16,10,3,10,1,1,B12,7,11,1,8,2,5,,10,10,1,22,8,B12,120.644975,24.140501,2
2023,2,24,9,4,臺中市,太平區,0,0,0,8,,,50,,,,,,,,,,,,,,,6,,,,,B01,,,1,,2,,,6,,1,22,,B01,120.717544,24.125468,3
2023,2,24,9,6,臺中市,西屯區,0,1,0,8,1,5,50,3,1,1,5,4,5,7,4,4,10,5,5,2,13,16,3,10,1,1,B01,7,5,1,4,2,8,,16,16,1,4,8,B01,120.607729,24.184544,2
2023,2,24,9,7,臺中市,西區,0,0,0,8,,,50,,,,,,,,,,,,,,,25,,,,,C03,,,1,,1,,,25,,1,4,,C03,120.660998,24.159166,3
2023,2,24,9,22,臺中市,潭子區,0,1,0,8,1,5,50,3,1,1,5,4,5,7,4,4,5,4,5,1,17,10,3,10,1,1,B03,7,11,1,8,2,8,,10,10,1,22,8,B03,120.72239,24.20127,2
2023,2,24,9,23,臺中市,南屯區,0,2,0,8,1,5,40,14,7,1,5,4,5,7,4,4,5,4,4,2,17,26,2,9,1,1,C03,7,11,3,18,2,12,,26,26,1,22,9,C03,120.635666,24.148728,2
2023,2,24,9,25,臺中市,南屯區,0,1,0,8,1,5,50,3,1,1,5,4,5,7,3,1,10,5,5,2,16,14,2,9,1,1,C04,7,5,3,18,2,12,,6,14,1,22,8,C04,120.635501,24.141391,2
2023,2,24,9,34,臺中市,南屯區,0,1,0,8,3,5,50,14,9,1,5,4,5,7,4,4,3,4,5,2,18,43,2,9,1,1,C03,7,9,1,10,2,12,,43,43,1,22,8,C03,120.653562,24.140004,2
2023,2,24,9,37,臺中市,南區,0,1,0,8,1,5,50,4,2,1,5,4,5,7,4,4,5,5,5,2,16,6,2,8,1,1,C03,7,5,1,10,11,12,,6,6,2,5,8,C03,120.682536,24.127447,2
2023,2,24,9,37,臺中市,烏日區,0,2,0,8,1,5,30,4,1,1,5,4,5,7,4,4,10,5,5,1,15,6,2,9,3,4,A12,7,9,1,1,2,5,,6,6,1,21,9,A12,120.634195,24.078695,2
2023,2,24,9,39,臺中市,南區,0,0,0,8,,,50,,,,,,,,,,,,,,,17,,,,,B12,,,1,,2,,,17,,1,3,,B12,120.658741,24.1172,3
2023,2,24,9,40,臺中市,大雅區,0,1,0,8,1,5,50,14,8,1,5,4,5,7,4,4,9,4,5,2,17,6,3,10,1,1,C03,7,11,1,10,2,15,,6,6,1,22,9,C03,120.647989,24.223446,2
2023,2,24,9,41,臺中市,西區,0,0,0,8,,,50,,,,,,,,,,,,,,,16,,,,,B12,,,1,,1,,,16,,1,21,,B12,120.656886,24.150983,3
2023,2,24,9,42,臺中市,東區,0,1,0,8,1,5,50,4,1,1,5,4,5,7,1,1,10,5,5,2,16,6,3,10,1,1,B01,7,6,1,4,2,5,,6,6,1,22,8,B01,120.698817,24.132951,2
2023,2,24,9,45,臺中市,龍井區,0,0,0,8,,,30,,,,,,,,,,,,,,,23,,,,,B12,,,1,,2,,,23,,1,12,,B12,120.516083,24.213275,3
2023,2,24,9,45,臺中市,梧棲區,0,0,0,8,,,50,,,,,,,,,,,,,,,12,,,,,B03,,,1,,1,,,12,,1,9,,B03,120.537172,24.262321,3
2023,2,24,9,47,臺中市,南屯區,0,1,0,8,1,5,50,14,9,1,5,4,5,7,4,4,9,5,5,2,16,10,3,10,1,1,B01,7,11,1,3,2,8,,10,10,1,22,9,B01,120.649442,24.155626,2
2023,2,24,9,47,臺中市,龍井區,0,1,0,8,1,5,60,5,1,1,5,4,5,7,1,1,10,5,5,2,16,26,3,10,1,1,B03,7,5,1,8,2,2,,26,26,1,12,8,B03,120.536909,24.193508,2
2023,2,24,9,48,臺中市,太平區,0,1,0,8,1,5,50,5,9,1,5,4,5,7,1,1,5,5,5,2,13,16,2,7,1,1,C03,7,9,1,10,2,11,,16,16,1,22,8,C03,120.724808,24.149436,2
2023,2,24,9,48,臺中市,后里區,0,1,0,8,2,5,30,3,1,1,5,4,3,5,4,4,10,5,5,2,11,8,3,10,1,1,C03,7,5,1,10,2,11,,8,8,1,22,8,C03,120.707562,24.304886,2
2023,2,24,9,50,臺中市,東區,0,2,0,8,1,5,50,4,1,1,5,4,5,7,1,1,10,5,5,2,13,16,2,8,1,1,C03,7,9,1,10,2,11,,16,16,1,5,8,C03,120.700647,24.127312,2
2023,2,24,9,57,臺中市,西屯區,0,2,0,8,1,5,40,14,8,1,5,4,5,7,4,4,10,5,5,2,16,23,2,9,1,1,C03,7,9,1,10,2,12,,23,23,1,4,8,C03,120.654844,24.159959,2
2023,2,24,9,58,臺中市,南屯區,0,1,0,8,1,5,50,4,1,1,5,4,5,7,4,4,10,5,5,2,17,6,3,10,1,1,B03,7,6,1,8,2,15,,6,6,1,22,8,B03,120.632658,24.149891,2
2023,2,24,10,1,臺中市,大里區,0,1,0,8,3,5,50,14,9,1,5,4,5,7,2,1,5,5,5,1,12,23,3,10,1,1,B03,7,9,1,8,2,5,,23,23,1,4,8,B03,120.696281,24.111275,2
2023,2,24,10,7,臺中市,霧峰區,0,0,0,8,1,5,50,14,13,1,5,4,5,7,4,4,5,5,5,1,14,12,,,,,B03,,,1,,2,,,12,,1,18,,B03,120.714461,24.075491,3
2023,2,24,10,9,臺中市,南屯區,0,0,0,8,,,50,,,,,,,,,,,,,,,16,,,,,C03,,,4,11,2,,,16,16,1,22,,C03,120.634593,24.155051,3
2023,2,24,10,10,臺中市,南區,0,1,0,8,1,5,50,4,1,1,5,4,5,7,1,1,10,4,5,2,12,42,3,10,1,1,C03,7,15,1,10,11,12,,42,42,1,22,8,C03,120.654167,24.116536,2
2023,2,24,10,10,臺中市,東勢區,0,0,0,8,,,50,,,,,,,,,,,,,,,12,,,,,B12,,,1,,2,,,12,12,1,19,,B12,120.829259,24.258632,3
2023,2,24,10,13,臺中市,中區,0,1,0,8,1,5,50,4,1,1,5,4,5,7,1,1,10,5,5,2,16,25,3,10,1,1,B03,7,5,6,18,2,1,,25,25,1,5,8,B03,120.676898,24.141947,2
2023,2,24,10,13,臺中市,南區,0,0,0,8,,,50,,,,,,,,,,,,,,,4,,,,,B03,,,1,,2,,,4,,1,20,,B03,120.647398,24.109898,3
2023,2,24,10,14,臺中市,和平區,0,1,0,8,1,5,40,14,9,1,5,4,5,7,4,4,5,5,5,1,18,21,2,1,1,1,C03,7,9,1,10,6,15,,21,21,1,7,8,C03,120.920838,24.29746,2
2023,2,24,10,15,臺中市,大里區,0,1,0,8,1,5,50,4,1,1,5,4,5,7,4,4,5,4,5,2,12,23,2,8,1,1,F03,7,9,8,20,2,16,,23,23,1,22,8,F03,120.703254,24.108285,2
2023,2,24,10,19,臺中市,大里區,0,0,0,8,,,50,,,,,,,,,,,,,,,16,,,,,C03,,,1,,2,,,16,16,1,22,,C03,120.677341,24.097534,3
2023,2,24,10,20,臺中市,西屯區,0,1,0,8,1,5,50,3,1,1,5,4,5,7,4,4,10,5,5,2,16,6,2,9,1,1,C03,7,6,1,10,2,14,,6,6,1,21,1,C03,120.641125,24.17699,2
2023,2,24,10,20,臺中市,西屯區,0,1,0,8,1,5,80,14,9,1,5,4,5,7,4,4,1,4,5,2,13,7,3,10,1,1,B12,7,7,1,8,2,7,,7,7,1,4,8,B12,120.62567,24.157172,2
2023,2,24,10,27,臺中市,清水區,0,1,0,8,1,5,50,4,1,1,5,4,5,7,1,1,10,5,5,2,3,23,3,10,1,1,B12,7,5,1,8,2,1,,23,23,1,20,5,B12,120.566606,24.268285,2
2023,2,24,10,30,臺中市,北區,0,0,0,8,,,50,,,,,,,,,,,,,,,43,,,,,,,,,,,,,43,,1,,,,120.678438,24.171164,3
2023,2,24,10,30,臺中市,西屯區,0,0,0,8,,,50,,,,,,,,,,,,,,,23,,,,,B11,,,1,,2,,,23,,1,22,,B11,120.609445,24.159471,3
2023,2,24,10,32,臺中市,北屯區,0,1,0,8,1,5,50,4,1,1,5,4,5,7,1,1,10,5,5,2,16,25,2,6,1,1,B03,7,6,1,8,1,8,,25,25,1,5,8,B03,120.676243,24.200541,2
2023,2,24,10,32,臺中市,太平區,0,1,0,8,1,5,50,3,1,1,5,4,5,7,1,1,10,5,5,2,16,25,2,9,1,1,C04,7,5,1,10,2,14,,25,25,1,22,5,C04,120.727214,24.157022,2
2023,2,24,10,35,臺中市,北區,0,1,0,8,1,5,50,4,2,1,5,4,5,7,4,4,5,4,5,2,16,6,3,10,3,4,B03,7,9,1,8,2,1,,6,6,1,22,9,B03,120.669449,24.171635,2
2023,2,24,10,35,臺中市,南屯區,0,1,0,8,1,5,50,14,9,1,5,4,5,7,4,4,5,4,5,2,16,23,2,9,1,1,C03,7,9,1,10,2,12,,23,23,1,4,8,C03,120.607865,24.138739,2
2023,2,24,10,37,臺中市,霧峰區,0,0,0,8,,,40,,,,,,,,,,,,,,,23,,,,,B12,,,1,,1,,,23,,1,3,,B12,120.70255,24.075877,3
2023,2,24,10,38,臺中市,潭子區,0,1,0,8,1,5,50,4,1,1,5,4,5,7,2,1,10,5,5,2,15,25,3,10,1,1,B03,7,9,6,18,9,1,,25,25,2,22,8,B03,120.70062,24.213452,2
2023,2,24,10,40,臺中市,東區,0,1,0,8,1,5,50,14,9,1,5,4,5,7,4,4,10,5,5,2,18,23,2,9,1,1,C03,7,9,1,10,2,12,,23,23,1,5,8,C03,120.689639,24.143183,2
2023,2,24,10,40,臺中市,烏日區,0,1,0,8,1,5,30,14,9,1,5,4,5,7,4,4,10,5,5,2,3,53,2,4,4,1,H01,8,16,8,20,2,16,,53,53,1,21,9,H01,120.625899,24.091142,2
2023,2,24,10,40,臺中市,豐原區,0,1,0,8,1,5,30,11,9,1,5,4,5,7,4,4,10,5,5,2,11,17,3,10,3,4,B03,7,9,1,8,2,7,,17,17,1,22,8,B03,120.746313,24.226455,2
2023,2,24,10,56,臺中市,龍井區,0,0,0,8,,,70,,,,,,,,,,,,,,,23,,,,,B12,,,1,,2,,,23,,1,12,,B12,120.542556,24.218754,3
2023,2,24,10,59,臺中市,烏日區,0,1,0,8,1,5,40,14,8,1,5,4,5,7,4,4,1,4,4,1,12,6,2,9,3,4,C03,7,9,4,11,2,11,,17,6,1,21,7,C03,120.613068,24.107013,2
2023,2,24,11,4,臺中市,西屯區,0,1,0,8,1,5,40,14,8,1,5,4,5,7,4,4,1,4,3,2,16,6,3,10,1,1,B03,7,6,1,8,2,2,,6,6,1,4,8,B03,120.634996,24.181053,2
2023,2,24,11,5,臺中市,南屯區,0,0,0,8,,,50,,,,,,,,,,,,,,,10,,,,,B03,,,1,,2,,,10,,1,22,,B03,120.632155,24.149566,3
2023,2,24,11,10,臺中市,北屯區,0,1,0,8,1,5,50,3,1,1,5,4,5,7,4,4,10,4,5,2,17,6,3,10,1,1,B03,7,6,1,8,2,5,,6,6,1,5,8,B03,120.690412,24.171589,2
2023,2,24,11,15,臺中市,中區,0,2,0,8,1,5,50,4,1,1,5,4,5,7,2,1,10,5,5,2,12,23,2,6,1,1,C03,7,9,1,10,2,12,,23,23,1,22,9,C03,120.677263,24.140206,2
2023,2,24,11,17,臺中市,西屯區,0,0,0,8,,,50,,,,,,,,,,,,,,,23,,,,,B03,,,1,,1,,,23,,1,21,,B03,120.639398,24.1688,3
2023,2,24,11,17,臺中市,西屯區,0,0,0,8,,,50,,,,,,,,,,,,,,,44,,,,,B03,,,1,,1,,,44,,1,22,,B03,120.656588,24.163604,3
2023,2,24,11,18,臺中市,北屯區,0,0,0,8,,,40,,,,,,,,,,,,,,,23,,,,,B11,,,1,,1,,,23,,1,22,,B11,120.694503,24.174848,3
2023,2,24,11,20,臺中市,大雅區,0,0,0,8,,,50,,,,,,,,,,,,,,,16,,,,,C03,,,1,,2,,,16,,1,22,,C03,120.667663,24.215785,3
2023,2,24,11,20,臺中市,豐原區,0,0,0,8,,,40,,,,,,,,,,,,,,,12,,,,,B03,,,1,,1,,,12,,1,22,,B03,120.729299,24.243944,3
2023,2,24,11,21,臺中市,北屯區,0,1,0,8,1,5,50,14,9,1,5,4,5,7,4,4,1,4,5,2,13,16,2,9,1,1,C03,7,9,1,10,2,11,,16,16,1,22,8,C03,120.684956,24.172265,2
2023,2,24,11,23,臺中市,中區,0,0,0,8,,,50,,,,,,,,,,,,,,,7,,,,,C03,,,1,,11,,,7,,1,22,,C03,120.679913,24.137942,3
2023,2,24,11,24,臺中市,西區,0,0,0,8,,,50,,,,,,,,,,,,,,,23,,,,,B12,,,1,,1,,,23,,1,22,,B12,120.666168,24.148919,3
2023,2,24,11,26,臺中市,北區,0,1,0,8,1,5,50,4,1,1,5,4,5,7,1,1,1,4,5,2,13,16,3,10,1,1,C03,7,9,4,8,2,11,,16,16,1,5,5,C03,120.68257,24.145978,2
2023,2,24,11,28,臺中市,南屯區,0,0,0,8,,,50,,,,,,,,,,,,,,,42,,,,,A11,,,1,,1,,,42,,1,22,,A11,120.632336,24.148161,3
2023,2,24,11,30,臺中市,大里區,0,1,0,8,1,5,50,4,9,1,5,4,5,7,2,1,1,3,4,1,13,23,3,10,1,1,A21,7,9,1,10,2,1,,23,23,1,10,8,A21,120.691863,24.100908,2
2023,2,24,11,30,臺中市,烏日區,0,1,0,8,1,5,30,11,9,1,5,4,5,7,4,4,10,5,5,2,11,5,3,10,1,1,B12,7,9,1,8,2,15,,5,5,1,21,8,B12,120.643088,24.067713,2
2023,2,24,11,35,臺中市,梧棲區,0,0,0,,,,50,,,,,,,,,,,,,,,42,,,,,B12,,,1,,2,,,42,42,1,4,,B12,120.536078,24.259077,3
2023,2,24,11,37,臺中市,太平區,0,0,0,8,,,30,,,,,,,,,,,,,,,67,,,,,,,,,,,,,67,,1,,,,120.714444,24.126375,3
2023,2,24,11,41,臺中市,北區,0,0,0,,,,50,,,,,,,,,,,,,,,23,,,,,C03,,,1,,2,,,23,,1,22,,C03,120.681549,24.155752,3
2023,2,24,11,48,臺中市,潭子區,0,0,0,8,,,50,,,,,,,,,,,,,,,42,,,,,B03,,,1,,2,,,42,,1,22,,B03,120.707869,24.21567,3
2023,2,24,11,48,臺中市,北區,0,1,0,8,1,5,50,14,9,1,5,4,5,7,4,4,1,5,5,2,17,17,3,10,1,1,B03,7,9,1,8,2,5,,17,17,1,22,9,B03,120.672732,24.157131,2
2023,2,24,11,48,臺中市,龍井區,0,0,0,,,,50,,,,,,,,,,,,,,,17,,,,,B03,,,1,,1,,,17,,1,22,,B03,120.588265,24.181057,3
2023,2,24,11,50,臺中市,西屯區,0,1,0,8,1,5,50,3,1,1,5,4,5,7,1,1,10,5,5,2,16,6,2,9,1,1,C03,7,5,1,10,1,12,,6,6,1,4,8,C03,120.656362,24.160391,2
2023,2,24,11,51,臺中市,西區,0,0,0,8,,,50,,,,,,,,,,,,,,,43,,,,,,,,,,,,,43,,1,,,,120.653506,24.149883,3
2023,2,24,11,54,臺中市,大里區,0,0,0,8,,,50,,,,,,,,,,,,,,,23,,,,,B02,,,1,,2,,,23,,1,12,,B02,120.689261,24.07792,3
2023,2,24,11,55,臺中市,大雅區,0,0,0,8,,,50,,,,,,,,,,,,,,,11,,,,,A12,,,1,,2,,,11,,1,22,,A12,120.648785,24.216022,3
2023,2,24,11,55,臺中市,南區,0,0,0,8,,,50,,,,,,,,,,,,,,,7,,,,,B01,,,1,,2,,,7,,1,22,,B01,120.650478,24.111899,3
2023,2,24,11,56,臺中市,潭子區,0,0,0,8,,,50,,,,,,,,,,,,,,,16,,,,,B12,,,1,,2,,,16,,1,22,,B12,120.669002,24.214698,3
2023,2,24,11,57,臺中市,太平區,0,2,0,8,1,5,50,3,1,1,5,4,5,7,4,4,10,5,5,2,16,8,3,10,1,1,C03,7,5,1,10,2,13,,8,8,1,22,5,C03,120.704744,24.154838,2
2023,2,24,11,58,臺中市,大雅區,0,1,0,8,1,5,50,14,9,1,5,4,5,7,4,4,5,5,5,1,12,23,3,10,1,1,C03,7,9,1,10,2,11,,23,23,1,22,9,C03,120.653488,24.225179,2
2023,2,24,11,58,臺中市,中區,0,1,0,8,1,5,50,4,1,1,5,4,5,7,1,1,10,5,5,2,16,25,3,10,1,1,B03,7,9,1,8,2,7,,25,25,1,22,9,B03,120.675449,24.143945,2
2023,2,24,11,58,臺中市,豐原區,0,1,0,8,1,5,50,5,1,1,5,4,5,7,1,1,10,5,5,2,16,8,2,9,1,1,C03,7,5,1,10,2,14,,8,8,1,22,8,C03,120.721077,24.268966,2
2023,2,24,12,1,臺中市,南屯區,0,2,0,8,1,5,50,3,7,1,5,4,5,7,4,4,5,4,4,2,17,6,2,9,1,1,C03,7,5,1,10,2,14,,6,6,1,22,8,C03,120.633638,24.152379,2
2023,2,24,12,3,臺中市,大里區,0,0,0,8,,,50,,,,,,,,,,,,,,,23,,,,,C03,,,1,,1,,,23,,1,22,,C03,120.683891,24.112956,3
2023,2,24,12,5,臺中市,大肚區,0,1,0,8,1,5,30,3,1,1,5,4,5,7,4,4,10,5,5,2,16,6,2,7,1,1,C03,7,5,1,10,2,12,,6,6,1,19,8,C03,120.555774,24.143394,2
2023,2,24,12,7,臺中市,北區,0,1,0,8,1,5,50,4,1,1,5,4,5,7,1,1,1,4,4,2,16,25,3,10,1,1,B03,7,9,1,8,2,2,,25,25,1,5,5,B03,120.694429,24.155272,2
2023,2,24,12,8,臺中市,霧峰區,0,1,0,8,1,5,40,3,1,1,5,4,5,7,1,1,10,5,5,2,16,23,3,10,3,4,B03,7,6,1,8,2,8,,23,23,1,3,8,B03,120.699,24.066837,2
2023,2,24,12,8,臺中市,太平區,0,2,0,8,1,5,50,3,1,1,5,4,5,7,4,4,10,5,5,2,16,16,2,9,1,1,C03,7,9,1,10,2,12,,16,16,1,20,8,C03,120.721928,24.131222,2
2023,2,24,12,10,臺中市,大雅區,0,1,0,8,1,5,50,4,2,1,5,4,5,7,4,4,10,4,5,1,16,23,2,9,1,1,C03,7,9,1,10,2,11,,23,23,1,22,9,C03,120.647967,24.223507,2
2023,2,24,12,12,臺中市,北屯區,0,2,0,8,1,5,30,4,1,1,5,4,5,7,4,4,10,5,5,2,15,6,2,9,1,1,C03,7,9,1,10,2,11,12,6,6,1,5,8,C03,120.714583,24.172447,2
2023,2,24,12,13,臺中市,霧峰區,0,0,0,8,1,5,50,14,13,1,5,4,5,7,4,4,5,5,4,1,14,12,,,,,B03,,,1,,2,,,12,,1,18,,B03,120.698552,24.063428,3
2023,2,24,12,14,臺中市,豐原區,0,3,0,8,1,5,50,14,7,1,5,4,5,7,4,4,5,5,4,2,16,6,2,9,3,4,C03,7,5,1,10,2,14,,6,6,1,22,8,C03,120.731438,24.249705,2
2023,2,24,12,15,臺中市,南屯區,0,0,0,8,,,50,,,,,,,,,,,,,,,7,,,,,B03,,,1,,2,,,7,,1,22,,B03,120.635056,24.151166,3
2023,2,24,12,20,臺中市,東區,0,0,0,,,,50,,,,,,,,,,,,,,,23,,,,,B12,,,1,,2,,,23,,1,5,,B12,120.688458,24.138454,3
2023,2,24,12,20,臺中市,西屯區,0,2,0,8,1,5,50,4,4,1,5,4,5,7,1,1,1,3,5,2,16,42,3,10,1,1,B03,7,15,1,8,2,1,,42,42,1,22,8,B03,120.648127,24.169515,2
2023,2,24,12,20,臺中市,西屯區,0,1,0,8,1,5,50,3,2,1,5,4,5,7,1,1,4,3,4,2,3,15,3,10,1,1,C03,7,9,1,10,1,14,,15,15,1,22,8,C03,120.650868,24.175758,2
2023,2,24,12,21,臺中市,北區,0,2,0,8,1,5,50,14,8,1,5,4,5,7,4,4,5,4,4,1,16,19,2,9,3,4,C03,7,1,1,10,2,14,,19,19,1,22,9,C03,120.670167,24.15556,2
2023,2,24,12,21,臺中市,豐原區,0,0,0,8,,,50,,,,,,,,,,,,,,,23,,,,,B12,,,1,,2,,,23,,1,22,,B12,120.714169,24.251501,4
2023,2,24,12,25,臺中市,北區,0,0,0,8,,,50,,,,,,,,,,,,,,,6,,,,,C03,,,1,,1,,,6,,1,22,,C03,120.697361,24.156714,3
2023,2,24,12,26,臺中市,西屯區,0,1,0,8,1,5,40,14,8,1,5,4,5,7,4,4,5,5,4,2,16,23,2,9,1,1,C03,7,9,1,10,2,14,,23,23,1,4,8,C03,120.642348,24.169359,2
2023,2,24,12,26,臺中市,霧峰區,0,2,0,8,1,5,40,14,9,1,5,4,5,7,1,1,9,5,5,1,16,23,2,8,1,1,C03,7,9,1,10,2,12,,23,23,1,18,8,C03,120.706063,24.073068,2
2023,2,24,12,26,臺中市,大里區,0,1,0,8,1,5,50,4,1,1,5,4,5,7,1,1,1,4,4,1,17,6,3,10,3,4,B03,7,6,1,8,2,2,,6,6,1,12,8,B03,120.6958,24.087976,2
2023,2,24,12,33,臺中市,北區,0,2,0,8,1,5,30,4,1,1,5,4,5,7,4,4,10,5,5,2,16,6,2,9,1,1,C03,7,9,1,10,2,11,12,6,6,1,5,5,C03,120.683601,24.14677,2
2023,2,24,12,34,臺中市,北屯區,0,0,0,8,,,50,,,,,,,,,,,,,,,6,,,,,B03,,,1,,1,,,6,6,1,5,,B03,120.662327,24.182595,3
2023,2,24,12,40,臺中市,北區,0,1,0,8,1,5,50,4,2,1,5,4,5,7,1,1,5,4,4,2,16,6,3,10,3,4,B03,7,5,1,8,2,6,,6,8,1,22,9,B03,120.665783,24.166801,2