年,月,日,時,分,縣市,區,死,受傷,2-30,天候,光線,道路類別,速限,道路型態,事故位置,路面鋪裝,路面狀態,路面缺陷,障礙物,視距,號誌種類,號誌動作,分向設施,快車道或一般車道間,快慢車道間,路面邊線,事故類型及型態,主要肇因,受傷程度,主要傷處,保護裝備,行動電話,當事者區分,車輛用途,當事者行動狀態,駕駛資格情形,駕駛執照種類,飲酒情形,車輛撞擊部位最初,車輛撞擊部位其他,肇事因素個別,肇事因素主要,肇事逃逸,職業,旅次目的,車種,GPS緯度,GPS經度,事故類別
2023,2,24,12,44,臺中市,西區,0,1,0,8,1,5,50,5,1,1,5,4,5,7,4,4,10,5,5,2,17,6,3,10,3,4,B03,7,5,1,8,2,4,,6,6,1,22,5,B03,120.658797,24.150205,2
2023,2,24,12,46,臺中市,北區,0,0,0,8,,,50,,,,,,,,,,,,,,,23,,,,,B03,,,1,,1,,,23,,1,22,,B03,120.685089,24.161558,3
2023,2,24,12,46,臺中市,南區,0,0,0,8,,,50,,,,,,,,,,,,,,,23,,,,,C03,,,1,,1,,,23,,1,22,,C03,120.67924,24.125653,3
2023,2,24,12,47,臺中市,太平區,0,0,0,8,,,50,,,,,,,,,,,,,,,26,,,,,C03,,,1,,1,,,26,,1,21,,C03,120.720487,24.149077,3
2023,2,24,12,49,臺中市,北區,0,0,0,8,1,5,50,4,1,1,5,4,5,7,1,1,1,4,5,1,13,23,3,10,1,1,C03,7,9,1,10,2,11,,23,23,1,5,5,C03,120.685094,24.159079,3
2023,2,24,12,50,臺中市,大里區,0,2,0,8,1,5,50,4,1,1,5,4,5,7,1,1,10,5,5,2,16,6,2,9,1,1,C03,7,5,1,10,2,11,,6,6,1,20,8,C03,120.694105,24.083643,2
2023,2,24,12,50,臺中市,清水區,0,1,0,8,1,5,30,14,9,1,5,4,5,7,4,4,9,5,5,1,16,23,2,9,1,1,C03,7,4,1,10,2,11,,23,23,1,21,8,C03,120.592598,24.280776,2
2023,2,24,12,51,臺中市,南區,0,1,0,8,1,5,50,4,1,1,5,4,5,7,1,1,3,4,4,2,16,25,3,10,1,1,B03,7,9,1,8,2,1,,25,25,1,21,8,B03,120.67022,24.117158,2
2023,2,24,12,53,臺中市,大里區,0,1,0,8,1,5,50,14,9,1,5,4,5,7,4,4,5,5,5,1,16,26,2,9,1,1,C03,7,9,1,10,2,11,,26,26,1,5,8,C03,120.683931,24.101373,2
2023,2,24,12,55,臺中市,西屯區,0,2,0,8,1,5,30,4,1,1,5,4,5,7,4,4,10,5,5,2,16,6,2,9,3,4,C03,7,5,1,10,2,15,,6,6,1,22,8,C03,120.642157,24.179971,2
2023,2,24,12,56,臺中市,烏日區,0,1,0,8,1,5,50,3,1,1,5,4,5,7,2,1,1,4,5,2,12,7,3,10,3,4,C03,7,8,1,10,2,13,,7,7,1,21,9,C03,120.619363,24.110269,2
2023,2,24,12,57,臺中市,北屯區,0,2,0,8,1,5,40,14,8,1,5,4,5,7,4,4,5,5,4,2,13,23,2,9,1,1,C03,7,9,1,10,2,11,12,23,23,1,17,8,C03,120.714494,24.173588,2
2023,2,24,12,57,臺中市,霧峰區,0,1,0,8,1,5,40,4,1,1,5,4,5,7,1,1,1,4,4,1,16,8,2,9,1,1,C03,7,5,1,10,2,14,,8,8,1,3,8,C03,120.662944,24.063028,2
2023,2,24,12,58,臺中市,霧峰區,0,1,0,8,1,5,50,14,9,1,5,4,5,7,4,4,5,4,5,1,12,7,3,10,3,4,C03,7,7,1,9,2,14,,7,7,1,18,8,C03,120.695393,24.059025,2
2023,2,24,12,59,臺中市,龍井區,0,1,0,7,1,5,30,4,1,1,5,4,5,7,4,4,10,5,5,2,15,6,2,8,1,1,F03,7,9,8,20,2,16,,6,6,1,12,8,F03,120.511903,24.202821,2
2023,2,24,13,0,臺中市,霧峰區,0,0,0,8,1,5,50,4,1,1,5,4,5,7,1,1,10,5,5,2,14,12,,,,,B03,,,1,,2,,,12,,1,5,,B03,120.699114,24.067631,3
2023,2,24,13,1,臺中市,潭子區,0,0,0,8,,,40,,,,,,,,,,,,,,,12,,,,,B03,,,1,,2,,,12,,1,22,,B03,120.69338,24.224674,3
2023,2,24,13,7,臺中市,南區,0,2,0,8,1,5,50,14,7,1,5,4,5,7,4,4,5,4,4,2,12,42,2,9,1,1,F01,7,9,8,20,2,16,,42,42,1,18,5,F01,120.651914,24.119128,2
2023,2,24,13,9,臺中市,太平區,0,1,0,8,1,5,50,4,1,1,5,4,5,7,1,1,10,5,5,2,3,15,3,10,1,1,B03,7,5,1,8,2,4,,15,15,1,22,5,B03,120.713834,24.158994,2
2023,2,24,13,10,臺中市,大里區,0,1,0,8,1,5,25,8,8,1,5,4,5,7,4,4,1,4,4,1,9,42,3,10,1,1,A12,7,15,1,3,2,3,,42,42,1,21,8,A12,120.698621,24.110553,2
2023,2,24,13,18,臺中市,西屯區,0,0,0,8,,,40,,,,,,,,,,,,,,,12,,,,,B03,,,1,,1,,,12,,1,4,,B03,120.635749,24.176074,3
2023,2,24,13,19,臺中市,西區,0,0,0,8,,,50,,,,,,,,,,,,,,,23,,,,,C03,,,1,,1,,,23,,1,4,,C03,120.669754,24.150857,3
2023,2,24,13,20,臺中市,龍井區,0,0,0,8,,,50,,,,,,,,,,,,,,,26,,,,,B03,,,1,,2,,,26,,1,20,,B03,120.54718,24.1967,3
2023,2,24,13,20,臺中市,豐原區,0,0,0,8,,,30,,,,,,,,,,,,,,,23,,,,,A41,,,1,,2,,,23,,1,22,,A41,120.735452,24.26916,3
2023,2,24,13,22,臺中市,北區,0,1,0,8,1,5,40,14,9,1,5,4,5,7,4,4,10,5,5,2,17,19,2,8,1,1,C03,7,1,1,10,2,15,,19,19,1,22,9,C03,120.67534,24.170982,2
2023,2,24,13,23,臺中市,南區,0,0,0,,,,50,,,,,,,,,,,,,,,23,,,,,B03,,,1,,2,,,23,,1,5,,B03,120.660863,24.132521,3
2023,2,24,13,30,臺中市,南屯區,0,0,0,8,,,50,,,,,,,,,,,,,,,16,,,,,B03,,,1,,1,,,16,,1,22,,B03,120.615533,24.149132,3
2023,2,24,13,31,臺中市,南屯區,0,0,0,8,,,50,,,,,,,,,,,,,,,23,,,,,B03,,,1,,2,,,23,,1,5,,B03,120.616016,24.148208,3
2023,2,24,13,31,臺中市,霧峰區,0,0,0,8,,,30,,,,,,,,,,,,,,,17,,,,,B03,,,1,,2,,,17,,1,12,,B03,120.693271,24.044575,3
2023,2,24,13,39,臺中市,大甲區,0,0,0,8,,,50,,,,,,,,,,,,,,,18,,,,,B03,,,6,,7,,,18,,1,22,,B03,120.624914,24.34851,3
2023,2,24,13,40,臺中市,北屯區,0,1,0,8,1,5,50,14,7,1,5,4,5,7,4,4,5,4,4,2,12,33,3,10,1,1,C03,7,9,1,10,2,14,,33,33,1,5,8,C03,120.695611,24.164918,2
2023,2,24,13,41,臺中市,太平區,0,0,0,8,,,50,,,,,,,,,,,,,,,6,,,,,B12,,,1,,11,,,6,,1,22,,B12,120.714329,24.149276,3
2023,2,24,13,48,臺中市,大里區,0,0,0,8,,,50,,,,,,,,,,,,,,,23,,,,,C03,,,1,,2,,,23,,1,3,,C03,120.692745,24.090967,3
2023,2,24,13,55,臺中市,西區,0,0,0,8,,,50,,,,,,,,,,,,,,,12,,,,,A02,,,1,,1,,,12,,1,10,,A02,120.671999,24.13511,3
2023,2,24,14,0,臺中市,神岡區,0,1,0,8,1,5,50,3,2,1,5,4,5,7,4,4,10,4,5,1,17,42,3,10,1,1,A12,7,9,1,7,2,8,,42,42,1,10,8,A12,120.669403,24.245748,2
2023,2,24,14,1,臺中市,西區,0,2,0,8,1,5,50,3,1,1,5,4,5,7,4,4,10,5,5,2,12,6,2,9,1,1,C03,7,6,1,10,2,12,,6,6,1,22,9,C03,120.661587,24.155869,2
2023,2,24,14,1,臺中市,神岡區,0,0,0,8,,,50,,,,,,,,,,,,,,,44,,,,,C03,,,1,,1,,,44,,1,22,,C03,120.657278,24.26481,3
2023,2,24,14,3,臺中市,中區,0,1,0,8,1,5,50,4,1,5,5,4,5,7,2,1,10,5,5,2,16,23,3,10,1,1,B01,7,5,1,3,2,8,,23,23,1,22,9,B01,120.67556,24.141676,2
2023,2,24,14,6,臺中市,大里區,0,0,0,8,,,50,,,,,,,,,,,,,,,23,,,,,B12,,,3,,2,,,23,,1,5,,B12,120.687751,24.102175,3
2023,2,24,14,7,臺中市,豐原區,0,0,0,8,,,50,,,,,,,,,,,,,,,23,,,,,B03,,,1,,2,,,23,,1,22,,B03,120.748254,24.267289,3
2023,2,24,14,10,臺中市,南屯區,0,1,0,8,1,5,40,14,8,1,5,4,5,7,4,4,1,4,1,2,12,26,2,9,1,1,C03,7,7,1,10,2,14,,26,26,1,22,9,C03,120.622614,24.13946,2
2023,2,24,14,10,臺中市,霧峰區,0,0,0,8,1,5,40,3,1,1,5,4,5,7,4,4,1,2,5,1,16,26,,,,,B12,,,1,,2,,,26,,1,5,,B12,120.662884,24.062132,3
2023,2,24,14,13,臺中市,中區,0,2,0,8,1,5,50,4,1,1,5,4,5,7,1,1,10,5,5,2,13,23,2,9,3,4,C03,7,9,1,10,2,13,,44,23,1,22,5,C03,120.685695,24.143194,2
2023,2,24,14,14,臺中市,潭子區,0,0,0,,,,60,,,,,,,,,,,,,,,42,,,,,B03,,,1,,2,,,42,,1,22,,B03,120.705866,24.217544,3
2023,2,24,14,15,臺中市,大雅區,0,0,0,8,,,40,,,,,,,,,,,,,,,43,,,,,C03,,,1,,2,,,43,,1,22,,C03,120.63504,24.214347,3
2023,2,24,14,15,臺中市,北區,0,1,0,8,1,5,50,4,1,1,5,4,5,7,1,1,1,4,4,2,16,8,3,10,1,1,C03,7,5,1,10,2,14,,8,8,1,5,5,C03,120.675469,24.160437,2
2023,2,24,14,15,臺中市,南屯區,0,2,0,8,1,5,50,4,1,1,5,4,5,7,4,4,10,5,5,2,15,6,2,9,3,4,C02,7,9,1,9,2,12,,6,6,1,23,8,C02,120.651165,24.156135,2
2023,2,24,14,15,臺中市,太平區,0,0,0,8,,,30,,,,,,,,,,,,,,,12,,,,,B12,,,1,,2,,,12,,1,21,,B12,120.714161,24.14193,3
2023,2,24,14,16,臺中市,西屯區,0,1,0,8,1,5,50,14,9,1,5,4,5,7,4,4,5,4,5,2,16,7,2,9,1,1,C03,7,7,1,10,2,14,,7,7,1,4,8,C03,120.615882,24.188996,2
2023,2,24,14,19,臺中市,南屯區,0,1,0,8,1,5,50,3,1,1,5,4,5,7,2,1,10,5,5,2,16,9,3,10,1,1,B03,7,6,1,8,2,6,,9,9,1,5,8,B03,120.646623,24.144937,2
2023,2,24,14,20,臺中市,南屯區,0,0,0,8,,,60,,,,,,,,,,,,,,,16,,,,,B03,,,1,,1,,,16,,1,22,,B03,120.622872,24.139135,3
2023,2,24,14,20,臺中市,西屯區,0,0,0,8,,,50,,,,,,,,,,,,,,,6,,,,,B03,,,1,,2,,,6,,1,22,,B03,120.645537,24.17204,3
2023,2,24,14,21,臺中市,南屯區,0,0,0,8,,,50,,,,,,,,,,,,,,,16,,,,,B12,,,1,,1,,,16,,1,22,,B12,120.633696,24.145099,3
2023,2,24,14,25,臺中市,北區,0,0,0,,,,50,,,,,,,,,,,,,,,26,,,,,C03,,,1,,2,,,7,23,1,22,,C03,120.67508,24.171627,3
2023,2,24,14,26,臺中市,清水區,0,0,0,8,,,30,,,,,,,,,,,,,,,44,,,,,B03,,,1,,2,,,44,,1,21,,B03,120.571328,24.275478,3
2023,2,24,14,30,臺中市,南屯區,0,0,0,8,,,50,,,,,,,,,,,,,,,16,,,,,B03,,,1,,1,,,16,,1,5,,B03,120.646497,24.141611,3
2023,2,24,14,30,臺中市,烏日區,0,0,0,8,,,40,,,,,,,,,,,,,,,23,,,,,A42,,,1,,2,,,23,,1,23,,A42,120.649146,24.093525,3
2023,2,24,14,34,臺中市,神岡區,0,0,0,8,,,50,,,,,,,,,,,,,,,12,,,,,B03,,,1,,2,,,12,,1,22,,B03,120.696588,24.254317,3
2023,2,24,14,35,臺中市,清水區,0,0,0,8,,,60,,,,,,,,,,,,,,,42,,,,,B12,,,1,,10,,,42,,1,5,,B12,120.53985,24.269555,3
2023,2,24,14,37,臺中市,北區,0,0,0,8,,,50,,,,,,,,,,,,,,,40,,,,,B03,,,1,,1,,,40,,1,22,,B03,120.68035,24.157563,3
2023,2,24,14,39,臺中市,北屯區,0,0,0,8,,,80,,,,,,,,,,,,,,,16,,,,,B12,,,1,,1,,,16,,1,22,,B12,120.718583,24.163468,3
2023,2,24,14,45,臺中市,神岡區,0,0,0,8,,,50,,,,,,,,,,,,,,,42,,,,,B12,,,1,,2,,,42,,1,12,,B12,120.698359,24.260199,3
2023,2,24,14,49,臺中市,烏日區,0,0,0,8,1,5,30,5,2,1,5,4,5,7,2,1,10,5,5,2,12,23,3,10,3,4,B03,7,6,1,8,2,2,,23,23,1,21,9,B03,120.641583,24.110162,3
2023,2,24,14,51,臺中市,大雅區,0,1,0,8,1,5,50,5,1,1,5,4,5,7,1,1,9,4,4,1,17,6,3,10,1,1,B03,7,6,1,8,2,2,,6,6,1,22,9,B03,120.630543,24.240616,2
2023,2,24,14,54,臺中市,豐原區,0,4,0,8,1,5,50,3,1,1,5,4,5,7,4,4,1,5,5,2,12,7,2,9,3,4,B03,7,8,1,8,2,6,,7,7,1,22,8,B03,120.702408,24.249455,2
2023,2,24,14,55,臺中市,東區,0,2,0,8,1,5,50,4,1,1,5,4,5,7,1,1,10,5,5,2,15,25,2,9,1,1,C03,7,9,1,10,2,12,,25,25,1,22,8,C03,120.687803,24.131983,2
2023,2,24,14,55,臺中市,大里區,0,1,0,8,1,5,50,5,1,1,5,4,5,7,2,1,5,5,5,1,16,23,2,9,1,1,C03,7,9,1,10,2,11,,23,23,1,4,8,C03,120.696106,24.111151,2
2023,2,24,15,0,臺中市,南屯區,0,1,0,8,1,5,30,3,1,1,5,4,5,7,4,4,10,5,5,2,12,7,3,10,1,1,B03,7,10,1,8,2,5,,7,7,1,22,9,B03,120.641107,24.140698,2
2023,2,24,15,0,臺中市,豐原區,0,1,0,8,1,5,50,4,1,1,5,4,5,7,1,1,5,5,4,2,16,25,3,10,1,1,B03,7,9,1,8,2,2,,25,25,1,22,8,B03,120.714972,24.249399,2
2023,2,24,15,2,臺中市,北區,0,1,0,8,1,5,50,4,1,1,5,4,5,7,1,1,10,5,5,2,16,25,3,10,1,1,B03,7,9,1,8,2,4,,25,25,1,22,8,B03,120.675621,24.168639,2
2023,2,24,15,2,臺中市,西屯區,0,0,0,8,,,30,,,,,,,,,,,,,,,6,,,,,B03,,,1,,1,,,6,,1,22,,B03,120.651216,24.167462,3
2023,2,24,15,3,臺中市,西區,0,2,0,8,1,5,50,4,1,1,5,4,5,7,1,1,10,5,5,2,13,16,2,9,1,1,C03,7,9,1,10,2,11,,16,16,1,22,9,C03,120.659687,24.157317,2
2023,2,24,15,5,臺中市,西屯區,0,0,0,8,,,40,,,,,,,,,,,,,,,12,,,,,A11,,,1,,1,,,12,,1,10,,A11,120.618697,24.181302,3
2023,2,24,15,6,臺中市,龍井區,0,1,0,8,1,5,50,14,9,1,5,4,5,7,4,4,5,5,5,1,17,44,2,3,3,4,C03,7,9,1,10,2,11,,44,44,1,5,5,C03,120.523749,24.206133,2
2023,2,24,15,8,臺中市,西屯區,0,0,0,8,,,50,,,,,,,,,,,,,,,16,,,,,B03,,,1,,2,,,16,,1,22,,B03,120.641514,24.156556,3
2023,2,24,15,13,臺中市,西屯區,0,1,0,8,1,5,50,4,1,1,5,4,5,7,1,1,10,5,5,2,29,42,2,9,1,1,C03,7,6,1,10,2,14,,42,42,1,21,8,C03,120.647907,24.174153,2
2023,2,24,15,15,臺中市,西屯區,0,0,0,8,,,50,,,,,,,,,,,,,,,23,,,,,B03,,,1,,1,,,23,23,1,22,,B03,120.64624,24.164437,3
2023,2,24,15,15,臺中市,沙鹿區,0,2,0,8,1,5,50,14,7,1,5,4,5,7,4,4,5,5,4,2,16,25,2,9,1,1,C03,7,5,1,10,2,12,,25,25,1,21,8,C03,120.576592,24.224264,2
2023,2,24,15,16,臺中市,大雅區,0,0,0,8,,,50,,,,,,,,,,,,,,,23,,,,,B03,,,1,,2,,,23,,1,22,,B03,120.650744,24.221466,3
2023,2,24,15,17,臺中市,西區,0,0,0,8,,,50,,,,,,,,,,,,,,,18,,,,,B03,,,1,,1,,,18,,1,22,,B03,120.661257,24.151093,3
2023,2,24,15,18,臺中市,太平區,0,0,0,8,,,50,,,,,,,,,,,,,,,23,,,,,C03,,,1,,1,,,23,,1,22,,C03,120.708489,24.152308,3
2023,2,24,15,20,臺中市,西區,0,0,0,8,,,50,,,,,,,,,,,,,,,23,,,,,B03,,,1,,1,,,23,,1,22,,B03,120.661677,24.150207,3
2023,2,24,15,22,臺中市,南屯區,0,4,0,8,1,5,50,5,1,1,5,4,5,7,4,4,10,5,5,2,15,6,2,8,1,1,C03,7,9,1,10,2,11,,6,6,1,22,9,C03,120.647818,24.143265,2
2023,2,24,15,23,臺中市,北區,0,0,0,8,,,50,,,,,,,,,,,,,,,17,,,,,B03,,,1,,2,,,17,,1,22,,B03,120.682891,24.163275,3
2023,2,24,15,23,臺中市,外埔區,0,0,0,8,,,30,,,,,,,,,,,,,,,23,,,,,B03,,,1,,2,,,23,,1,21,,B03,120.636865,24.343357,3
2023,2,24,15,30,臺中市,西屯區,0,0,0,8,,,30,,,,,,,,,,,,,,,12,,,,,B12,,,1,,1,,,12,12,1,22,,B12,120.63877,24.180036,3
2023,2,24,15,33,臺中市,神岡區,0,0,0,8,,,30,,,,,,,,,,,,,,,23,,,,,B03,,,1,,2,,,23,,1,22,,B03,120.688069,24.239529,3
2023,2,24,15,34,臺中市,新社區,0,1,0,8,1,5,50,14,9,1,5,4,5,7,4,4,5,5,5,1,17,23,2,9,1,1,C03,7,6,1,10,2,11,,23,23,1,22,8,C03,120.80647,24.238145,2
2023,2,24,15,36,臺中市,西屯區,0,0,0,8,,,50,,,,,,,,,,,,,,,16,,,,,B03,,,1,,2,,,16,,1,22,,B03,120.65103,24.161994,3
2023,2,24,15,36,臺中市,西屯區,0,1,0,8,1,5,40,14,8,1,5,4,5,7,4,4,1,4,5,2,17,40,3,10,1,1,B12,7,13,1,8,2,4,,40,40,1,22,8,B12,120.635828,24.17141,2
2023,2,24,15,37,臺中市,大甲區,0,1,0,7,1,5,50,4,1,1,5,4,5,7,2,1,10,5,5,2,14,12,3,10,1,1,B12,7,2,1,1,2,3,,12,12,1,10,8,B12,120.617131,24.349249,2
2023,2,24,15,38,臺中市,北屯區,0,2,0,8,1,5,50,11,9,1,5,4,5,7,4,4,10,5,5,2,12,23,2,7,1,1,C03,7,6,1,10,2,11,,23,23,1,22,8,C03,120.693893,24.167972,2
2023,2,24,15,38,臺中市,沙鹿區,0,0,0,8,,,40,,,,,,,,,,,,,,,19,,,,,B02,,,1,,2,,,19,,1,4,,B02,120.560132,24.238937,3
2023,2,24,15,40,臺中市,北區,0,1,0,8,1,5,50,4,1,1,5,4,5,7,1,1,1,5,5,2,16,6,3,10,1,1,B12,7,6,1,8,2,2,,6,6,1,22,8,B12,120.68508,24.165419,2
2023,2,24,15,49,臺中市,烏日區,0,1,0,8,1,5,30,3,1,1,5,4,5,7,4,4,10,5,5,2,16,6,3,10,3,4,B12,7,5,1,8,2,4,,6,6,1,21,9,B12,120.641653,24.098146,2
2023,2,24,15,50,臺中市,東區,0,0,0,8,,,50,,,,,,,,,,,,,,,7,,,,,B12,,,1,,2,,,7,,1,22,,B12,120.697067,24.142965,3
2023,2,24,15,55,臺中市,西屯區,0,2,0,8,1,5,50,14,9,1,5,4,5,7,4,4,5,4,4,2,16,19,2,9,1,1,C03,7,1,1,10,2,14,,19,19,1,22,8,C03,120.65836,24.16834,2
2023,2,24,15,56,臺中市,西屯區,0,0,0,8,,,50,,,,,,,,,,,,,,,23,,,,,B03,,,1,,1,,,23,,1,22,,B03,120.643701,24.165275,3
2023,2,24,16,0,臺中市,西屯區,0,2,0,8,1,5,40,3,1,1,5,4,5,7,1,1,10,5,5,2,17,23,2,9,1,1,C03,7,9,1,10,1,11,,23,23,1,21,8,C03,120.632383,24.162228,2
2023,2,24,16,0,臺中市,烏日區,0,0,0,8,,,50,,,,,,,,,,,,,,,7,,,,,A41,,,1,,2,,,7,,1,21,,A41,120.651904,24.105012,3
2023,2,24,16,1,臺中市,西屯區,0,0,0,8,,,50,,,,,,,,,,,,,,,23,,,,,C03,,,1,,1,,,23,,1,22,,C03,120.65616,24.165561,3
2023,2,24,16,4,臺中市,北屯區,0,1,0,8,1,5,50,4,1,1,5,4,5,7,4,4,10,5,5,2,15,6,2,9,1,1,C03,7,9,6,18,2,12,,6,6,1,22,8,C03,120.719166,24.17172,2
2023,2,24,16,4,臺中市,西屯區,0,0,0,8,,,50,,,,,,,,,,,,,,,19,,,,,B03,,,1,,1,,,19,,1,22,,B03,120.619374,24.187476,3
2023,2,24,16,6,臺中市,西區,0,0,0,8,,,50,,,,,,,,,,,,,,,7,,,,,B03,,,1,,2,,,7,,1,19,,B03,120.662505,24.155779,3
2023,2,24,16,6,臺中市,西屯區,0,2,0,8,1,5,50,4,1,1,5,4,5,7,4,4,5,4,5,2,15,6,2,9,1,1,C03,7,9,1,10,2,12,,6,6,1,22,8,C03,120.62673,24.180228,2
2023,2,24,16,6,臺中市,西屯區,0,1,0,8,1,5,50,14,9,1,5,4,5,7,4,4,5,5,5,2,17,43,3,10,3,4,C03,7,9,1,10,2,12,,43,43,1,22,8,C03,120.645573,24.178883,2
2023,2,24,16,6,臺中市,石岡區,0,0,0,8,1,5,70,14,9,1,5,4,5,7,2,1,1,5,5,1,13,21,3,10,3,4,B12,7,9,1,8,6,1,,21,21,1,22,8,B12,120.792188,24.272627,3
2023,2,24,16,7,臺中市,北區,0,0,0,8,,,50,,,,,,,,,,,,,,,16,,,,,B03,,,1,,11,,,16,,1,22,,B03,120.668164,24.154683,3
2023,2,24,16,11,臺中市,北區,0,1,0,8,1,5,50,4,1,1,5,4,5,7,4,4,10,5,5,2,16,6,3,10,1,1,C03,7,9,1,10,2,12,,6,6,1,22,8,C03,120.680996,24.153491,2
2023,2,24,16,13,臺中市,太平區,0,1,0,8,1,5,50,3,1,1,5,4,5,7,1,1,10,5,5,2,16,6,2,9,1,1,C03,7,5,1,10,2,11,,6,6,1,22,8,C03,120.722021,24.119308,2
2023,2,24,16,15,臺中市,北屯區,0,0,0,8,,,50,,,,,,,,,,,,,,,16,,,,,B03,,,1,,2,,,16,,1,22,,B03,120.738145,24.178367,3
2023,2,24,16,16,臺中市,豐原區,0,1,0,8,1,5,30,4,1,1,5,4,5,7,4,4,10,5,5,2,16,6,3,10,1,1,C03,7,6,3,18,2,14,,6,6,1,22,8,C03,120.725821,24.244081,2
2023,2,24,16,21,臺中市,南屯區,0,0,0,8,,,50,,,,,,,,,,,,,,,7,,,,,B03,,,1,,9,,,7,7,2,5,,B03,120.62339,24.1497,3
2023,2,24,16,22,臺中市,烏日區,0,0,0,8,,,30,,,,,,,,,,,,,,,23,,,,,C03,,,1,,2,,,23,,1,21,,C03,120.642134,24.111268,3
2023,2,24,16,23,臺中市,大肚區,0,0,0,8,,,50,,,,,,,,,,,,,,,23,,,,,C03,,,1,,2,,,23,,1,22,,C03,120.580138,24.171634,3
2023,2,24,16,27,臺中市,北區,0,1,0,8,1,5,50,14,7,1,5,4,5,7,4,4,1,5,4,2,13,23,3,10,1,1,B03,7,9,1,8,2,1,,23,23,1,5,8,B03,120.677932,24.155927,2
2023,2,24,16,28,臺中市,大雅區,0,1,0,8,1,5,50,3,1,1,5,4,5,7,3,1,5,4,5,1,16,7,3,10,1,1,B03,7,8,1,8,2,6,,7,7,1,22,9,B03,120.628342,24.210568,2
2023,2,24,16,31,臺中市,西區,0,1,0,8,1,5,50,5,1,1,5,4,5,7,1,1,10,5,5,2,13,23,2,9,1,1,C03,7,9,1,10,1,11,,23,23,1,22,9,C03,120.669801,24.150724,2
2023,2,24,16,32,臺中市,大雅區,0,0,0,8,,,50,,,,,,,,,,,,,,,17,,,,,B03,,,1,,2,,,17,,1,22,,B03,120.640832,24.230677,3
2023,2,24,16,32,臺中市,烏日區,0,1,0,8,1,5,40,3,1,1,5,4,5,7,4,4,4,3,4,2,16,9,3,10,1,1,B03,7,6,1,8,2,2,,9,9,1,22,9,B03,120.606911,24.123985,2
2023,2,24,16,35,臺中市,北屯區,0,0,0,8,,,50,,,,,,,,,,,,,,,19,,,,,B03,,,1,,1,,,19,,1,22,,B03,120.711908,24.168762,3
2023,2,24,16,36,臺中市,北屯區,0,0,0,8,,,50,,,,,,,,,,,,,,,12,,,,,B03,,,1,,1,,,12,,1,22,,B03,120.719513,24.180021,3
2023,2,24,16,36,臺中市,清水區,0,1,0,8,1,5,50,4,1,1,5,4,5,7,1,3,8,3,4,1,16,6,3,10,1,1,B03,7,5,1,8,2,7,,6,6,1,21,8,B03,120.552533,24.294823,2
2023,2,24,16,39,臺中市,大里區,0,1,0,8,1,5,50,14,9,1,5,4,5,7,4,4,5,4,5,1,17,23,2,9,1,1,C03,7,9,1,10,2,11,,23,23,1,22,8,C03,120.69611,24.110612,2
2023,2,24,16,40,臺中市,北區,0,0,0,,,,,,,,,,,,,,,,,,,67,,,,,,,,,,,,,67,,1,,,,120.684843,24.162049,3
2023,2,24,16,41,臺中市,北屯區,0,0,0,8,,,30,,,,,,,,,,,,,,,12,,,,,B03,,,1,,1,,,12,,1,4,,B03,120.704403,24.170233,3
2023,2,24,16,44,臺中市,南區,0,1,0,8,1,5,50,4,1,1,5,4,5,7,1,1,10,5,5,2,16,23,3,10,1,1,A05,7,5,1,2,2,8,,23,23,1,10,8,A05,120.684769,24.130826,2
2023,2,24,16,45,臺中市,大里區,0,2,0,8,1,5,50,4,1,1,5,4,5,7,4,4,10,5,5,2,16,6,2,9,1,1,C03,7,5,1,10,2,11,,6,6,1,5,4,C03,120.700408,24.108951,2
2023,2,24,16,50,臺中市,大雅區,0,0,0,8,,,50,,,,,,,,,,,,,,,6,,,,,B12,,,1,,2,,,6,,1,22,,B12,120.644077,24.208071,3
2023,2,24,16,50,臺中市,北區,0,1,0,8,1,5,40,4,2,1,5,4,5,7,1,1,5,4,4,2,16,6,3,10,1,1,C03,7,6,4,11,11,12,,6,6,1,22,8,C03,120.686005,24.156022,2
2023,2,24,16,50,臺中市,霧峰區,0,1,0,8,1,5,60,14,8,1,5,4,5,7,4,4,1,4,4,1,16,6,3,10,1,1,B03,7,6,1,8,2,6,,6,6,1,22,8,B03,120.69599,24.065272,2
2023,2,24,16,53,臺中市,北區,0,1,0,8,1,5,50,4,4,1,5,4,5,7,1,1,1,5,5,2,13,16,3,10,1,1,C03,7,9,1,10,2,15,,16,16,1,22,9,C03,120.687757,24.165591,2
2023,2,24,16,53,臺中市,北區,0,0,0,8,,,50,,,,,,,,,,,,,,,7,,,,,A11,,,1,,2,,,7,,1,10,,A11,120.666631,24.17287,3
2023,2,24,16,53,臺中市,北屯區,0,1,0,8,1,5,60,3,1,1,5,4,5,7,4,4,3,4,5,2,13,16,2,8,1,1,C03,7,9,1,10,2,11,,16,16,1,22,8,C03,120.720464,24.162869,2
2023,2,24,16,55,臺中市,南屯區,0,0,0,8,,,50,,,,,,,,,,,,,,,23,,,,,A02,,,1,2,1,,,23,23,1,12,,A02,120.602639,24.139284,3