年,月,日,時,分,縣市,區,死,受傷,2-30,天候,光線,道路類別,速限,道路型態,事故位置,路面鋪裝,路面狀態,路面缺陷,障礙物,視距,號誌種類,號誌動作,分向設施,快車道或一般車道間,快慢車道間,路面邊線,事故類型及型態,主要肇因,受傷程度,主要傷處,保護裝備,行動電話,當事者區分,車輛用途,當事者行動狀態,駕駛資格情形,駕駛執照種類,飲酒情形,車輛撞擊部位最初,車輛撞擊部位其他,肇事因素個別,肇事因素主要,肇事逃逸,職業,旅次目的,車種,GPS緯度,GPS經度,事故類別
2023,2,24,16,57,臺中市,北區,0,0,0,8,,,50,,,,,,,,,,,,,,,19,,,,,B03,,,1,,1,,,19,,1,5,,B03,120.691798,24.156859,3
2023,2,24,16,58,臺中市,西屯區,0,0,0,8,,,50,,,,,,,,,,,,,,,3,,,,,B03,,,1,,1,,,3,,1,22,,B03,120.637023,24.172144,3
2023,2,24,16,59,臺中市,北屯區,0,1,0,8,1,5,50,4,1,1,5,4,5,7,1,1,1,3,4,2,12,23,2,9,1,1,C03,7,8,1,10,2,11,,23,23,1,22,8,C03,120.665153,24.18396,2
2023,2,24,17,1,臺中市,潭子區,0,1,0,8,2,5,50,4,1,1,5,4,5,7,4,4,10,5,5,2,13,23,2,9,1,1,C03,7,9,1,10,2,11,,23,16,1,22,8,C03,120.707869,24.21567,2
2023,2,24,17,1,臺中市,西區,0,2,0,8,1,5,50,4,1,1,5,4,5,7,1,1,10,5,5,2,13,16,2,8,1,1,C03,7,9,1,10,2,12,,16,16,1,22,9,C03,120.66981,24.13305,2
2023,2,24,17,5,臺中市,潭子區,0,0,0,8,,,80,,,,,,,,,,,,,,,23,,,,,B03,,,1,,2,,,23,,1,22,,B03,120.722363,24.192336,3
2023,2,24,17,5,臺中市,南區,0,1,0,8,1,5,50,3,1,1,5,4,3,7,1,1,10,5,5,2,17,23,2,7,1,1,F01,7,9,8,20,2,16,,23,23,1,22,8,F01,120.669351,24.122476,2
2023,2,24,17,7,臺中市,北區,0,0,0,8,,,50,,,,,,,,,,,,,,,7,,,,,B03,,,1,,1,,,7,,1,22,,B03,120.673854,24.162835,3
2023,2,24,17,8,臺中市,沙鹿區,0,1,0,8,1,5,30,4,1,1,5,4,5,7,4,4,10,5,5,2,16,6,3,10,1,1,C04,7,5,1,10,2,11,,6,6,1,10,1,C04,120.565536,24.25149,2
2023,2,24,17,9,臺中市,東區,0,1,0,8,1,5,50,3,2,1,5,4,5,7,4,4,9,4,4,2,12,9,3,10,1,1,B03,7,6,1,8,2,2,,9,9,1,21,8,B03,120.705261,24.137211,2
2023,2,24,17,10,臺中市,后里區,0,1,0,8,1,5,50,14,8,1,5,4,5,7,4,4,4,3,4,1,16,7,3,10,1,1,B03,7,8,1,8,2,5,,7,7,1,4,8,B03,120.723083,24.31239,2
2023,2,24,17,12,臺中市,南區,0,0,0,8,,,50,,,,,,,,,,,,,,,26,,,,,B03,,,1,,2,,,26,,1,22,,B03,120.667327,24.11913,3
2023,2,24,17,12,臺中市,西屯區,0,0,0,8,,,50,,,,,,,,,,,,,,,23,,,,,B03,,,1,,1,,,23,,1,21,,B03,120.615879,24.174541,3
2023,2,24,17,12,臺中市,梧棲區,0,1,0,8,1,5,50,4,1,1,5,4,5,7,1,1,10,5,5,2,16,6,3,10,1,1,B03,7,8,1,8,2,5,,6,6,1,3,8,B03,120.524722,24.223374,2
2023,2,24,17,13,臺中市,潭子區,0,2,0,8,1,5,50,4,1,1,5,4,5,7,2,1,5,4,4,1,13,23,2,9,1,1,C03,7,9,1,10,2,11,,23,23,1,22,8,C03,120.723128,24.214906,2
2023,2,24,17,17,臺中市,北屯區,0,1,0,8,2,5,30,4,1,1,5,4,5,7,4,4,10,5,5,2,16,6,3,10,1,1,B03,7,6,1,6,2,8,,6,6,1,4,8,B03,120.668168,24.183695,2
2023,2,24,17,19,臺中市,北區,0,0,0,8,,,50,,,,,,,,,,,,,,,23,,,,,B03,,,1,,11,,,23,,1,22,,B03,120.683128,24.162938,3
2023,2,24,17,20,臺中市,南區,0,1,0,8,1,5,50,3,1,1,5,4,5,7,1,1,10,5,5,2,13,16,2,9,1,1,C03,7,9,1,10,2,11,,16,16,1,22,8,C03,120.652498,24.122127,2
2023,2,24,17,20,臺中市,西屯區,0,0,0,8,,,30,,,,,,,,,,,,,,,6,,,,,C03,,,1,,1,,,6,,1,22,,C03,120.643942,24.181223,3
2023,2,24,17,20,臺中市,大里區,0,1,0,8,1,5,50,14,7,1,5,4,5,7,4,4,5,5,4,1,13,16,2,8,1,1,C03,7,9,1,10,2,11,,16,16,1,4,8,C03,120.705602,24.09559,2
2023,2,24,17,21,臺中市,西區,0,1,0,8,1,5,50,4,1,1,5,4,5,7,4,4,10,5,5,2,18,42,2,9,3,4,C03,7,9,1,10,2,12,,42,42,1,22,5,C03,120.667576,24.14864,2
2023,2,24,17,23,臺中市,大雅區,0,1,0,8,1,5,50,14,8,1,5,4,5,7,4,4,5,4,4,1,12,10,3,10,1,1,B12,7,11,1,8,2,7,,10,10,1,21,8,B12,120.644302,24.210602,2
2023,2,24,17,24,臺中市,龍井區,0,0,0,8,,,50,,,,,,,,,,,,,,,23,,,,,B03,,,1,,1,,,23,23,1,22,,B03,120.59273,24.181855,3
2023,2,24,17,25,臺中市,大里區,0,0,0,8,,,50,,,,,,,,,,,,,,,6,,,,,C03,,,1,,2,,,6,,1,22,,C03,120.685685,24.111861,3
2023,2,24,17,28,臺中市,西屯區,0,0,0,8,,,50,,,,,,,,,,,,,,,6,,,,,C03,,,1,,1,,,6,,1,22,,C03,120.650301,24.1767,3
2023,2,24,17,30,臺中市,潭子區,0,0,0,8,,,50,,,,,,,,,,,,,,,23,,,,,B03,,,1,,2,,,23,,1,22,,B03,120.70894,24.200244,3
2023,2,24,17,32,臺中市,北屯區,0,1,0,8,1,5,50,4,1,1,5,4,5,7,1,1,10,5,5,2,16,6,3,10,1,1,B01,7,5,1,4,2,1,,6,6,1,22,8,B01,120.685577,24.174551,2
2023,2,24,17,34,臺中市,龍井區,0,1,0,8,1,5,30,14,9,1,5,4,5,7,4,4,10,5,5,2,16,19,2,9,3,4,C03,7,1,4,8,2,15,,19,19,1,22,9,C03,120.591001,24.182881,2
2023,2,24,17,35,臺中市,北屯區,0,0,0,8,,,50,,,,,,,,,,,,,,,6,,,,,B03,,,1,,2,,,6,6,1,21,,B03,120.740985,24.17945,3
2023,2,24,17,36,臺中市,大甲區,0,0,0,8,,,30,,,,,,,,,,,,,,,12,,,,,G02,,,3,,9,,,12,,1,7,,G02,120.682806,24.366854,3
2023,2,24,17,37,臺中市,潭子區,0,1,0,8,2,5,30,4,1,1,5,4,5,7,4,4,10,5,5,2,15,6,3,10,1,1,B03,7,9,1,8,2,5,,6,6,1,22,8,B03,120.702162,24.214217,2
2023,2,24,17,38,臺中市,豐原區,0,0,0,,,,50,,,,,,,,,,,,,,,23,,,,,B03,,,1,,2,,,23,,1,22,,B03,120.72159,24.261237,3
2023,2,24,17,38,臺中市,豐原區,0,0,0,8,,,50,,,,,,,,,,,,,,,23,,,,,B03,,,1,,2,,,23,,1,22,,B03,120.714072,24.249205,3
2023,2,24,17,40,臺中市,大里區,0,2,0,8,1,5,50,4,1,1,5,4,5,7,1,1,10,5,5,2,16,6,2,9,1,1,C03,7,5,1,10,2,12,,6,6,1,5,5,C03,120.579973,24.113046,2
2023,2,24,17,43,臺中市,神岡區,0,0,0,8,,,40,,,,,,,,,,,,,,,16,,,,,C03,,,1,,1,,,16,,1,22,,C03,120.670902,24.244614,3
2023,2,24,17,45,臺中市,豐原區,0,0,0,8,,,50,,,,,,,,,,,,,,,42,,,,,B03,,,1,,2,,,42,,1,22,,B03,120.724344,24.245086,3
2023,2,24,17,46,臺中市,東區,0,0,0,8,,,50,,,,,,,,,,,,,,,23,,,,,C03,,,1,,2,,,23,,1,22,,C03,120.697807,24.146444,3
2023,2,24,17,46,臺中市,龍井區,0,2,0,8,1,5,50,3,2,1,5,4,5,7,4,4,5,5,5,2,16,8,2,8,3,4,F01,7,5,8,20,2,16,,8,8,1,22,9,F01,120.592199,24.181379,2
2023,2,24,17,47,臺中市,太平區,0,2,0,8,1,5,50,3,1,1,5,4,5,7,4,4,10,5,5,2,16,6,2,5,1,1,C03,7,5,1,10,2,14,,6,6,1,21,8,C03,120.712113,24.149931,2
2023,2,24,17,48,臺中市,清水區,0,0,0,8,,,50,,,,,,,,,,,,,,,23,,,,,B03,,,1,,2,,,23,23,1,21,,B03,120.564694,24.276353,3
2023,2,24,17,49,臺中市,潭子區,0,1,0,8,1,5,50,5,1,1,5,4,5,7,3,1,10,5,5,2,13,16,2,8,1,1,C03,7,9,1,10,2,11,,16,16,1,6,8,C03,120.694233,24.221423,2
2023,2,24,17,50,臺中市,烏日區,0,2,0,8,2,5,50,14,7,1,5,4,5,7,4,4,5,4,4,2,17,26,3,10,1,1,B03,7,11,1,8,2,4,,26,26,1,21,8,B03,120.651904,24.105012,2
2023,2,24,17,51,臺中市,大肚區,0,1,0,8,2,5,50,3,2,1,5,4,5,7,1,1,10,5,5,2,13,16,2,8,1,1,C03,7,9,1,10,2,11,,16,16,1,18,8,C03,120.543268,24.162487,2
2023,2,24,17,53,臺中市,西屯區,0,2,0,8,3,5,50,14,9,1,5,4,5,7,4,4,9,5,5,2,3,26,2,9,1,1,C03,7,9,1,10,2,11,,26,26,1,22,8,C03,120.604896,24.161679,2
2023,2,24,17,54,臺中市,梧棲區,0,3,0,8,3,5,40,14,8,1,5,4,5,7,4,4,1,4,1,1,12,23,2,9,1,1,C03,7,9,1,10,2,11,,23,23,1,4,8,C03,120.554714,24.243418,2
2023,2,24,17,55,臺中市,南區,0,1,0,8,1,5,50,4,1,1,5,4,5,7,1,1,10,4,5,2,13,16,2,9,1,1,C03,7,9,1,10,2,11,,16,16,1,22,8,C03,120.65265,24.113129,2
2023,2,24,17,55,臺中市,沙鹿區,0,1,0,8,3,5,40,14,8,1,5,4,5,7,4,4,1,4,1,1,13,16,3,10,1,1,C03,7,9,1,10,2,11,,16,16,1,18,8,C03,120.575048,24.227947,2
2023,2,24,17,57,臺中市,東區,0,2,0,8,3,5,50,4,1,1,5,4,5,7,1,1,10,5,5,2,17,42,2,7,1,1,C03,7,9,1,10,2,11,,23,42,1,5,8,C03,120.700817,24.135152,2
2023,2,24,17,57,臺中市,東區,0,1,0,8,3,5,50,3,7,1,5,4,5,7,4,4,5,2,4,2,12,26,2,9,1,1,C03,7,7,3,18,2,14,12,26,26,1,5,8,C03,120.684559,24.127697,2
2023,2,24,17,59,臺中市,中區,0,1,0,8,3,5,50,4,1,1,5,4,5,7,1,1,5,5,5,2,16,25,3,10,3,4,B02,7,9,1,8,1,8,,25,25,1,21,8,B02,120.681512,24.136542,2
2023,2,24,18,0,臺中市,西屯區,0,0,0,8,,,50,,,,,,,,,,,,,,,18,,,,,B03,,,1,,1,,,18,,1,22,,B03,120.647638,24.174593,3
2023,2,24,18,5,臺中市,西屯區,0,1,0,8,3,5,50,14,9,1,5,4,5,7,4,4,5,5,4,2,13,16,3,10,1,1,B03,7,9,1,10,2,3,,44,16,1,22,8,B03,120.639561,24.17497,2
2023,2,24,18,5,臺中市,大里區,0,2,0,8,2,5,50,14,8,1,5,4,5,7,4,4,5,5,4,1,16,19,2,9,1,1,C04,7,1,6,18,2,13,,19,19,1,22,8,C04,120.664381,24.096813,2
2023,2,24,18,7,臺中市,西屯區,0,1,0,8,3,5,50,4,1,1,5,4,5,7,4,4,10,5,5,2,16,6,3,10,1,1,C03,7,6,1,10,2,12,,6,6,1,22,8,C03,120.656716,24.194277,2
2023,2,24,18,7,臺中市,大里區,0,0,0,8,,,40,,,,,,,,,,,,,,,23,,,,,B12,,,1,,2,,,23,,1,5,,B12,120.669453,24.102793,3
2023,2,24,18,9,臺中市,南區,0,0,0,8,,,50,,,,,,,,,,,,,,,23,,,,,B03,,,1,,2,,,23,,1,22,,B03,120.66999,24.119723,3
2023,2,24,18,10,臺中市,東區,0,1,0,8,3,5,50,4,1,1,5,4,5,7,1,1,1,3,4,2,13,23,2,9,1,1,C03,7,9,1,10,2,11,,23,23,1,5,8,C03,120.690048,24.131511,2
2023,2,24,18,12,臺中市,大雅區,0,1,0,8,3,5,50,3,1,1,5,4,5,7,1,1,1,4,4,1,16,6,3,10,1,1,B03,7,6,1,8,2,2,,6,6,1,22,9,B03,120.643491,24.228125,2
2023,2,24,18,13,臺中市,北區,0,0,0,,,,50,,,,,,,,,,,,,,,16,,,,,C03,,,1,,1,,,16,,1,21,,C03,120.678722,24.158929,3
2023,2,24,18,13,臺中市,西屯區,0,1,0,8,1,5,50,3,1,1,5,4,5,7,1,1,10,5,5,2,17,6,3,10,1,1,B03,7,5,1,8,2,5,,6,6,1,21,8,B03,120.627061,24.159681,2
2023,2,24,18,18,臺中市,潭子區,0,1,0,8,3,5,60,14,9,1,5,4,5,7,4,4,3,4,5,1,16,26,2,9,1,1,C03,7,8,1,10,2,12,,26,26,1,22,8,C03,120.702196,24.189927,2
2023,2,24,18,20,臺中市,大雅區,0,0,0,8,,,50,,,,,,,,,,,,,,,26,,,,,B03,,,1,,2,,,26,26,1,21,,B03,120.662443,24.219374,3
2023,2,24,18,20,臺中市,南屯區,0,0,0,8,,,50,,,,,,,,,,,,,,,16,,,,,B03,,,1,,1,,,16,16,1,22,,B03,120.646952,24.144967,3
2023,2,24,18,21,臺中市,烏日區,0,1,0,8,2,5,50,14,9,1,5,4,5,7,4,4,4,4,5,1,14,12,3,10,3,4,B12,7,2,3,18,2,7,,12,12,1,21,9,B12,120.640734,24.096146,2
2023,2,24,18,24,臺中市,北屯區,0,0,0,8,,,50,,,,,,,,,,,,,,,23,,,,,B03,,,1,,1,,,23,,1,22,,B03,120.699611,24.170056,3
2023,2,24,18,24,臺中市,西屯區,0,0,0,8,,,40,,,,,,,,,,,,,,,18,,,,,B03,,,1,,2,,,18,,1,22,,B03,120.639779,24.159962,3
2023,2,24,18,24,臺中市,沙鹿區,0,0,0,8,,,50,,,,,,,,,,,,,,,23,,,,,B03,,,1,,2,,,23,,1,4,,B03,120.565794,24.23638,3
2023,2,24,18,25,臺中市,北屯區,0,1,0,8,3,5,50,3,1,1,5,4,5,7,1,1,5,2,4,2,16,6,3,10,1,1,B03,7,5,1,8,2,5,,6,6,1,22,8,B03,120.697531,24.164954,2
2023,2,24,18,26,臺中市,潭子區,0,2,0,8,3,5,60,14,9,1,5,4,5,7,4,4,3,4,5,1,13,23,2,9,1,1,C03,7,9,1,10,2,12,,23,23,1,22,8,C03,120.702312,24.191067,2
2023,2,24,18,27,臺中市,西屯區,0,0,0,8,,,50,,,,,,,,,,,,,,,16,,,,,B03,,,1,,1,,,16,16,1,22,,B03,120.641418,24.168546,3
2023,2,24,18,30,臺中市,南屯區,0,1,0,8,3,5,50,4,18,1,5,4,5,7,1,1,10,5,5,2,3,15,3,10,3,4,C03,7,9,1,10,2,11,,15,15,1,12,8,C03,120.635213,24.151303,2
2023,2,24,18,30,臺中市,西屯區,0,2,0,8,3,5,50,4,2,1,5,4,5,7,2,1,10,5,5,2,16,6,2,9,1,1,C03,7,5,1,10,2,12,,6,6,1,22,8,C03,120.655143,24.177971,2
2023,2,24,18,30,臺中市,大里區,0,1,0,8,3,5,40,14,9,1,5,4,5,7,4,4,5,4,5,1,10,4,2,9,3,4,B03,7,9,1,3,3,5,,4,4,1,22,9,B03,120.702025,24.124608,2
2023,2,24,18,33,臺中市,北區,0,0,0,8,,,50,,,,,,,,,,,,,,,6,,,,,B01,,,1,,1,,,6,,1,10,,B01,120.675785,24.163221,3
2023,2,24,18,33,臺中市,大里區,0,0,0,8,,,80,,,,,,,,,,,,,,,16,,,,,B03,,,1,,2,,,16,16,1,22,,B03,120.69126,24.101006,3
2023,2,24,18,35,臺中市,北區,0,0,0,,,,50,,,,,,,,,,,,,,,16,,,,,B03,,,1,,2,,,16,,1,22,,B03,120.676172,24.150283,3
2023,2,24,18,36,臺中市,西屯區,0,1,0,8,3,5,50,3,1,1,5,4,5,7,4,4,5,4,5,2,16,6,2,7,1,1,C03,7,5,1,10,2,12,,6,6,1,22,8,C03,120.648515,24.169071,2
2023,2,24,18,37,臺中市,潭子區,0,0,0,8,,,60,,,,,,,,,,,,,,,23,,,,,B03,,,1,,2,,,23,,1,22,,B03,120.686322,24.205458,3
2023,2,24,18,37,臺中市,西區,0,2,0,8,3,5,50,4,1,1,5,4,5,7,1,1,10,5,5,2,15,25,2,9,1,1,C03,7,9,1,10,2,11,,25,25,1,22,9,C03,120.668623,24.138022,2
2023,2,24,18,37,臺中市,南屯區,0,2,0,8,3,5,50,4,1,1,5,4,5,7,2,1,1,2,3,2,16,26,2,9,3,4,C03,7,6,1,10,2,12,,26,26,1,4,9,C03,120.622898,24.145225,2
2023,2,24,18,38,臺中市,南屯區,0,0,0,8,,,40,,,,,,,,,,,,,,,42,,,,,B12,,,1,,1,,,42,,1,22,,B12,120.625154,24.13465,3
2023,2,24,18,40,臺中市,北屯區,0,1,0,8,3,8,80,14,9,1,5,4,5,7,4,4,1,4,5,2,13,23,2,9,1,1,B03,7,9,1,8,2,1,,23,23,1,22,8,B03,120.664118,24.185722,2
2023,2,24,18,43,臺中市,太平區,0,0,0,8,,,50,,,,,,,,,,,,,,,23,,,,,B03,,,1,,2,,,23,,1,21,,B03,120.730987,24.128289,3
2023,2,24,18,45,臺中市,烏日區,0,0,0,8,,,60,,,,,,,,,,,,,,,17,,,,,B03,,,1,,2,,,17,,1,22,,B03,120.612988,24.115598,3
2023,2,24,18,46,臺中市,北屯區,0,1,0,8,3,5,50,4,1,1,5,4,5,7,2,1,10,5,5,2,16,6,3,10,1,1,B03,7,6,1,8,2,5,,6,6,1,21,8,B03,120.720821,24.176445,2
2023,2,24,18,46,臺中市,太平區,0,0,0,8,,,50,,,,,,,,,,,,,,,6,,,,,C03,,,1,,1,,,6,,1,21,,C03,120.716041,24.132177,3
2023,2,24,18,50,臺中市,東區,0,0,0,8,,,40,,,,,,,,,,,,,,,23,,,,,C03,,,1,,2,,,23,,1,5,,C03,120.704893,24.138268,3
2023,2,24,18,54,臺中市,西屯區,0,1,0,8,1,5,50,14,9,1,5,4,5,7,4,4,5,4,5,2,16,19,3,10,3,4,B03,7,1,1,8,2,5,,19,19,1,22,8,B03,120.636746,24.172431,2
2023,2,24,19,0,臺中市,南屯區,0,0,0,8,,,50,,,,,,,,,,,,,,,23,,,,,B03,,,1,,1,,,23,,1,22,,B03,120.624003,24.145516,3
2023,2,24,19,0,臺中市,西屯區,0,0,0,8,,,50,,,,,,,,,,,,,,,10,,,,,B03,,,1,,2,,,10,,1,22,,B03,120.660071,24.174265,3
2023,2,24,19,3,臺中市,南屯區,0,1,0,8,3,5,50,14,9,1,5,4,5,7,4,4,1,4,5,2,12,17,3,10,1,1,B03,7,9,1,8,2,8,,17,17,1,5,1,B03,120.646929,24.143142,2
2023,2,24,19,4,臺中市,南屯區,0,0,0,,,,50,,,,,,,,,,,,,,,10,,,,,C03,,,1,,2,,,10,,1,4,,C03,120.625755,24.140607,3
2023,2,24,19,6,臺中市,東勢區,0,0,0,8,3,5,50,4,9,1,5,4,5,7,1,1,5,5,5,2,17,23,,,,,B03,,,1,,2,,,23,23,1,22,,B03,120.829954,24.257239,3
2023,2,24,19,10,臺中市,西屯區,0,0,0,8,,,50,,,,,,,,,,,,,,,23,,,,,B03,,,1,,1,,,23,,1,22,,B03,120.651816,24.186501,3
2023,2,24,19,12,臺中市,龍井區,0,1,0,8,3,5,30,4,1,1,5,4,5,7,4,4,10,5,5,2,15,6,3,10,3,4,C03,7,9,1,10,1,15,,6,6,1,22,9,C03,120.586294,24.182277,2
2023,2,24,19,13,臺中市,北區,0,2,0,8,4,5,50,3,1,1,5,4,5,7,4,4,1,5,5,2,17,6,3,10,1,1,B03,7,21,1,8,2,15,,6,6,1,22,8,B03,120.672981,24.167376,2
2023,2,24,19,15,臺中市,北區,0,0,0,8,,,50,,,,,,,,,,,,,,,16,,,,,C03,,,1,,1,,,16,,1,22,,C03,120.67755,24.153691,3
2023,2,24,19,15,臺中市,豐原區,0,0,0,8,,,50,,,,,,,,,,,,,,,23,,,,,B03,,,1,,9,,,23,,1,22,,B03,120.700125,24.248903,3
2023,2,24,19,19,臺中市,北屯區,0,1,0,8,3,5,50,14,9,1,5,4,5,7,4,4,1,4,5,2,13,23,2,9,1,1,C03,7,9,1,10,2,11,,23,23,1,22,8,C03,120.686512,24.193214,2
2023,2,24,19,19,臺中市,豐原區,0,0,0,,,,,,,,,,,,,,,,,,,12,,,,,,,,,,,,,12,,1,,,,120.706871,24.245025,3
2023,2,24,19,20,臺中市,潭子區,0,2,0,8,3,5,50,14,7,1,5,4,5,7,4,4,9,4,4,2,9,23,2,9,1,1,C03,7,9,1,10,2,11,,23,23,1,9,8,C03,120.690608,24.213339,2
2023,2,24,19,20,臺中市,東區,0,1,0,8,3,5,50,4,1,1,5,4,5,7,1,1,10,5,5,2,16,6,3,10,1,1,B01,7,5,1,4,2,1,,6,6,1,10,8,B01,120.705974,24.140478,2
2023,2,24,19,20,臺中市,北屯區,0,0,0,8,,,50,,,,,,,,,,,,,,,23,,,,,B03,,,1,,1,,,23,,1,4,,B03,120.683356,24.176113,3
2023,2,24,19,23,臺中市,豐原區,0,0,0,8,,,50,,,,,,,,,,,,,,,23,,,,,B03,,,1,,1,,,23,,1,22,,B03,120.711681,24.240034,3
2023,2,24,19,24,臺中市,西區,0,0,0,8,,,50,,,,,,,,,,,,,,,1,,,,,B01,,,1,,1,,,1,,1,22,,B01,120.661803,24.154396,3
2023,2,24,19,25,臺中市,烏日區,0,0,0,8,,,60,,,,,,,,,,,,,,,23,,,,,B03,,,1,,2,,,23,23,1,21,,B03,120.646139,24.068665,3
2023,2,24,19,29,臺中市,梧棲區,0,0,0,8,,,50,,,,,,,,,,,,,,,12,,,,,B12,,,1,,2,,,12,,1,4,,B12,120.533374,24.258319,3
2023,2,24,19,30,臺中市,南屯區,0,1,0,8,3,5,50,3,1,1,5,4,5,7,4,4,10,5,5,2,16,6,3,10,3,3,B03,7,6,1,8,2,2,,6,6,1,12,8,B03,120.645467,24.150968,2
2023,2,24,19,30,臺中市,神岡區,0,1,0,8,3,5,50,14,9,1,5,4,5,7,4,4,5,5,5,1,16,26,3,10,1,1,B12,7,11,1,5,2,4,,26,26,1,22,8,B12,120.681729,24.267766,2
2023,2,24,19,32,臺中市,東區,0,0,0,8,,,30,,,,,,,,,,,,,,,42,,,,,B03,,,1,,9,,,42,,1,22,,B03,120.687096,24.132622,3
2023,2,24,19,33,臺中市,豐原區,0,0,0,8,,,50,,,,,,,,,,,,,,,23,,,,,B03,,,3,,9,,,23,,1,22,,B03,120.70069,24.248869,3
2023,2,24,19,35,臺中市,烏日區,0,0,0,8,,,50,,,,,,,,,,,,,,,16,,,,,B03,,,1,,2,,,16,,1,21,,B03,120.615605,24.113925,3
2023,2,24,19,36,臺中市,梧棲區,0,0,0,8,3,5,50,3,1,1,5,4,5,7,1,1,10,5,5,2,16,25,3,10,1,1,B03,7,9,1,8,7,8,,23,25,1,12,8,B03,120.532935,24.242826,3
2023,2,24,19,39,臺中市,南屯區,0,0,0,8,,,50,,,,,,,,,,,,,,,26,,,,,B03,,,1,,2,,,26,,1,22,,B03,120.617644,24.153863,3
2023,2,24,19,40,臺中市,豐原區,0,0,0,7,3,3,50,14,9,1,5,4,5,7,1,1,9,5,5,2,13,19,3,10,1,1,B03,7,1,1,8,2,1,,19,19,1,22,8,B03,120.746063,24.261589,3
2023,2,24,19,41,臺中市,南區,0,1,0,8,3,5,50,11,6,1,5,4,5,7,4,4,1,5,5,2,12,23,2,8,1,1,C03,7,11,1,10,2,14,,23,23,1,5,8,C03,120.646223,24.111233,2
2023,2,24,19,44,臺中市,北區,0,1,0,8,3,5,50,4,1,1,5,4,5,7,1,1,10,5,5,2,16,6,3,10,1,1,B03,7,6,1,8,2,6,,6,6,1,22,9,B03,120.673638,24.15573,2
2023,2,24,19,45,臺中市,南屯區,0,0,0,8,,,50,,,,,,,,,,,,,,,6,,,,,B03,,,1,,1,,,6,,1,22,,B03,120.652979,24.151024,3
2023,2,24,19,47,臺中市,南屯區,0,0,0,8,,,30,,,,,,,,,,,,,,,6,,,,,B03,,,1,,2,,,6,,1,22,,B03,120.636265,24.139526,3
2023,2,24,19,55,臺中市,豐原區,0,0,0,8,3,5,30,13,22,1,5,4,5,7,4,4,10,5,5,1,14,12,3,10,4,1,B03,7,2,1,8,2,7,,12,12,1,22,9,B03,120.730321,24.242017,3
2023,2,24,20,0,臺中市,北屯區,0,1,0,8,3,5,50,5,1,1,5,4,5,7,2,1,10,5,5,2,16,6,3,10,1,1,B03,7,6,1,8,2,2,,6,6,1,21,8,B03,120.697763,24.170373,2
2023,2,24,20,4,臺中市,南屯區,0,0,0,8,3,5,50,14,9,1,5,4,5,7,1,1,5,5,5,2,13,23,,,,,B03,,,1,,2,,,23,,1,5,,B03,120.648335,24.13335,3
2023,2,24,20,13,臺中市,西區,0,2,0,8,3,5,50,14,9,1,5,4,5,7,4,4,5,4,5,2,13,16,2,9,1,1,C03,7,9,1,10,2,11,,16,16,1,22,8,C03,120.656635,24.150925,2
2023,2,24,20,15,臺中市,龍井區,0,0,0,8,,,60,,,,,,,,,,,,,,,42,,,,,B03,,,1,,2,,,42,,1,22,,B03,120.573766,24.185244,3
2023,2,24,20,16,臺中市,太平區,0,0,0,8,,,50,,,,,,,,,,,,,,,6,,,,,B03,,,1,,11,,,6,,1,21,,B03,120.712672,24.125769,3
2023,2,24,20,19,臺中市,梧棲區,0,1,0,8,3,5,50,14,9,1,5,4,5,7,4,4,5,5,5,1,12,40,3,10,2,1,B03,7,13,1,8,2,4,,40,40,1,4,8,B03,120.527985,24.221165,2
2023,2,24,20,27,臺中市,北區,0,1,0,7,3,5,50,4,1,1,5,4,5,7,1,1,10,5,5,2,13,23,2,9,1,1,B03,7,9,1,8,2,1,,23,23,1,5,8,B03,120.680013,24.15095,2
2023,2,24,20,37,臺中市,北區,0,2,0,8,3,5,50,3,1,1,5,4,5,7,3,1,5,5,4,2,3,51,2,9,4,5,H01,8,16,8,20,10,16,,51,51,1,20,8,H01,120.684448,24.158948,2
2023,2,24,20,45,臺中市,潭子區,0,0,0,8,,,50,,,,,,,,,,,,,,,6,,,,,C03,,,1,,2,,,6,,1,22,,C03,120.688514,24.225378,3
2023,2,24,20,45,臺中市,北區,0,1,0,8,3,5,50,4,1,1,5,4,5,7,1,1,5,4,5,2,16,25,2,9,1,1,C03,7,9,1,3,2,11,,25,25,1,22,8,C03,120.671241,24.173727,2
2023,2,24,20,51,臺中市,沙鹿區,0,2,0,8,3,5,50,4,1,1,5,4,5,7,4,4,10,5,5,2,15,6,2,9,1,1,C03,7,9,1,10,2,11,,14,6,1,18,7,C03,120.570231,24.230095,2
2023,2,24,20,51,臺中市,沙鹿區,0,0,0,8,,,50,,,,,,,,,,,,,,,23,,,,,B03,,,1,,2,,,23,,1,5,,B03,120.570213,24.211777,3
2023,2,24,20,55,臺中市,北屯區,0,0,0,8,,,50,,,,,,,,,,,,,,,26,,,,,B03,,,1,,1,,,26,26,1,22,,B03,120.699127,24.176068,3
2023,2,24,20,59,臺中市,北區,0,0,0,8,,,50,,,,,,,,,,,,,,,6,,,,,B03,,,1,,2,,,6,,1,22,,B03,120.680996,24.153491,3
2023,2,24,21,5,臺中市,西區,0,1,0,8,3,5,50,3,1,1,5,3,5,7,4,4,10,5,5,2,16,42,3,10,1,1,C03,7,15,1,10,1,12,,42,42,1,5,5,C03,120.66706,24.129946,2