年,月,日,時,分,縣市,區,死,受傷,2-30,天候,光線,道路類別,速限,道路型態,事故位置,路面鋪裝,路面狀態,路面缺陷,障礙物,視距,號誌種類,號誌動作,分向設施,快車道或一般車道間,快慢車道間,路面邊線,事故類型及型態,主要肇因,受傷程度,主要傷處,保護裝備,行動電話,當事者區分,車輛用途,當事者行動狀態,駕駛資格情形,駕駛執照種類,飲酒情形,車輛撞擊部位最初,車輛撞擊部位其他,肇事因素個別,肇事因素主要,肇事逃逸,職業,旅次目的,車種,GPS緯度,GPS經度,事故類別
2023,2,24,21,8,臺中市,西屯區,0,0,0,8,,,60,,,,,,,,,,,,,,,23,,,,,B03,,,1,,1,,,23,,1,22,,B03,120.634983,24.17238,3
2023,2,24,21,11,臺中市,北區,0,0,0,8,,,50,,,,,,,,,,,,,,,12,,,,,B03,,,1,,1,,,12,,1,5,,B03,120.683799,24.157756,3
2023,2,24,21,13,臺中市,南區,0,1,0,8,3,5,50,14,8,1,5,4,1,7,4,4,5,4,4,2,18,23,2,9,1,1,C03,7,9,1,10,2,11,,23,23,1,22,8,C03,120.680431,24.133544,2
2023,2,24,21,13,臺中市,西屯區,0,1,0,8,1,5,50,4,1,1,5,4,5,7,4,4,10,5,5,2,16,6,3,10,3,4,B03,7,6,1,8,2,5,,6,6,1,22,8,B03,120.655099,24.176111,2
2023,2,24,21,16,臺中市,西屯區,0,0,0,8,,,60,,,,,,,,,,,,,,,7,,,,,B01,,,1,,2,,,7,,1,10,,B01,120.650391,24.1621,3
2023,2,24,21,18,臺中市,東區,0,1,0,8,3,5,50,3,2,1,5,4,5,7,1,1,10,5,5,2,17,19,2,9,1,1,C03,7,1,2,18,2,14,,19,19,1,17,8,C03,120.68488,24.128949,2
2023,2,24,21,19,臺中市,大雅區,0,2,0,8,3,5,50,3,1,1,5,4,5,7,1,1,1,4,4,1,12,25,3,10,1,1,B03,7,9,1,8,2,8,,25,25,1,21,8,B03,120.630697,24.232888,2
2023,2,24,21,21,臺中市,龍井區,0,1,0,8,3,5,50,4,1,1,5,4,5,7,1,1,10,5,5,2,16,6,3,10,3,4,B03,7,5,1,8,2,5,,6,6,1,9,8,B03,120.523001,24.196535,2
2023,2,24,21,23,臺中市,大肚區,0,2,0,8,3,5,70,14,8,1,5,4,5,7,4,4,1,4,4,1,16,9,3,10,1,1,B03,7,6,1,8,2,5,,9,9,1,21,1,B03,120.549836,24.140125,2
2023,2,24,21,27,臺中市,烏日區,0,2,0,8,3,5,80,14,7,1,5,4,5,7,4,4,1,4,1,1,13,16,3,10,1,1,B03,7,9,1,8,2,1,,16,16,1,21,8,B03,120.616521,24.107356,2
2023,2,24,21,28,臺中市,南屯區,0,2,0,8,3,5,40,4,2,1,5,4,5,7,1,1,1,5,1,2,13,23,2,9,1,1,C03,7,9,1,10,2,12,,23,23,1,22,8,C03,120.608019,24.151116,2
2023,2,24,21,28,臺中市,神岡區,0,0,0,8,,,60,,,,,,,,,,,,,,,16,,,,,B03,,,1,,1,,,16,,1,22,,B03,120.682573,24.246524,3
2023,2,24,21,30,臺中市,北屯區,0,1,0,8,3,5,50,4,1,1,5,4,5,7,2,1,10,5,5,2,16,1,3,10,1,1,C03,7,4,1,11,1,12,,1,1,1,22,8,C03,120.720568,24.175866,2
2023,2,24,21,31,臺中市,北屯區,0,0,0,8,,,50,,,,,,,,,,,,,,,25,,,,,B03,,,1,,1,,,25,,1,22,,B03,120.676394,24.176982,3
2023,2,24,21,33,臺中市,西屯區,0,2,0,8,3,5,40,3,8,1,5,4,5,7,1,1,1,5,4,2,13,23,2,9,1,1,C03,7,9,1,10,2,11,,23,23,1,22,8,C03,120.652875,24.204545,2
2023,2,24,21,34,臺中市,太平區,0,0,0,8,,,30,,,,,,,,,,,,,,,12,,,,,B03,,,1,,2,,,12,,1,22,,B03,120.722533,24.106297,3
2023,2,24,21,35,臺中市,北區,0,1,0,8,3,5,50,4,1,1,5,4,5,7,1,1,5,4,4,2,16,6,3,10,1,1,B03,7,6,1,8,2,2,,6,6,1,22,8,B03,120.687277,24.155655,2
2023,2,24,21,37,臺中市,大里區,0,1,0,8,3,5,50,14,7,1,5,4,5,7,4,4,9,5,4,1,16,6,3,10,1,1,B03,7,11,1,8,2,8,,6,6,1,22,8,B03,120.68116,24.100118,2
2023,2,24,21,37,臺中市,豐原區,0,0,0,,,,50,,,,,,,,,,,,,,,23,,,,,C03,,,1,,2,,,23,,1,22,,C03,120.715295,24.251009,3
2023,2,24,21,41,臺中市,太平區,0,1,0,8,3,5,50,3,2,1,5,4,5,7,4,4,5,4,4,1,12,23,2,9,1,1,C03,7,9,1,10,2,12,,23,23,1,22,8,C03,120.726803,24.149923,2
2023,2,24,21,43,臺中市,神岡區,0,0,0,8,,,60,,,,,,,,,,,,,,,23,,,,,B03,,,1,,2,,,23,23,1,22,,B03,120.711179,24.261663,3
2023,2,24,21,45,臺中市,烏日區,0,2,0,8,3,5,80,14,7,1,5,4,5,7,4,4,1,5,1,1,13,23,3,10,1,1,B01,7,9,1,8,2,1,,23,23,1,21,8,B01,120.612861,24.102798,2
2023,2,24,21,47,臺中市,南屯區,0,0,0,8,,,50,,,,,,,,,,,,,,,16,,,,,B03,,,1,,1,,,16,,1,22,,B03,120.616035,24.147299,3
2023,2,24,21,52,臺中市,太平區,0,1,0,8,3,5,50,4,1,1,5,4,5,7,2,1,10,5,5,2,16,6,3,10,1,1,B03,7,5,1,8,2,1,,6,6,1,22,8,B03,120.723961,24.111227,2
2023,2,24,22,1,臺中市,西屯區,0,1,0,8,3,5,50,4,1,1,5,4,5,7,4,4,5,4,5,2,15,6,2,9,1,1,C03,7,9,6,10,2,11,,6,6,1,22,8,C03,120.667025,24.177365,2
2023,2,24,22,5,臺中市,北屯區,0,1,0,8,3,5,50,4,2,1,5,4,5,7,1,1,5,4,5,2,16,25,3,10,1,1,B03,7,9,3,18,2,1,,25,25,1,22,8,B03,120.702192,24.17009,2
2023,2,24,22,7,臺中市,太平區,0,0,0,8,,,50,,,,,,,,,,,,,,,23,,,,,B03,,,1,,2,5,2,23,21,2,22,,B03,120.720033,24.138954,3
2023,2,24,22,10,臺中市,北區,0,2,0,8,3,5,50,4,1,1,5,4,5,7,3,1,10,5,5,2,15,6,2,7,1,1,C03,7,9,1,10,2,14,,6,6,1,4,8,C03,120.673825,24.152177,2
2023,2,24,22,10,臺中市,大里區,0,0,0,8,,,50,,,,,,,,,,,,,,,23,,,,,C03,,,1,,2,,,23,,1,5,,C03,120.684311,24.116678,3
2023,2,24,22,14,臺中市,豐原區,0,0,0,,,,50,,,,,,,,,,,,,,,17,,,,,B03,,,1,,2,,,17,,1,22,,B03,120.702688,24.249242,3
2023,2,24,22,20,臺中市,沙鹿區,0,0,0,8,,,40,,,,,,,,,,,,,,,25,,,,,C03,,,1,,1,,,25,,1,18,,C03,120.556749,24.222639,3
2023,2,24,22,40,臺中市,潭子區,0,1,0,8,3,5,60,5,1,1,5,4,5,7,2,1,10,5,5,2,16,26,3,10,1,1,B03,7,6,1,8,2,5,2,26,26,1,9,8,B03,120.70359,24.201162,2
2023,2,24,22,40,臺中市,南屯區,0,0,0,8,3,5,50,4,1,1,5,4,5,7,4,4,10,5,5,2,15,6,3,10,1,1,B03,7,9,1,8,2,5,,6,6,1,22,8,B03,120.653952,24.143828,3
2023,2,24,23,0,臺中市,大雅區,0,2,0,8,3,5,30,4,9,1,5,4,5,7,3,1,10,5,5,1,11,6,3,10,1,1,B03,7,9,1,8,2,1,,6,6,1,23,8,B03,120.664427,24.225923,2
2023,2,24,23,0,臺中市,沙鹿區,0,0,0,8,,,50,,,,,,,,,,,,,,,12,,,,,B03,,,1,,1,,,12,,1,4,,B03,120.554477,24.210547,3
2023,2,24,23,52,臺中市,梧棲區,0,0,0,8,,,40,,,,,,,,,,,,,,,42,,,,,B03,,,1,,9,,,42,,1,3,,B03,120.548779,24.245689,3
2023,2,25,0,10,臺中市,西區,0,1,0,8,1,5,50,4,1,1,5,4,5,7,2,1,10,5,5,2,13,25,3,10,1,1,B03,7,9,1,8,2,5,,25,25,1,5,5,B03,120.671236,24.145493,2
2023,2,25,0,17,臺中市,北屯區,0,1,0,8,3,5,50,3,1,1,5,4,5,7,4,4,10,5,5,2,17,6,3,10,1,1,B03,7,6,1,8,2,6,,6,6,1,21,8,B03,120.66396,24.200733,2
2023,2,25,0,26,臺中市,大里區,0,1,0,8,3,5,50,4,1,1,5,4,5,7,3,1,5,5,5,2,15,6,2,9,1,1,C03,7,9,1,10,2,12,,6,6,1,22,9,C03,120.695771,24.102444,2
2023,2,25,0,34,臺中市,中區,0,0,0,,,,50,,,,,,,,,,,,,,,42,,,,,B03,,,1,,1,,,42,,1,5,,B03,120.684456,24.142287,3
2023,2,25,0,37,臺中市,龍井區,0,1,0,8,3,5,40,4,1,1,5,4,5,7,1,1,10,5,5,2,13,16,2,9,1,1,C03,7,9,1,10,2,12,,16,16,1,22,8,C03,120.577392,24.17697,2
2023,2,25,0,38,臺中市,龍井區,0,1,0,8,3,5,40,14,8,1,5,4,5,7,4,4,1,4,1,1,13,23,2,8,1,1,C03,7,9,1,10,2,11,,23,23,1,22,1,C03,120.584724,24.186428,2
2023,2,25,0,56,臺中市,北區,0,1,0,8,3,5,50,14,9,1,5,4,5,7,4,4,8,3,5,2,3,52,2,9,1,1,H01,8,16,8,20,10,16,,52,52,1,22,8,H01,120.666829,24.166903,2
2023,2,25,1,26,臺中市,沙鹿區,0,0,0,8,3,5,40,14,8,1,5,4,5,7,4,4,3,4,3,1,18,42,3,10,1,1,C03,7,9,1,10,6,15,,42,42,1,22,9,C03,120.580303,24.217003,3
2023,2,25,1,30,臺中市,北區,0,0,0,8,,,50,,,,,,,,,,,,,,,12,,,,,B03,,,1,,11,,,12,,1,22,,B03,120.669771,24.164559,3
2023,2,25,2,12,臺中市,太平區,0,0,0,8,,,50,,,,,,,,,,,,,,,23,,,,,C03,,,2,,2,,,23,,1,22,,C03,120.716247,24.133158,3
2023,2,25,3,41,臺中市,北區,0,1,0,8,3,5,50,4,1,1,5,4,5,7,1,1,10,5,5,2,15,25,3,10,1,1,B03,7,9,1,8,2,8,,25,25,1,22,8,B03,120.676172,24.150283,2
2023,2,25,4,12,臺中市,東區,0,2,0,8,3,5,50,4,1,1,5,4,5,7,1,1,10,5,5,2,16,26,2,9,2,1,F01,7,5,8,20,8,16,,26,26,1,22,8,F01,120.69438,24.146063,2
2023,2,25,5,12,臺中市,南屯區,0,1,0,8,3,5,50,14,18,1,5,4,5,7,1,1,5,4,5,2,3,25,3,10,1,1,C03,7,9,1,10,2,11,,25,25,1,5,8,C03,120.643826,24.146854,2
2023,2,25,5,28,臺中市,大里區,0,0,0,8,,,50,,,,,,,,,,,,,,,6,,,,,C03,,,1,,2,,,6,,1,22,,C03,120.689118,24.086777,3
2023,2,25,5,31,臺中市,太平區,0,0,0,8,,,80,,,,,,,,,,,,,,,23,,,,,B03,,,1,,2,,,23,,1,22,,B03,120.712258,24.145016,3
2023,2,25,5,45,臺中市,清水區,0,2,0,8,2,5,30,14,9,1,5,4,5,7,4,4,10,5,5,2,2,23,2,9,1,1,C03,7,9,1,10,2,14,,23,23,1,21,8,C03,120.559641,24.27254,2
2023,2,25,6,23,臺中市,西屯區,0,1,0,8,1,5,50,4,1,1,5,4,5,7,1,1,10,5,5,2,17,6,3,10,3,4,B03,7,5,1,8,2,2,,6,6,1,22,9,B03,120.669415,24.177239,2
2023,2,25,6,30,臺中市,北區,0,1,0,7,1,5,50,3,18,1,5,4,5,7,2,1,10,5,5,2,3,15,3,10,1,1,B01,7,5,1,4,2,5,,15,15,1,5,8,B01,120.668103,24.172936,2
2023,2,25,6,44,臺中市,西屯區,0,1,0,8,1,5,50,14,9,1,5,4,5,7,4,4,5,4,5,2,13,16,3,10,1,1,B03,7,9,1,8,11,1,,16,16,1,22,8,B03,120.633828,24.182506,2
2023,2,25,6,47,臺中市,南區,0,0,0,8,1,5,50,14,8,1,5,4,5,7,4,4,5,4,4,2,16,23,3,10,1,1,B03,7,11,1,8,11,5,,23,23,1,22,8,B03,120.677902,24.132494,3
2023,2,25,6,51,臺中市,西屯區,0,0,0,8,,,50,,,,,,,,,,,,,,,42,,,,,B03,,,1,,2,,,42,,1,22,,B03,120.655911,24.158976,3
2023,2,25,7,4,臺中市,南屯區,0,0,0,8,,,40,,,,,,,,,,,,,,,42,,,,,B03,,,1,,2,,,42,,1,4,,B03,120.638087,24.141131,3
2023,2,25,7,8,臺中市,東區,0,1,0,8,1,5,50,14,9,1,5,4,5,7,4,4,5,4,5,2,16,42,2,9,3,4,C03,7,5,3,18,2,11,,42,42,1,5,8,C03,120.68044,24.128946,2
2023,2,25,7,13,臺中市,潭子區,0,0,0,8,,,50,,,,,,,,,,,,,,,23,,,,,B03,,,1,,2,,,23,,1,22,,B03,120.681931,24.223978,3
2023,2,25,7,23,臺中市,北區,0,1,0,8,1,5,50,4,1,1,5,4,5,7,2,1,10,4,5,2,18,43,2,9,1,1,C03,7,9,1,10,2,14,,43,43,1,22,8,C03,120.685119,24.165279,2
2023,2,25,7,52,臺中市,北屯區,0,2,0,8,1,5,50,14,9,1,5,4,5,7,4,4,5,2,5,2,13,16,2,8,3,4,C03,7,9,1,10,2,11,,16,16,1,21,8,C03,120.709353,24.171095,2
2023,2,25,7,53,臺中市,烏日區,0,1,0,8,1,5,50,3,1,1,5,4,5,7,1,1,10,4,5,1,16,8,3,10,1,1,C03,7,5,1,10,2,14,,8,8,1,22,8,C03,120.621663,24.101809,2
2023,2,25,7,55,臺中市,西屯區,0,1,0,8,1,5,30,3,2,1,5,4,5,7,4,4,10,5,5,2,11,23,2,9,1,4,C03,7,9,1,10,2,14,,23,23,1,22,8,C03,120.650033,24.202523,2
2023,2,25,8,6,臺中市,北屯區,0,0,0,8,,,30,,,,,,,,,,,,,,,42,,,,,B12,,,1,,1,,,42,,1,5,,B12,120.667225,24.182506,3
2023,2,25,8,12,臺中市,北區,0,1,0,8,1,5,50,5,1,1,5,4,5,7,2,1,10,5,5,2,13,23,3,10,1,1,C03,7,9,1,10,2,11,,23,23,1,22,9,C03,120.682416,24.145861,2
2023,2,25,8,15,臺中市,西屯區,0,0,0,8,,,50,,,,,,,,,,,,,,,16,,,,,B03,,,1,,2,,,16,,1,4,,B03,120.624362,24.17855,3
2023,2,25,8,15,臺中市,神岡區,0,0,0,8,,,50,,,,,,,,,,,,,,,42,,,,,B03,,,1,,1,,,42,,1,12,,B03,120.693687,24.237051,3
2023,2,25,8,15,臺中市,豐原區,0,3,0,8,1,5,30,14,8,1,5,4,5,7,4,4,8,3,4,1,16,40,3,10,3,4,B11,7,14,1,8,2,3,,40,40,1,22,5,B11,120.727423,24.24445,2
2023,2,25,8,20,臺中市,北屯區,0,4,0,8,1,5,50,3,1,1,5,4,5,7,4,4,10,5,5,2,16,6,2,9,1,1,C03,7,5,1,10,2,11,14,6,6,1,5,8,C03,120.715705,24.174115,2
2023,2,25,8,22,臺中市,西屯區,0,1,0,8,1,5,30,3,1,1,5,4,5,7,4,4,10,5,5,2,29,42,2,9,3,4,C03,7,5,1,10,2,12,,42,42,1,22,8,C03,120.628665,24.173143,2
2023,2,25,8,24,臺中市,霧峰區,0,2,0,8,1,5,40,14,9,1,5,4,5,7,4,4,10,5,5,1,17,42,3,10,1,1,B03,7,9,1,8,2,6,,42,42,1,12,8,B03,120.677754,24.039523,2
2023,2,25,8,29,臺中市,北區,0,1,0,8,1,5,50,3,2,1,5,4,5,7,4,4,1,4,5,2,12,23,2,9,1,1,C03,7,9,1,10,2,11,,23,23,1,5,5,C03,120.677168,24.152231,2
2023,2,25,8,31,臺中市,北屯區,0,1,0,8,1,5,30,14,9,1,5,4,5,7,4,4,10,5,5,2,18,23,2,9,1,1,C03,7,1,1,10,2,14,,23,23,1,5,8,C03,120.702543,24.165979,2
2023,2,25,8,39,臺中市,龍井區,0,2,0,8,1,5,60,3,1,1,5,4,5,7,2,1,3,5,5,2,16,26,3,10,1,1,B03,7,6,1,8,2,2,,26,26,1,22,7,B03,120.579937,24.189083,2
2023,2,25,8,41,臺中市,東區,0,1,0,7,1,5,50,5,1,1,5,4,5,7,2,1,3,2,4,2,16,6,3,10,1,1,B03,7,5,1,6,2,1,,6,6,1,21,8,B03,120.692484,24.147902,2
2023,2,25,9,2,臺中市,北區,0,0,0,8,,,50,,,,,,,,,,,,,,,6,,,,,C03,,,1,,2,,,6,,1,22,,C03,120.679194,24.150644,3
2023,2,25,9,3,臺中市,石岡區,0,1,0,8,1,5,70,4,1,1,5,4,5,7,2,1,10,5,5,2,16,6,3,10,1,1,B03,7,3,1,8,2,2,,6,6,1,9,8,B03,120.776792,24.274346,2
2023,2,25,9,5,臺中市,西屯區,0,0,0,8,1,5,50,14,9,1,5,4,5,7,4,4,9,5,5,2,17,43,3,10,3,4,B03,7,13,1,8,11,4,,43,43,1,1,1,B03,120.597611,24.172408,3
2023,2,25,9,8,臺中市,南區,0,0,0,8,,,40,,,,,,,,,,,,,,,43,,,,,,,,,,,,,43,,1,,,,120.662856,24.12662,3
2023,2,25,9,9,臺中市,沙鹿區,0,0,0,8,,,50,,,,,,,,,,,,,,,42,,,,,B03,,,1,,2,,,42,,1,8,,B03,120.565564,24.248244,3
2023,2,25,9,14,臺中市,大肚區,0,0,0,8,,,50,,,,,,,,,,,,,,,12,,,,,B12,,,1,,9,,,12,,2,21,,B12,120.54442,24.154267,3
2023,2,25,9,15,臺中市,沙鹿區,0,2,0,8,1,5,50,4,1,1,5,4,5,7,4,4,10,5,5,2,16,6,2,9,1,1,C03,7,6,1,10,2,11,,6,6,1,19,5,C03,120.563982,24.241925,2
2023,2,25,9,17,臺中市,南屯區,0,1,0,8,1,5,40,3,1,1,5,4,5,7,3,1,5,5,4,2,17,4,3,10,3,4,B03,7,5,1,8,2,8,,4,4,1,22,8,B03,120.594916,24.139483,2
2023,2,25,9,19,臺中市,沙鹿區,0,0,0,8,,,50,,,,,,,,,,,,,,,18,,,,,B03,,,1,,2,,,18,,1,5,,B03,120.553387,24.22381,3
2023,2,25,9,20,臺中市,神岡區,0,1,0,8,1,5,50,3,1,1,5,4,5,7,3,1,10,5,5,2,16,6,3,10,1,1,B03,7,11,1,8,2,8,,6,6,1,22,9,B03,120.70576,24.26125,2
2023,2,25,9,22,臺中市,西區,0,1,0,8,1,5,50,3,2,1,5,4,5,7,4,4,10,5,5,2,17,42,2,8,1,1,C03,7,9,1,10,2,14,,42,42,1,4,9,C03,120.653868,24.152925,2
2023,2,25,9,22,臺中市,南屯區,0,0,0,8,1,5,50,14,9,1,5,4,5,7,4,4,5,5,5,2,17,23,3,10,1,1,B03,7,9,1,8,2,5,,23,23,1,4,8,B03,120.647064,24.130671,3
2023,2,25,9,25,臺中市,龍井區,0,0,0,8,,,90,,,,,,,,,,,,,,,23,,,,,B12,,,1,,2,,,23,23,1,12,,B12,120.517158,24.205433,3
2023,2,25,9,26,臺中市,西區,0,0,0,8,,,50,,,,,,,,,,,,,,,23,,,,,C03,,,1,,1,,,23,,1,21,,C03,120.67502,24.149051,3
2023,2,25,9,26,臺中市,龍井區,0,0,0,,,,30,,,,,,,,,,,,,,,17,,,,,B03,,,1,,2,,,17,,1,3,,B03,120.583748,24.178684,3
2023,2,25,9,27,臺中市,西屯區,0,2,0,8,1,5,50,3,1,1,5,4,5,7,4,4,9,4,5,2,12,9,3,10,1,1,B03,7,6,1,8,2,2,,9,9,1,11,8,B03,120.649313,24.175351,2
2023,2,25,9,30,臺中市,潭子區,0,1,0,7,1,5,60,14,8,1,5,4,5,7,4,4,1,4,4,1,13,16,2,9,1,1,C03,7,9,1,10,2,11,,16,16,1,22,8,C03,120.686624,24.21241,2
2023,2,25,9,30,臺中市,西區,0,1,0,8,1,5,50,14,9,1,5,4,5,7,4,4,5,4,5,2,17,42,3,10,1,1,C03,7,9,1,10,2,15,,42,42,1,4,5,C03,120.67462,24.137594,2
2023,2,25,9,30,臺中市,北屯區,0,1,0,8,1,5,50,14,9,1,5,4,5,7,4,4,5,4,5,2,13,16,2,9,1,1,C03,7,9,4,11,2,11,12,16,16,1,22,8,C03,120.721085,24.176476,2
2023,2,25,9,30,臺中市,北屯區,0,0,0,8,,,30,,,,,,,,,,,,,,,12,,,,,B03,,,1,,1,,,12,,1,22,,B03,120.69913,24.172116,3
2023,2,25,9,31,臺中市,東區,0,2,0,7,1,5,50,4,9,1,5,4,5,7,1,1,5,5,5,2,3,52,2,9,1,1,H01,8,16,8,20,10,16,,52,52,1,21,8,H01,120.696201,24.14275,2
2023,2,25,9,32,臺中市,南區,0,0,0,8,,,50,,,,,,,,,,,,,,,23,,,,,B12,,,1,8,2,,,23,23,1,5,,B12,120.69069,24.140533,3
2023,2,25,9,36,臺中市,龍井區,0,0,0,,,,50,,,,,,,,,,,,,,,23,,,,,B03,,,1,,2,,,23,,1,22,,B03,120.582118,24.177034,3
2023,2,25,9,40,臺中市,北屯區,0,4,0,8,1,5,40,10,16,1,5,4,5,7,4,4,10,5,5,1,13,23,3,10,3,4,B03,7,9,1,8,2,1,,23,23,1,21,8,B03,120.722439,24.18693,2
2023,2,25,9,40,臺中市,霧峰區,0,0,0,8,,,50,,,,,,,,,,,,,,,10,,,,,B03,,,1,,2,,,10,,1,12,,B03,120.679566,24.049806,3
2023,2,25,9,45,臺中市,南屯區,0,1,0,8,1,5,50,4,1,1,5,4,5,7,1,1,10,5,5,2,15,25,2,9,1,1,F03,7,9,8,20,2,16,,25,25,1,22,9,F03,120.642912,24.142997,2
2023,2,25,9,45,臺中市,北屯區,0,0,0,8,,,50,,,,,,,,,,,,,,,23,,,,,A04,,,1,,2,,,23,23,1,5,,A04,120.690438,24.178737,3
2023,2,25,9,49,臺中市,北屯區,0,1,0,8,1,5,30,14,9,1,5,4,5,7,4,4,10,5,5,2,16,19,3,10,1,1,B03,7,1,1,8,2,5,,19,19,1,5,8,B03,120.712121,24.173136,2
2023,2,25,9,49,臺中市,西屯區,0,0,0,8,,,50,,,,,,,,,,,,,,,12,,,,,A11,,,1,,2,,,12,,1,22,,A11,120.626044,24.179501,3
2023,2,25,9,49,臺中市,龍井區,0,3,0,8,1,5,30,4,1,1,5,4,5,7,4,4,10,5,5,2,15,6,2,9,1,1,C03,7,9,1,10,2,12,,6,6,1,12,8,C03,120.52931,24.185311,2
2023,2,25,9,50,臺中市,太平區,0,0,0,8,,,30,,,,,,,,,,,,,,,23,,,,,B03,,,1,,2,,,23,,1,9,,B03,120.726971,24.151978,3
2023,2,25,9,50,臺中市,神岡區,0,0,0,8,,,50,,,,,,,,,,,,,,,12,,,,,B12,,,1,,1,,,12,,1,12,,B12,120.685037,24.246467,3
2023,2,25,9,54,臺中市,北區,0,2,0,8,1,5,50,14,9,1,5,4,5,7,4,4,5,4,5,2,16,26,2,9,1,1,F01,7,11,8,20,2,16,,26,26,1,19,5,F01,120.681209,24.168524,2
2023,2,25,9,55,臺中市,豐原區,0,1,0,8,1,5,50,4,1,1,5,4,5,7,1,1,10,5,5,2,16,10,3,10,1,1,B12,7,11,1,8,2,8,,10,10,1,22,8,B12,120.714072,24.249205,2
2023,2,25,10,0,臺中市,大雅區,0,0,0,8,,,30,,,,,,,,,,,,,,,16,,,,,C03,,,1,,2,,,16,,1,22,,C03,120.645526,24.232318,3
2023,2,25,10,4,臺中市,南區,0,1,0,8,1,5,50,14,9,1,5,4,5,7,4,4,3,4,5,2,17,19,3,10,1,1,B03,7,1,1,8,2,7,,19,19,1,22,8,B03,120.660982,24.126781,2
2023,2,25,10,5,臺中市,西屯區,0,1,0,8,1,5,40,4,2,1,5,4,5,7,4,4,10,5,1,2,18,42,2,9,3,4,C03,7,9,1,10,2,14,,42,42,1,22,8,C03,120.621041,24.180055,2
2023,2,25,10,5,臺中市,外埔區,0,0,0,8,1,5,30,11,9,1,5,4,5,1,4,4,10,5,5,1,29,17,,,,,B03,,,1,,1,,,17,,1,22,,B03,120.642039,24.342433,3
2023,2,25,10,6,臺中市,太平區,0,0,0,8,,,50,,,,,,,,,,,,,,,23,,,,,F03,,,1,,2,,,23,,1,22,,F03,120.716569,24.132396,3
2023,2,25,10,7,臺中市,西屯區,0,1,0,8,1,5,50,3,1,1,5,4,5,7,1,1,10,5,5,2,18,23,2,9,1,1,C03,7,5,1,10,2,14,,23,23,1,4,8,C03,120.63458,24.176278,2
2023,2,25,10,8,臺中市,南屯區,0,0,0,8,,,50,,,,,,,,,,,,,,,12,,,,,B01,,,1,,1,,,12,,1,22,,B01,120.649761,24.152918,3
2023,2,25,10,10,臺中市,龍井區,0,0,0,8,,,90,,,,,,,,,,,,,,,23,,,,,B12,,,1,,2,,,23,,1,12,,B12,120.5232,24.219652,3
2023,2,25,10,11,臺中市,南區,0,1,0,8,1,5,40,7,8,1,5,4,5,7,4,4,10,5,5,2,13,16,2,8,3,4,C03,7,9,1,10,2,11,,42,16,1,5,8,C03,120.679128,24.119191,2
2023,2,25,10,15,臺中市,東區,0,0,0,7,1,5,50,5,7,1,5,4,5,7,2,1,5,5,4,2,12,17,3,10,1,1,C03,7,9,1,10,2,14,,17,17,1,21,8,C03,120.695538,24.142013,3
2023,2,25,10,16,臺中市,西屯區,0,2,0,8,1,5,50,14,9,1,5,4,5,7,4,4,5,5,5,2,3,23,2,9,3,4,C03,7,9,1,10,2,11,,23,23,1,22,8,C03,120.639345,24.159329,2
2023,2,25,10,18,臺中市,龍井區,0,1,0,8,1,5,50,14,13,1,5,4,5,7,4,4,9,5,5,1,17,43,3,10,1,1,C03,7,9,5,10,9,15,,43,43,1,20,9,C03,120.582334,24.177257,2
2023,2,25,10,24,臺中市,大甲區,0,1,0,8,1,5,50,4,1,1,5,4,5,7,1,1,10,5,5,2,16,6,3,10,1,1,B03,7,5,1,8,2,6,,6,6,1,21,8,B03,120.61483,24.35107,2
2023,2,25,10,34,臺中市,南屯區,0,1,0,8,1,5,50,4,3,1,5,4,5,7,2,1,1,5,5,2,13,23,3,10,1,1,B03,7,9,1,8,2,1,,23,23,1,21,8,B03,120.640483,24.14141,2
2023,2,25,10,37,臺中市,東區,0,2,0,8,1,5,50,14,9,1,5,4,5,7,4,4,5,4,5,2,18,23,2,9,1,1,C03,7,9,1,10,2,14,,23,23,1,22,8,C03,120.690595,24.13321,2
2023,2,25,10,39,臺中市,北屯區,0,0,0,8,,,50,,,,,,,,,,,,,,,16,,,,,B03,,,1,,1,,,16,,1,22,,B03,120.736646,24.178158,3
2023,2,25,10,39,臺中市,北屯區,0,0,0,8,,,50,,,,,,,,,,,,,,,10,,,,,B03,,,1,,1,,,10,,1,22,,B03,120.69902,24.172115,3
2023,2,25,10,39,臺中市,太平區,0,1,0,8,1,5,30,5,1,1,5,4,5,7,3,1,10,5,5,2,15,6,2,8,3,4,C03,7,9,1,10,2,11,,6,6,1,9,8,C03,120.721038,24.12233,2
2023,2,25,10,41,臺中市,北屯區,0,0,0,8,,,50,,,,,,,,,,,,,,,23,,,,,A12,,,1,3,1,,,23,23,1,21,,A12,120.721561,24.182309,3
2023,2,25,10,41,臺中市,大里區,0,0,0,8,,,30,,,,,,,,,,,,,,,43,,,,,B03,,,1,,2,,,43,,1,5,,B03,120.701719,24.106104,3
2023,2,25,10,43,臺中市,西區,0,1,0,8,1,5,50,14,9,1,5,4,5,7,4,4,4,4,5,2,17,40,3,10,1,1,B03,7,14,1,8,2,4,,40,40,1,22,8,B03,120.663735,24.150794,2
2023,2,25,10,44,臺中市,霧峰區,0,0,0,8,,,50,,,,,,,,,,,,,,,23,,,,,C03,,,1,,2,,,23,,1,3,,C03,120.695709,24.013088,3