年,月,日,時,分,縣市,區,死,受傷,2-30,天候,光線,道路類別,速限,道路型態,事故位置,路面鋪裝,路面狀態,路面缺陷,障礙物,視距,號誌種類,號誌動作,分向設施,快車道或一般車道間,快慢車道間,路面邊線,事故類型及型態,主要肇因,受傷程度,主要傷處,保護裝備,行動電話,當事者區分,車輛用途,當事者行動狀態,駕駛資格情形,駕駛執照種類,飲酒情形,車輛撞擊部位最初,車輛撞擊部位其他,肇事因素個別,肇事因素主要,肇事逃逸,職業,旅次目的,車種,GPS緯度,GPS經度,事故類別
2023,2,25,10,46,臺中市,大雅區,0,0,0,8,,,30,,,,,,,,,,,,,,,12,,,,,B03,,,1,,2,,,12,,1,22,,B03,120.648196,24.22508,3
2023,2,25,10,49,臺中市,太平區,0,0,0,8,,,80,,,,,,,,,,,,,,,23,,,,,B03,,,1,,2,,,23,,1,22,,B03,120.717404,24.157346,3
2023,2,25,10,49,臺中市,梧棲區,0,0,0,,,,1,,,,,,,,,,,,,,,42,,,,,C03,,,1,,1,,,42,,1,4,,C03,120.543999,24.246922,3
2023,2,25,10,50,臺中市,烏日區,0,0,0,8,,,80,,,,,,,,,,,,,,,26,,,,,B03,,,1,,1,,,26,,1,21,,B03,120.61299,24.102818,3
2023,2,25,10,53,臺中市,東區,0,0,0,8,,,50,,,,,,,,,,,,,,,23,,,,,B01,,,1,4,2,,,23,23,1,5,,B01,120.687665,24.140093,3
2023,2,25,10,53,臺中市,豐原區,0,2,0,8,1,5,30,4,2,1,5,4,5,7,1,1,8,3,4,1,16,40,3,10,3,4,B03,7,14,1,8,2,4,,40,40,1,22,5,B03,120.718561,24.251761,2
2023,2,25,10,55,臺中市,龍井區,0,1,0,8,1,5,40,14,12,1,5,4,5,7,4,4,10,4,4,1,12,7,3,10,3,1,F01,7,8,8,20,2,16,,7,7,1,15,6,F01,120.58021,24.197072,2
2023,2,25,10,58,臺中市,西區,0,0,0,8,,,50,,,,,,,,,,,,,,,23,,,,,B03,,,1,,1,,,23,,1,21,,B03,120.657294,24.153455,3
2023,2,25,10,59,臺中市,東勢區,0,0,0,8,,,40,,,,,,,,,,,,,,,12,,,,,B03,,,1,,1,,,12,,1,21,,B03,120.8346,24.237956,3
2023,2,25,11,0,臺中市,霧峰區,0,0,0,8,,,40,,,,,,,,,,,,,,,17,,,,,B12,,,1,,2,,,17,,1,12,,B12,120.69382,24.05772,3
2023,2,25,11,2,臺中市,南屯區,0,0,0,8,,,50,,,,,,,,,,,,,,,7,,,,,A42,,,1,,1,,,7,7,1,22,,A42,120.638405,24.142291,3
2023,2,25,11,2,臺中市,太平區,0,1,0,8,1,5,50,3,2,1,5,4,5,7,4,4,5,5,5,2,3,23,3,10,3,4,C03,7,9,1,10,2,11,,23,23,1,9,8,C03,120.710117,24.154703,2
2023,2,25,11,5,臺中市,西屯區,0,0,0,8,,,50,,,,,,,,,,,,,,,17,,,,,B03,,,1,,1,,,17,,1,22,,B03,120.635263,24.172635,3
2023,2,25,11,6,臺中市,大里區,0,0,0,8,,,30,,,,,,,,,,,,,,,12,,,,,B03,,,1,,2,,,12,,1,22,,B03,120.689505,24.122728,3
2023,2,25,11,8,臺中市,南屯區,0,0,0,8,,,50,,,,,,,,,,,,,,,17,,,,,B03,,,1,,11,,,17,,1,22,,B03,120.641506,24.134841,3
2023,2,25,11,15,臺中市,南屯區,0,0,0,,,,30,,,,,,,,,,,,,,,12,,,,,B03,,,1,,2,,,12,,1,22,,B03,120.615292,24.15333,3
2023,2,25,11,17,臺中市,后里區,0,0,0,8,,,30,,,,,,,,,,,,,,,6,,,,,B03,,,1,,2,,,6,,1,22,,B03,120.693991,24.3145,3
2023,2,25,11,18,臺中市,豐原區,0,0,0,8,,,50,,,,,,,,,,,,,,,17,,,,,B03,,,1,,2,,,17,,1,22,,B03,120.732805,24.251054,3
2023,2,25,11,22,臺中市,大雅區,1,0,0,8,1,5,50,14,9,1,5,4,5,7,4,4,5,5,5,1,17,43,3,10,1,1,B03,7,9,1,8,2,1,,43,43,1,22,9,B03,120.65465,24.228933,1
2023,2,25,11,23,臺中市,北屯區,0,0,0,8,,,50,,,,,,,,,,,,,,,26,,,,,B12,,,1,,1,,,26,,1,5,,B12,120.668455,24.199268,3
2023,2,25,11,25,臺中市,清水區,0,1,0,8,1,5,40,14,7,1,5,4,5,7,4,4,1,4,4,2,12,19,3,10,1,1,B03,7,1,1,8,2,8,,19,19,1,5,5,B03,120.571914,24.260682,2
2023,2,25,11,27,臺中市,大肚區,0,0,0,,,,60,,,,,,,,,,,,,,,40,,,,,B11,,,1,,2,,,40,,1,21,,B11,120.544212,24.153833,3
2023,2,25,11,31,臺中市,北區,0,1,0,8,1,5,50,14,9,1,5,4,5,7,4,4,5,5,5,2,16,26,3,10,1,1,B03,7,11,1,8,2,7,,26,26,1,22,8,B03,120.684839,24.153134,2
2023,2,25,11,33,臺中市,北屯區,0,0,0,8,,,40,,,,,,,,,,,,,,,4,,,,,C03,,,3,,1,,,4,,1,5,,C03,120.666303,24.181423,3
2023,2,25,11,34,臺中市,霧峰區,0,0,0,8,,,70,,,,,,,,,,,,,,,23,,,,,B02,,,1,,2,,,23,,1,12,,B02,120.663806,24.077896,3
2023,2,25,11,35,臺中市,豐原區,0,1,0,8,1,5,50,3,1,1,5,4,5,7,4,4,10,5,5,2,29,67,,,,,,,,,,,,,67,67,1,,,,120.721497,24.271066,2
2023,2,25,11,42,臺中市,北區,0,0,0,8,,,50,,,,,,,,,,,,,,,19,,,,,C03,,,1,,2,,,19,,1,22,,C03,120.680973,24.162492,3
2023,2,25,11,45,臺中市,神岡區,0,1,0,8,1,5,50,4,1,1,5,4,5,7,4,4,1,4,4,2,17,19,3,10,1,1,C03,7,1,1,10,2,11,,19,19,1,12,8,C03,120.686138,24.24495,2
2023,2,25,11,47,臺中市,西屯區,0,0,0,8,,,60,,,,,,,,,,,,,,,23,,,,,B01,,,1,,2,,,23,,1,12,,B01,120.6446,24.195025,3
2023,2,25,11,47,臺中市,大肚區,0,1,0,8,1,5,30,14,9,1,5,4,5,7,4,4,10,5,5,2,16,19,3,10,1,1,C03,7,1,1,10,2,14,,19,19,1,21,8,C03,120.562821,24.127531,2
2023,2,25,11,48,臺中市,龍井區,0,0,0,8,,,50,,,,,,,,,,,,,,,17,,,,,B03,,,1,,2,,,17,,1,12,,B03,120.556405,24.201251,3
2023,2,25,11,49,臺中市,太平區,0,1,0,8,1,5,50,3,1,1,5,4,5,7,4,4,10,5,5,2,13,23,2,9,1,1,C03,7,9,1,10,2,11,,23,23,1,22,5,C03,120.715602,24.124724,2
2023,2,25,11,53,臺中市,東區,0,1,0,7,1,5,50,4,1,1,5,4,5,7,4,4,5,5,5,2,15,6,2,1,1,1,B02,7,9,1,8,2,6,,6,6,1,21,8,B02,120.704002,24.136329,2
2023,2,25,11,53,臺中市,梧棲區,0,1,0,8,1,5,40,4,1,1,5,4,5,7,4,4,5,5,5,2,15,6,3,10,1,1,B03,7,9,1,1,2,2,,6,6,1,4,8,B03,120.536489,24.246695,2
2023,2,25,11,54,臺中市,豐原區,0,0,0,8,,,50,,,,,,,,,,,,,,,12,,,,,B03,,,1,,2,,,12,,1,22,,B03,120.704855,24.246311,3
2023,2,25,11,55,臺中市,潭子區,0,1,0,8,1,5,50,14,9,1,5,4,5,7,1,1,10,5,5,2,13,16,2,9,1,1,C03,7,9,1,10,2,12,,16,16,1,22,8,C03,120.720381,24.19417,2
2023,2,25,11,56,臺中市,北區,0,1,0,8,1,5,50,14,9,1,5,4,5,7,4,4,3,4,5,2,16,7,3,10,1,1,B01,7,8,1,8,2,2,,7,7,1,22,8,B01,120.676213,24.150713,2
2023,2,25,11,56,臺中市,西屯區,0,0,0,8,1,5,50,14,9,1,5,4,5,7,4,4,5,4,5,2,13,16,3,10,1,1,B03,7,9,1,8,1,1,,16,16,1,2,5,B03,120.616787,24.188731,3
2023,2,25,11,57,臺中市,南屯區,0,0,0,8,,,40,,,,,,,,,,,,,,,12,,,,,B03,,,1,,1,,,12,,1,22,,B03,120.63203,24.143003,3
2023,2,25,11,57,臺中市,南屯區,0,1,0,8,1,5,50,3,1,1,5,4,5,7,4,4,5,4,5,2,16,10,3,10,1,1,C03,7,11,1,9,2,14,,10,10,1,4,8,C03,120.639383,24.14401,2
2023,2,25,12,0,臺中市,梧棲區,0,1,0,8,1,5,90,14,7,1,5,4,5,7,4,4,1,4,5,1,13,23,2,9,1,1,C02,7,9,1,9,2,11,,23,23,1,4,8,C02,120.526458,24.227265,2
2023,2,25,12,2,臺中市,西屯區,0,0,0,8,,,40,,,,,,,,,,,,,,,7,,,,,C03,,,1,,2,,,7,,1,22,,C03,120.652434,24.161508,3
2023,2,25,12,2,臺中市,大里區,0,1,0,8,1,5,50,5,1,1,4,4,5,7,2,1,5,4,4,1,16,9,2,9,1,1,C03,7,6,1,10,2,11,,9,9,1,5,8,C03,120.689925,24.112803,2
2023,2,25,12,3,臺中市,新社區,0,1,0,8,1,5,30,3,1,1,5,4,5,7,4,4,10,5,5,1,17,23,2,9,1,1,C01,7,9,1,9,2,11,,23,23,1,21,8,C01,120.796767,24.219466,2
2023,2,25,12,4,臺中市,太平區,0,0,0,8,,,40,,,,,,,,,,,,,,,12,,,,,B03,,,1,,2,,,12,,1,9,,B03,120.712979,24.159604,3
2023,2,25,12,8,臺中市,北區,0,3,0,8,1,5,50,4,1,1,5,4,5,7,4,4,10,5,5,2,15,6,2,9,1,1,C03,7,9,1,10,2,11,,6,6,1,22,9,C03,120.695978,24.156712,2
2023,2,25,12,13,臺中市,西屯區,0,3,0,8,1,5,50,3,1,1,5,4,5,7,4,4,10,5,5,2,16,8,2,9,3,4,C03,7,5,1,10,2,14,,8,8,1,22,8,C03,120.654131,24.166176,2
2023,2,25,12,20,臺中市,西區,0,2,0,8,1,5,30,3,1,1,5,4,5,7,4,4,10,5,5,2,12,19,3,10,1,1,B03,7,1,1,8,1,5,,19,19,1,22,9,B03,120.662846,24.151586,2
2023,2,25,12,21,臺中市,大里區,0,1,0,8,1,5,60,14,7,1,5,4,5,7,4,4,1,4,4,1,12,23,3,10,1,1,B03,7,9,3,18,6,1,,23,23,1,22,8,B03,120.686085,24.102949,2
2023,2,25,12,25,臺中市,西屯區,0,0,0,8,,,50,,,,,,,,,,,,,,,7,,,,,B03,,,1,,2,,,7,,1,4,,B03,120.633755,24.161434,3
2023,2,25,12,33,臺中市,西屯區,0,0,0,8,,,50,,,,,,,,,,,,,,,7,,,,,B03,,,1,,3,,,7,,1,22,,B03,120.64823,24.160903,3
2023,2,25,12,35,臺中市,豐原區,0,1,0,7,1,5,30,14,9,1,5,4,5,7,4,4,10,5,5,2,10,44,3,10,1,1,B03,7,9,1,8,2,1,,44,44,1,22,8,B03,120.740204,24.255891,2
2023,2,25,12,43,臺中市,西屯區,0,2,0,8,1,5,50,4,1,1,5,4,5,7,1,1,4,3,4,2,16,7,2,9,1,1,C03,7,7,1,10,2,13,,7,7,1,22,8,C03,120.64434,24.184929,2
2023,2,25,12,43,臺中市,烏日區,0,1,0,8,1,5,50,14,9,1,5,4,5,7,2,1,10,5,5,2,13,16,2,8,1,1,C03,7,9,1,10,2,11,,16,16,1,21,8,C03,120.62734,24.10404,2
2023,2,25,12,44,臺中市,西屯區,0,0,0,8,,,40,,,,,,,,,,,,,,,12,,,,,B03,,,1,,2,,,12,,1,12,,B03,120.620318,24.18766,3
2023,2,25,12,45,臺中市,北屯區,0,0,0,8,,,50,,,,,,,,,,,,,,,16,,,,,B03,,,1,,2,,,16,16,1,5,,B03,120.664044,24.185599,3
2023,2,25,12,46,臺中市,西屯區,0,2,0,8,1,5,50,14,7,1,5,4,5,7,4,4,9,5,4,2,13,7,2,8,1,1,C03,7,7,1,10,2,13,12,7,7,1,5,1,C03,120.637325,24.17652,2
2023,2,25,12,48,臺中市,北區,0,0,0,8,,,50,,,,,,,,,,,,,,,19,,,,,C03,,,1,,2,,,19,,1,22,,C03,120.689308,24.15474,3
2023,2,25,12,50,臺中市,西屯區,0,2,0,8,1,5,40,3,1,1,5,4,5,7,2,1,10,5,5,2,13,16,2,8,3,4,C03,7,9,1,10,2,11,,16,16,1,22,8,C03,120.619111,24.181355,2
2023,2,25,12,52,臺中市,大甲區,0,3,0,8,1,5,50,14,9,1,5,4,5,7,4,4,9,5,5,1,3,23,2,8,1,1,C03,7,9,1,10,2,14,,23,23,1,22,9,C03,120.626764,24.346723,2
2023,2,25,12,53,臺中市,大甲區,0,1,0,8,1,5,70,4,1,1,5,4,5,7,1,1,10,5,5,2,16,26,2,9,1,1,C03,7,5,1,10,2,11,,26,26,1,22,9,C03,120.641221,24.403112,2
2023,2,25,12,59,臺中市,太平區,0,1,0,8,1,5,50,14,9,1,5,4,5,7,4,4,5,5,5,1,12,7,2,9,1,1,C03,7,7,3,18,2,14,,7,7,1,22,5,C03,120.73349,24.155293,2
2023,2,25,13,0,臺中市,大雅區,0,0,0,8,,,50,,,,,,,,,,,,,,,16,,,,,B03,,,1,,2,,,16,,1,21,,B03,120.646045,24.223577,3
2023,2,25,13,0,臺中市,清水區,0,1,0,8,1,5,50,14,7,1,5,4,5,7,4,4,5,4,4,2,18,23,2,9,1,1,C03,7,9,1,10,7,12,,23,23,1,22,8,C03,120.553808,24.267728,2
2023,2,25,13,2,臺中市,東區,0,0,0,8,,,30,,,,,,,,,,,,,,,12,,,,,B12,,,1,8,11,,,12,12,1,5,,B12,120.687648,24.140166,3
2023,2,25,13,3,臺中市,西區,0,2,0,8,1,5,50,5,1,1,5,4,5,7,1,1,10,5,5,2,16,42,2,9,1,1,C03,7,5,1,10,2,11,,42,42,1,22,9,C03,120.669801,24.150724,2
2023,2,25,13,5,臺中市,西區,0,0,0,8,,,50,,,,,,,,,,,,,,,12,,,,,B03,,,1,,1,,,12,12,1,2,,B03,120.656784,24.148698,3
2023,2,25,13,5,臺中市,南屯區,0,0,0,8,,,50,,,,,,,,,,,,,,,6,,,,,C03,,,1,10,9,,,6,6,1,23,,C03,120.622269,24.14031,3
2023,2,25,13,5,臺中市,北屯區,0,0,0,8,,,50,,,,,,,,,,,,,,,16,,,,,C03,,,1,,1,,,16,,1,22,,C03,120.685725,24.172988,3
2023,2,25,13,8,臺中市,新社區,0,0,0,8,,,50,,,,,,,,,,,,,,,43,,,,,B03,,,1,,2,,,43,,1,19,,B03,120.80077,24.219336,3
2023,2,25,13,20,臺中市,豐原區,0,0,0,8,,,60,,,,,,,,,,,,,,,42,,,,,B03,,,1,,2,,,42,,1,22,,B03,120.70702,24.237148,3
2023,2,25,13,24,臺中市,北屯區,0,1,0,8,1,5,50,4,1,1,5,4,5,7,2,1,10,5,5,2,15,25,2,9,1,1,C03,7,9,2,18,2,11,12,25,25,1,22,8,C03,120.670198,24.184956,2
2023,2,25,13,25,臺中市,豐原區,0,0,0,8,,,50,,,,,,,,,,,,,,,17,,,,,B03,,,1,,2,,,17,,1,22,,B03,120.716286,24.253669,3
2023,2,25,13,27,臺中市,北區,0,0,0,8,1,5,50,4,7,1,5,4,5,7,1,1,1,4,4,2,13,23,3,10,1,1,B03,7,9,1,8,2,1,,23,42,1,5,5,B03,120.685084,24.161515,3
2023,2,25,13,29,臺中市,烏日區,0,1,0,8,1,5,30,4,1,1,5,4,5,7,4,4,10,5,5,2,17,6,2,9,1,1,C03,7,6,1,10,2,14,,6,6,1,5,8,C03,120.63427,24.078501,2
2023,2,25,13,30,臺中市,豐原區,0,1,0,8,1,5,50,3,1,1,5,4,5,7,4,4,10,5,5,2,17,6,3,10,1,1,B03,7,5,1,8,2,7,,6,6,1,22,8,B03,120.719936,24.251707,2
2023,2,25,13,32,臺中市,西屯區,0,0,0,8,,,50,,,,,,,,,,,,,,,23,,,,,C03,,,1,,2,,,23,,1,4,,C03,120.656627,24.163663,3
2023,2,25,13,32,臺中市,太平區,0,1,0,8,1,5,50,4,1,1,5,4,5,7,1,1,5,5,5,2,16,9,3,10,1,1,B02,7,6,2,18,2,6,,9,9,1,21,8,B02,120.719885,24.121204,2
2023,2,25,13,33,臺中市,太平區,0,2,0,8,1,5,30,3,1,1,5,4,5,7,4,4,5,5,5,2,16,1,2,7,3,4,C03,7,5,1,10,2,12,,1,1,1,9,8,C03,120.733056,24.144096,2
2023,2,25,13,36,臺中市,北屯區,0,0,0,8,,,50,,,,,,,,,,,,,,,23,,,,,B03,,,1,,1,,,23,,1,5,,B03,120.70771,24.185481,3
2023,2,25,13,38,臺中市,西區,0,3,0,8,1,5,40,4,1,1,5,4,5,7,1,1,10,5,5,2,12,6,2,7,3,4,C03,7,5,1,10,2,14,,6,6,1,21,8,C03,120.665554,24.153803,2
2023,2,25,13,39,臺中市,豐原區,0,3,0,7,1,5,50,4,1,1,5,4,5,7,1,1,10,5,5,2,12,25,2,9,1,1,C03,7,9,1,10,2,14,,25,25,1,22,8,C03,120.710695,24.250578,2
2023,2,25,13,41,臺中市,沙鹿區,0,1,0,8,1,5,30,5,1,1,5,4,5,2,1,1,1,4,1,1,3,23,3,10,1,1,B03,7,9,1,8,2,1,,23,23,1,4,8,B03,120.579417,24.221291,2
2023,2,25,13,46,臺中市,西區,0,0,0,8,1,5,50,4,1,1,5,4,5,7,1,1,10,5,5,2,12,7,,,,,B03,,,1,,1,,,7,,1,22,,B03,120.658486,24.150862,3
2023,2,25,13,46,臺中市,西屯區,0,0,0,8,1,5,50,4,1,1,5,4,5,7,2,1,10,5,5,2,12,26,3,10,1,1,B12,7,5,1,8,11,7,,26,26,2,3,1,B12,120.635172,24.179435,3
2023,2,25,13,47,臺中市,西屯區,0,0,0,8,,,50,,,,,,,,,,,,,,,42,,,,,B03,,,1,,1,,,42,,1,22,,B03,120.639808,24.166133,3
2023,2,25,13,51,臺中市,西屯區,0,1,0,8,1,5,50,3,1,1,5,4,5,7,4,4,4,3,4,2,16,19,3,10,1,1,B03,7,1,1,8,2,2,,19,19,1,22,8,B03,120.635916,24.17016,2
2023,2,25,13,59,臺中市,太平區,0,1,0,8,1,5,50,3,1,1,5,4,5,7,1,1,10,5,5,2,16,6,3,10,1,1,B03,7,5,1,8,2,5,,6,6,1,22,5,B03,120.730185,24.15046,2
2023,2,25,14,0,臺中市,南區,0,0,0,8,,,50,,,,,,,,,,,,,,,23,,,,,B12,,,1,,2,,,23,,1,22,,B12,120.660917,24.123017,3
2023,2,25,14,0,臺中市,北屯區,0,3,0,8,1,5,50,14,5,1,5,4,5,7,4,4,1,4,5,2,12,17,2,8,1,1,C04,7,9,1,10,2,12,,17,17,1,5,8,C04,120.692285,24.162407,2
2023,2,25,14,2,臺中市,霧峰區,0,2,0,8,1,5,40,14,16,1,5,4,5,7,4,4,10,5,5,2,20,23,2,7,3,4,B03,7,9,1,8,2,1,,23,23,1,3,8,B03,120.663768,24.073941,2
2023,2,25,14,5,臺中市,西屯區,0,0,0,8,,,50,,,,,,,,,,,,,,,7,,,,,B03,,,1,,1,,,7,,1,12,,B03,120.620351,24.187613,3
2023,2,25,14,8,臺中市,后里區,0,2,0,8,1,5,30,3,1,1,5,4,5,7,4,4,10,5,5,2,16,6,2,9,2,1,F02,7,6,8,20,2,16,,6,6,1,21,1,F02,120.732161,24.307526,2
2023,2,25,14,10,臺中市,北屯區,0,0,0,8,,,50,,,,,,,,,,,,,,,23,,,,,B03,,,1,8,2,,,23,23,1,21,,B03,120.695604,24.178547,3
2023,2,25,14,10,臺中市,大甲區,0,1,0,8,1,5,50,14,9,1,5,4,5,7,4,4,5,5,5,1,16,16,2,5,1,1,C03,7,9,1,10,2,14,,16,16,1,22,9,C03,120.62104,24.342932,2
2023,2,25,14,16,臺中市,清水區,0,1,0,8,1,5,30,4,1,1,5,4,5,7,4,4,10,5,5,2,16,6,2,9,1,1,C03,7,5,1,10,2,12,,6,6,1,21,8,C03,120.582637,24.275154,2
2023,2,25,14,18,臺中市,潭子區,0,0,0,8,,,50,,,,,,,,,,,,,,,23,,,,,B03,,,1,,2,,,23,,1,22,,B03,120.693688,24.215872,3
2023,2,25,14,18,臺中市,東區,0,1,0,7,1,5,50,4,1,1,5,4,5,7,1,1,5,5,5,2,16,8,3,10,1,1,C03,7,5,1,10,2,13,,8,8,1,21,8,C03,120.708148,24.140637,2
2023,2,25,14,18,臺中市,南區,0,2,0,8,1,5,50,3,1,1,5,4,5,7,4,4,10,5,5,2,17,8,2,9,1,1,C03,7,5,1,10,2,14,,8,8,1,22,8,C03,120.654244,24.118255,2
2023,2,25,14,20,臺中市,大甲區,0,0,0,,,,30,,,,,,,,,,,,,,,40,,,,,B03,,,1,,1,,,40,40,1,22,,B03,120.62587,24.345861,3
2023,2,25,14,20,臺中市,豐原區,0,1,0,8,1,5,30,14,9,1,5,4,5,7,4,4,10,3,5,1,14,12,3,10,3,4,A12,7,2,1,15,2,3,,12,12,1,22,5,A12,120.732771,24.237355,2
2023,2,25,14,26,臺中市,豐原區,0,2,0,8,1,5,50,4,1,1,5,4,5,7,1,1,10,5,5,2,17,7,3,10,1,1,C03,7,8,1,10,2,13,,7,7,1,22,8,C03,120.729458,24.252391,2
2023,2,25,14,29,臺中市,南屯區,0,1,0,8,1,5,50,4,2,1,5,4,5,7,1,1,1,4,4,2,17,16,3,10,1,1,B03,7,15,1,4,2,5,,16,16,1,5,8,B03,120.630805,24.14482,2
2023,2,25,14,33,臺中市,西區,0,0,0,8,,,50,,,,,,,,,,,,,,,23,,,,,B02,,,1,,1,,,23,,1,22,,B02,120.665295,24.150501,3
2023,2,25,14,33,臺中市,西屯區,0,2,0,8,1,5,30,3,1,1,5,4,5,7,4,4,10,5,5,2,13,6,3,10,3,4,C04,7,6,1,10,2,13,,6,6,1,20,8,C04,120.656873,24.163457,2
2023,2,25,14,34,臺中市,太平區,0,1,0,8,1,5,50,14,9,1,5,4,5,7,4,4,5,5,5,2,16,7,3,10,1,1,B12,7,8,1,8,2,2,,7,7,1,21,8,B12,120.725655,24.133226,2
2023,2,25,14,37,臺中市,新社區,0,0,0,8,,,50,,,,,,,,,,,,,,,6,,,,,B03,,,1,,2,,,6,,1,20,,B03,120.816602,24.180701,3
2023,2,25,14,40,臺中市,西屯區,0,0,0,8,,,50,,,,,,,,,,,,,,,7,,,,,A41,,,1,,1,,,7,,1,22,,A41,120.651975,24.206351,3
2023,2,25,14,40,臺中市,沙鹿區,0,2,0,8,1,5,50,14,9,1,5,4,5,7,4,4,9,5,5,1,12,7,3,10,1,1,B03,7,8,1,8,2,7,,7,7,1,4,5,B03,120.601915,24.258698,2
2023,2,25,14,42,臺中市,西區,0,0,0,8,,,50,,,,,,,,,,,,,,,23,,,,,B03,,,1,,1,,,23,,1,4,,B03,120.653865,24.150919,3
2023,2,25,14,43,臺中市,太平區,0,1,0,8,1,5,50,14,9,1,5,4,5,7,4,4,5,5,5,2,17,19,2,9,3,4,F03,7,1,8,20,2,16,,19,19,1,9,8,F03,120.724264,24.13745,2
2023,2,25,14,46,臺中市,北區,0,0,0,8,,,50,,,,,,,,,,,,,,,23,,,,,B03,,,1,,1,,,23,,1,22,,B03,120.665554,24.153803,3
2023,2,25,14,47,臺中市,西屯區,0,1,0,8,1,5,50,14,8,1,5,4,5,7,4,4,1,4,4,2,16,7,3,10,1,1,B03,7,8,1,8,2,2,,7,7,1,4,8,B03,120.656811,24.176193,2
2023,2,25,14,49,臺中市,北屯區,0,0,0,8,,,50,,,,,,,,,,,,,,,23,,,,,B03,,,1,,2,,,23,,1,5,,B03,120.68533,24.173063,3
2023,2,25,14,50,臺中市,南屯區,0,0,0,8,,,50,,,,,,,,,,,,,,,16,,,,,C03,,,1,10,1,,,16,16,1,23,,C03,120.648164,24.146936,3
2023,2,25,14,54,臺中市,北區,0,1,0,8,1,5,50,14,8,1,5,4,5,7,4,4,1,4,4,2,12,1,3,10,1,1,C03,7,9,1,10,2,12,,1,1,1,5,5,C03,120.688333,24.146704,2
2023,2,25,14,54,臺中市,北屯區,0,2,0,8,1,5,50,14,9,1,5,4,5,7,4,4,1,4,5,2,13,23,2,9,2,1,F01,7,9,8,20,2,16,,23,23,1,16,8,F01,120.700065,24.178133,2
2023,2,25,14,56,臺中市,大甲區,0,1,0,8,1,5,30,4,1,1,5,4,5,7,4,4,10,5,5,2,15,6,2,9,1,1,C03,7,9,1,10,2,12,,6,6,1,5,8,C03,120.623466,24.346636,2
2023,2,25,15,0,臺中市,北區,0,0,0,,,,,,,,,,,,,,,,,,,67,,,,,,,,,,,,,67,,1,,,,120.671688,24.169919,3
2023,2,25,15,2,臺中市,烏日區,0,0,0,8,1,5,70,14,7,1,5,4,5,7,4,4,1,4,4,1,13,23,,,,,B03,,,1,,2,,,23,,1,22,,B03,120.613524,24.106621,3
2023,2,25,15,14,臺中市,新社區,0,2,0,8,1,5,50,4,2,1,5,4,5,7,4,4,5,5,5,2,3,51,2,8,4,5,H01,8,16,8,20,10,16,,51,51,1,22,7,H01,120.808311,24.244206,2
2023,2,25,15,17,臺中市,龍井區,0,3,0,7,1,5,60,14,8,1,5,4,5,7,4,4,5,2,4,1,12,23,2,9,1,1,C03,7,9,1,10,2,12,,23,23,1,18,8,C03,120.508435,24.190368,2
2023,2,25,15,20,臺中市,北屯區,0,2,0,8,1,5,50,14,9,1,5,4,5,7,4,4,1,4,5,2,2,23,2,9,1,1,C03,7,9,1,10,2,12,,23,23,1,21,8,C03,120.692583,24.182867,2
2023,2,25,15,27,臺中市,西區,0,0,0,8,,,50,,,,,,,,,,,,,,,19,,,,,B12,,,1,,1,,,19,,1,21,,B12,120.661433,24.145149,3
2023,2,25,15,29,臺中市,北區,0,1,0,8,1,5,50,4,2,1,5,4,5,7,1,1,5,4,5,2,16,23,2,9,1,1,C03,7,9,1,10,2,14,,23,23,1,22,8,C03,120.686194,24.146569,2
2023,2,25,15,30,臺中市,大雅區,0,0,0,8,,,50,,,,,,,,,,,,,,,23,,,,,B03,,,1,,2,,,23,,1,21,,B03,120.667613,24.215323,3
2023,2,25,15,39,臺中市,南屯區,0,0,0,8,,,50,,,,,,,,,,,,,,,23,,,,,B01,,,1,,1,,,23,,1,22,,B01,120.647987,24.131883,3
2023,2,25,15,42,臺中市,大里區,0,0,0,8,,,50,,,,,,,,,,,,,,,17,,,,,B03,,,1,,2,,,17,,1,22,,B03,120.68997,24.109437,3
2023,2,25,15,54,臺中市,沙鹿區,0,1,0,8,1,5,40,14,8,1,5,4,5,7,4,4,1,4,1,1,13,23,2,9,1,1,C03,7,9,2,18,2,11,,23,23,1,22,8,C03,120.570236,24.235516,2
2023,2,25,15,54,臺中市,石岡區,0,1,0,8,1,5,70,14,9,1,5,4,5,7,4,4,1,5,5,1,17,7,3,10,3,4,B03,7,8,1,8,2,2,,7,7,1,22,6,B03,120.82062,24.261069,2
2023,2,25,15,57,臺中市,西屯區,0,0,0,8,,,50,,,,,,,,,,,,,,,16,,,,,B03,,,1,,1,,,16,,1,22,,B03,120.651201,24.166899,3
2023,2,25,15,57,臺中市,西屯區,0,0,0,8,,,50,,,,,,,,,,,,,,,16,,,,,C03,,,1,,1,,,16,,1,22,,C03,120.641103,24.168019,3
2023,2,25,15,59,臺中市,大里區,0,0,0,8,1,5,50,14,13,1,5,4,5,7,4,4,5,4,4,1,17,23,,,,,B03,,,1,,2,,,23,,1,22,,B03,120.703653,24.088159,3
2023,2,25,16,0,臺中市,梧棲區,0,1,0,8,1,5,70,14,13,1,5,4,5,7,4,4,1,4,4,1,16,23,3,10,1,1,C03,7,9,3,18,2,14,,23,23,1,3,8,C03,120.559273,24.257683,2