年,月,日,時,分,縣市,區,死,受傷,2-30,天候,光線,道路類別,速限,道路型態,事故位置,路面鋪裝,路面狀態,路面缺陷,障礙物,視距,號誌種類,號誌動作,分向設施,快車道或一般車道間,快慢車道間,路面邊線,事故類型及型態,主要肇因,受傷程度,主要傷處,保護裝備,行動電話,當事者區分,車輛用途,當事者行動狀態,駕駛資格情形,駕駛執照種類,飲酒情形,車輛撞擊部位最初,車輛撞擊部位其他,肇事因素個別,肇事因素主要,肇事逃逸,職業,旅次目的,車種,GPS緯度,GPS經度,事故類別
2023,2,25,16,3,臺中市,北屯區,0,1,0,8,1,5,50,4,1,1,5,4,5,7,1,1,5,5,4,2,16,6,3,10,1,1,B03,7,5,1,8,2,1,,6,6,1,22,8,B03,120.690783,24.164959,2
2023,2,25,16,10,臺中市,東區,0,2,0,8,1,5,50,4,1,1,5,4,5,7,1,1,10,5,5,2,16,6,2,9,1,1,C03,7,5,1,10,2,11,,6,6,1,21,8,C03,120.700118,24.140072,2
2023,2,25,16,10,臺中市,西屯區,0,0,0,8,,,30,,,,,,,,,,,,,,,17,,,,,B12,,,1,,1,,,17,,1,22,,B12,120.625812,24.198259,3
2023,2,25,16,14,臺中市,西區,0,0,0,8,1,5,50,4,1,1,5,4,5,7,1,1,10,5,5,2,13,23,,,,,B03,,,1,,1,,,23,,1,22,,B03,120.665554,24.153803,3
2023,2,25,16,15,臺中市,南屯區,0,2,0,8,1,5,50,3,1,1,5,4,5,7,4,4,10,5,5,2,16,19,2,8,1,1,C03,7,1,1,10,2,11,,19,19,1,22,9,C03,120.638024,24.139231,2
2023,2,25,16,15,臺中市,北屯區,0,0,0,8,,,30,,,,,,,,,,,,,,,12,,,,,B03,,,1,,1,,,12,12,1,21,,B03,120.740288,24.177356,3
2023,2,25,16,15,臺中市,太平區,0,0,0,8,,,50,,,,,,,,,,,,,,,23,,,,,B03,,,1,,2,,,23,,1,21,,B03,120.724796,24.149634,3
2023,2,25,16,28,臺中市,大里區,0,1,0,8,1,5,60,3,1,1,5,4,5,7,4,4,1,4,4,2,16,23,2,8,1,1,C03,7,8,1,10,2,14,,23,23,1,22,8,C03,120.688387,24.081568,2
2023,2,25,16,28,臺中市,大里區,0,0,0,8,1,5,30,14,9,1,5,4,5,7,4,4,10,5,5,2,16,42,,,,,C03,,,1,,10,,,42,,1,22,,C03,120.692484,24.09194,3
2023,2,25,16,30,臺中市,北區,0,1,0,8,2,5,50,14,9,1,5,4,5,7,4,4,3,4,5,2,13,16,2,9,1,1,C03,7,9,1,10,2,11,,16,16,1,22,8,C03,120.674175,24.163359,2
2023,2,25,16,35,臺中市,東區,0,0,0,8,,,50,,,,,,,,,,,,,,,42,,,,,B03,,,1,,9,,,42,,1,22,,B03,120.687919,24.146161,3
2023,2,25,16,35,臺中市,南屯區,0,0,0,8,,,50,,,,,,,,,,,,,,,42,,,,,B03,,,1,8,1,,,42,42,1,12,,B03,120.633105,24.123636,3
2023,2,25,16,36,臺中市,東區,0,0,0,8,1,5,50,14,9,1,5,4,5,7,4,4,10,5,5,2,29,23,3,10,1,1,B03,7,9,1,8,11,8,,23,23,1,22,8,B03,120.690987,24.140036,3
2023,2,25,16,39,臺中市,西屯區,0,0,0,8,,,60,,,,,,,,,,,,,,,23,,,,,B12,,,1,,1,,,23,,1,22,,B12,120.637913,24.170072,3
2023,2,25,16,46,臺中市,北屯區,0,0,0,8,,,50,,,,,,,,,,,,,,,16,,,,,B03,,,1,,1,,,16,,1,22,,B03,120.707858,24.184318,3
2023,2,25,16,51,臺中市,太平區,0,1,0,8,1,5,50,4,1,1,5,4,5,7,1,1,10,5,5,2,27,66,,,,,,,,,,,,,66,66,1,,,,120.711524,24.149872,2
2023,2,25,16,51,臺中市,沙鹿區,0,0,0,8,,,50,,,,,,,,,,,,,,,7,,,,,C03,,,1,,2,,,7,,1,20,,C03,120.564792,24.241707,3
2023,2,25,16,52,臺中市,西屯區,0,1,0,8,2,5,35,14,8,1,5,4,5,7,4,4,1,5,5,2,12,9,3,10,3,4,B03,7,6,1,8,2,7,,9,9,1,22,8,B03,120.628026,24.176608,2
2023,2,25,16,54,臺中市,沙鹿區,0,1,0,8,1,5,50,4,1,1,5,4,5,7,1,1,1,2,4,2,17,26,3,10,1,1,B12,7,6,1,8,2,5,,26,26,1,4,8,B12,120.56866,24.224905,2
2023,2,25,16,56,臺中市,南屯區,0,1,0,8,1,5,50,4,1,1,5,4,5,7,2,1,10,5,5,2,13,23,3,10,1,1,C03,7,9,1,10,2,11,,23,23,1,22,8,C03,120.633105,24.123636,2
2023,2,25,17,2,臺中市,霧峰區,0,1,0,8,1,5,60,14,8,1,5,4,5,7,4,4,1,4,4,2,16,6,3,10,1,1,B03,7,5,1,8,2,1,,6,6,1,22,9,B03,120.692988,24.0387,2
2023,2,25,17,5,臺中市,潭子區,0,0,0,8,,,50,,,,,,,,,,,,,,,49,,,,,A12,,,1,,2,,,49,,1,9,,A12,120.704154,24.201192,3
2023,2,25,17,5,臺中市,西屯區,0,0,0,8,,,40,,,,,,,,,,,,,,,23,,,,,C03,,,1,,1,,,23,23,1,22,,C03,120.646299,24.164816,3
2023,2,25,17,10,臺中市,西屯區,0,1,0,8,1,5,50,14,7,1,5,4,5,7,4,4,9,5,4,2,17,8,3,10,1,1,F01,7,5,8,20,2,15,,8,8,1,22,8,F01,120.64888,24.172888,2
2023,2,25,17,16,臺中市,大里區,0,1,0,8,1,5,30,4,1,1,5,4,5,7,4,4,5,4,4,2,15,6,3,10,1,1,F01,7,9,8,20,1,16,,6,6,1,14,8,F01,120.68381,24.105865,2
2023,2,25,17,18,臺中市,西區,0,4,0,8,2,5,50,4,1,1,5,4,5,7,1,1,10,5,5,2,16,42,2,5,1,1,C03,7,5,1,10,2,13,,42,42,1,22,9,C03,120.666629,24.147878,2
2023,2,25,17,24,臺中市,東區,0,2,0,8,1,5,50,3,1,1,5,4,5,7,4,4,10,5,5,2,16,6,3,10,1,1,B03,7,5,1,8,2,4,,6,6,1,5,8,B03,120.699654,24.125213,2
2023,2,25,17,24,臺中市,龍井區,0,1,0,8,1,5,30,4,1,1,5,4,5,7,4,4,10,5,5,2,15,6,2,9,1,1,F03,7,9,8,20,2,16,,6,6,1,12,8,F03,120.536428,24.214296,2
2023,2,25,17,24,臺中市,后里區,0,1,0,8,1,5,50,14,9,1,5,4,5,7,4,4,9,5,5,1,2,23,3,10,1,1,B03,7,9,1,8,2,2,,23,23,1,21,1,B03,120.750625,24.324496,2
2023,2,25,17,26,臺中市,西區,0,0,0,,,,50,,,,,,,,,,,,,,,12,,,,,C03,,,1,,1,,,12,,1,20,,C03,120.659277,24.146813,3
2023,2,25,17,30,臺中市,西區,0,2,0,8,1,5,40,4,1,1,5,4,5,7,1,1,10,5,5,2,17,42,3,10,3,4,C03,7,5,1,10,2,12,,42,42,1,21,8,C03,120.669792,24.143996,2
2023,2,25,17,35,臺中市,北屯區,0,1,0,8,1,5,50,4,1,1,5,4,5,7,1,1,10,5,5,2,17,6,3,10,1,1,B03,7,6,1,8,2,2,,6,6,1,21,8,B03,120.713361,24.180094,2
2023,2,25,17,45,臺中市,大里區,0,0,0,8,,,50,,,,,,,,,,,,,,,6,,,,,C03,,,1,,2,,,6,,1,22,,C03,120.684501,24.117171,3
2023,2,25,17,45,臺中市,烏日區,0,1,0,8,3,5,50,4,1,2,5,4,5,7,1,1,10,5,5,2,16,6,3,10,1,1,B03,7,6,1,8,2,3,,6,6,1,21,8,B03,120.603904,24.109671,2
2023,2,25,17,48,臺中市,豐原區,0,0,0,8,,,50,,,,,,,,,,,,,,,6,,,,,B03,,,1,,2,,,6,,1,22,,B03,120.719133,24.248088,3
2023,2,25,17,53,臺中市,北屯區,0,2,0,8,3,5,30,3,1,1,5,4,5,7,1,1,10,5,5,2,12,6,3,10,1,1,B03,7,6,1,8,2,2,,6,6,1,22,8,B03,120.699208,24.175883,2
2023,2,25,17,55,臺中市,潭子區,0,0,0,8,,,50,,,,,,,,,,,,,,,12,,,,,C03,,,1,,2,,,12,,1,22,,C03,120.721,24.195585,3
2023,2,25,18,3,臺中市,西屯區,0,0,0,8,,,40,,,,,,,,,,,,,,,16,,,,,B03,,,1,,2,,,16,,1,22,,B03,120.619628,24.18114,3
2023,2,25,18,5,臺中市,清水區,0,0,0,8,,,50,,,,,,,,,,,,,,,23,,,,,B03,,,1,,2,,,23,,1,21,,B03,120.579934,24.271688,3
2023,2,25,18,13,臺中市,西區,0,0,0,8,3,5,40,3,1,1,5,4,5,7,4,4,10,5,5,2,13,16,,,,,C03,,,1,,1,,,16,,1,22,,C03,120.660349,24.158096,3
2023,2,25,18,13,臺中市,南區,0,0,0,,,,50,,,,,,,,,,,,,,,23,,,,,C03,,,1,,2,,,23,,1,21,,C03,120.681016,24.127513,3
2023,2,25,18,24,臺中市,西屯區,0,0,0,8,,,50,,,,,,,,,,,,,,,7,,,,,B03,,,1,,1,,,7,,1,22,,B03,120.613241,24.184108,3
2023,2,25,18,26,臺中市,北屯區,0,0,0,8,,,50,,,,,,,,,,,,,,,23,,,,,B03,,,1,,1,,,23,,1,22,,B03,120.68601,24.1936,3
2023,2,25,18,30,臺中市,西區,0,0,0,6,,,50,,,,,,,,,,,,,,,42,,,,,B03,,,1,,2,,,42,,1,22,,B03,120.674312,24.148499,3
2023,2,25,18,30,臺中市,南屯區,0,2,0,8,3,5,50,5,1,1,5,4,5,7,2,1,10,5,5,2,16,23,3,10,1,1,B03,7,9,1,8,2,1,,23,23,1,22,9,B03,120.628129,24.140404,2
2023,2,25,18,31,臺中市,南屯區,0,0,0,8,,,80,,,,,,,,,,,,,,,44,,,,,B03,,,1,,2,,,44,,1,22,,B03,120.623088,24.147975,3
2023,2,25,18,32,臺中市,潭子區,0,1,0,8,3,5,40,3,1,1,5,4,5,7,4,4,1,4,4,2,16,6,3,10,1,1,B12,7,6,1,7,2,4,,6,6,1,9,8,B12,120.712077,24.211968,2
2023,2,25,18,33,臺中市,西屯區,0,1,0,8,3,5,50,3,2,1,5,4,5,7,4,4,8,3,4,1,17,6,3,10,1,1,B03,7,6,1,8,2,2,,6,6,1,22,8,B03,120.635263,24.172635,2
2023,2,25,18,35,臺中市,南屯區,0,1,0,8,3,5,50,14,8,1,5,4,5,7,4,4,9,5,4,2,16,6,3,10,1,1,B03,7,5,1,8,2,6,,6,6,1,5,8,B03,120.635438,24.150858,2
2023,2,25,18,37,臺中市,潭子區,0,0,0,8,,,50,,,,,,,,,,,,,,,17,,,,,B03,,,6,,2,,,17,,1,22,,B03,120.713051,24.229662,3
2023,2,25,18,40,臺中市,東區,0,1,0,8,3,5,50,5,1,1,5,4,5,7,1,1,10,5,5,2,16,25,3,10,1,1,C03,7,9,1,10,2,12,,25,25,1,5,8,C03,120.689144,24.136986,2
2023,2,25,18,44,臺中市,西區,0,1,0,8,3,5,50,5,1,1,5,4,5,7,1,1,10,5,5,2,15,25,3,10,3,4,B03,7,9,1,8,2,4,,25,25,1,22,5,B03,120.662595,24.132143,2
2023,2,25,18,45,臺中市,北區,0,0,0,8,,,50,,,,,,,,,,,,,,,42,,,,,B12,,,1,,1,,,42,,1,22,,B12,120.685919,24.143663,3
2023,2,25,18,45,臺中市,西屯區,0,1,0,8,3,5,50,14,9,1,5,4,5,7,4,4,7,5,5,2,18,42,2,9,3,4,C03,7,9,6,10,2,14,,42,42,1,22,8,C03,120.602033,24.161925,2
2023,2,25,18,46,臺中市,大里區,0,1,0,8,3,5,30,3,1,1,5,4,5,7,4,4,10,5,5,2,17,8,3,10,1,1,B03,7,5,1,7,2,1,,8,8,1,22,8,B03,120.690218,24.118353,2
2023,2,25,18,51,臺中市,北區,0,2,0,8,3,5,50,14,9,1,5,4,5,7,4,4,5,5,5,2,13,16,2,9,1,1,C03,7,9,1,10,2,11,,16,16,1,10,8,C03,120.684987,24.15303,2
2023,2,25,18,54,臺中市,北屯區,0,1,0,8,3,5,50,5,2,1,5,4,5,7,1,1,3,4,5,2,17,25,3,10,1,1,B03,7,5,1,8,2,1,,25,25,1,22,8,B03,120.686236,24.188702,2
2023,2,25,18,58,臺中市,南屯區,0,1,0,8,3,5,50,3,2,1,5,4,5,7,4,4,10,5,5,2,18,23,2,9,1,1,C03,7,9,1,10,2,12,,23,23,1,22,8,C03,120.653489,24.155213,2
2023,2,25,19,0,臺中市,西區,0,1,0,8,3,5,50,4,1,1,5,4,5,7,2,1,10,5,5,2,15,25,3,10,1,1,B03,7,9,1,8,2,1,,25,25,1,20,8,B03,120.662615,24.136552,2
2023,2,25,19,2,臺中市,霧峰區,0,3,0,8,3,5,50,4,1,1,5,4,5,7,1,1,10,5,5,2,16,6,2,9,1,1,C03,7,5,3,18,2,14,,6,6,1,22,8,C03,120.702072,24.071057,2
2023,2,25,19,4,臺中市,潭子區,0,0,0,8,,,50,,,,,,,,,,,,,,,17,,,,,C03,,,1,,2,,,17,,1,22,,C03,120.706818,24.207054,3
2023,2,25,19,12,臺中市,大里區,0,0,0,8,3,5,30,4,1,1,5,4,5,7,4,4,10,5,5,2,15,6,,,,,B12,,,1,,2,,,6,,1,22,,B12,120.699775,24.096918,3
2023,2,25,19,13,臺中市,東區,0,1,0,8,3,5,50,3,1,1,5,4,5,7,4,4,10,5,5,2,16,26,2,9,1,1,C03,7,4,1,10,2,12,,26,26,1,5,8,C03,120.700999,24.135767,2
2023,2,25,19,13,臺中市,烏日區,0,0,0,8,,,30,,,,,,,,,,,,,,,23,,,,,C03,,,1,,2,,,23,23,1,5,,C03,120.625374,24.107313,3
2023,2,25,19,19,臺中市,大里區,0,2,0,8,3,5,50,14,13,1,5,4,5,7,4,4,5,5,5,1,16,26,2,9,1,1,C03,7,9,1,10,2,14,,26,26,1,22,8,C03,120.706788,24.11185,2
2023,2,25,19,21,臺中市,西屯區,0,1,0,8,3,5,50,4,1,1,5,4,5,7,2,1,9,4,4,2,16,6,3,10,1,1,B03,7,5,1,8,2,2,,6,6,1,22,8,B03,120.648163,24.167541,2
2023,2,25,19,22,臺中市,大甲區,0,0,0,,,,60,,,,,,,,,,,,,,,23,3,10,3,4,B03,7,1,1,14,2,1,,23,23,1,22,8,B03,120.648433,24.376311,3
2023,2,25,19,24,臺中市,南屯區,0,0,0,8,,,50,,,,,,,,,,,,,,,23,,,,,B03,,,1,8,1,,,23,23,1,12,,B03,120.648703,24.148226,3
2023,2,25,19,26,臺中市,大雅區,0,1,0,8,3,5,50,4,1,1,5,4,5,7,1,1,3,4,4,1,16,26,3,10,1,1,B03,7,6,1,8,2,5,,26,26,1,22,8,B03,120.65352,24.221144,2
2023,2,25,19,27,臺中市,西屯區,0,2,0,8,2,5,50,4,1,1,5,4,5,7,4,4,10,5,5,2,16,6,2,9,3,4,C03,7,5,1,10,2,11,,6,6,1,22,8,C03,120.656793,24.164115,2
2023,2,25,19,31,臺中市,北屯區,0,0,0,8,,,50,,,,,,,,,,,,,,,12,,,,,B11,,,1,,2,,,12,,1,22,,B11,120.715055,24.175462,3
2023,2,25,19,32,臺中市,西屯區,0,0,0,8,,,30,,,,,,,,,,,,,,,12,,,,,B03,,,1,,1,,,12,,1,22,,B03,120.647121,24.176536,3
2023,2,25,19,34,臺中市,梧棲區,0,1,0,8,3,5,50,14,9,1,5,4,5,7,4,4,5,5,5,1,16,19,3,10,1,1,B03,7,1,1,8,2,8,,19,19,1,7,8,B03,120.537825,24.259855,2
2023,2,25,19,45,臺中市,西屯區,0,0,0,8,,,30,,,,,,,,,,,,,,,12,,,,,B03,,,1,,1,,,12,,1,22,,B03,120.627131,24.187117,3
2023,2,25,19,49,臺中市,西屯區,0,0,0,8,,,50,,,,,,,,,,,,,,,17,,,,,B03,,,1,,2,,,17,,1,22,,B03,120.635295,24.172395,3
2023,2,25,19,50,臺中市,西區,0,0,0,8,,,60,,,,,,,,,,,,,,,23,,,,,B03,,,1,,1,,,23,,1,21,,B03,120.662609,24.155678,3
2023,2,25,19,50,臺中市,東區,0,0,0,8,3,5,40,14,9,1,5,4,5,7,4,4,10,5,5,2,14,12,3,10,1,1,B03,7,2,1,8,2,3,,12,12,1,22,8,B03,120.701664,24.133639,3
2023,2,25,19,53,臺中市,烏日區,0,1,0,8,1,5,50,14,13,1,5,4,5,7,4,4,5,4,4,1,17,23,2,9,1,1,C03,7,15,1,10,2,13,,44,23,1,19,8,C03,120.622266,24.106376,2
2023,2,25,19,56,臺中市,沙鹿區,0,1,0,7,3,5,50,3,2,1,5,4,5,7,4,4,5,5,5,2,16,45,2,9,1,1,C03,7,9,1,9,2,14,,45,42,1,22,8,C03,120.566688,24.242602,2
2023,2,25,20,0,臺中市,大里區,0,1,0,8,3,5,50,15,9,1,5,4,5,7,4,4,5,4,5,2,29,67,,,,,,,,,,,,,67,67,1,,,,120.7095,24.094502,2
2023,2,25,20,7,臺中市,西屯區,0,1,0,8,3,5,50,14,9,1,5,4,5,7,4,4,7,4,5,2,16,10,3,10,3,4,B03,7,11,1,8,2,8,,10,10,1,22,8,B03,120.631028,24.182635,2
2023,2,25,20,10,臺中市,太平區,0,0,0,8,,,50,,,,,,,,,,,,,,,12,,,,,B03,,,1,,2,,,12,,1,21,,B03,120.721775,24.148022,3
2023,2,25,20,14,臺中市,北屯區,0,1,0,8,3,5,50,15,22,1,5,4,5,7,4,4,1,4,5,2,16,6,3,10,1,1,B03,7,6,1,8,2,8,,6,6,1,21,8,B03,120.692484,24.162042,2
2023,2,25,20,15,臺中市,北屯區,0,1,0,8,1,5,50,14,9,1,5,4,5,7,4,4,5,4,5,2,18,23,2,9,1,1,C03,7,9,1,10,11,14,,23,23,1,21,8,C03,120.719281,24.177237,2
2023,2,25,20,15,臺中市,西屯區,0,0,0,8,,,40,,,,,,,,,,,,,,,26,,,,,B03,,,1,,2,,,26,26,1,22,,B03,120.644164,24.201417,3
2023,2,25,20,22,臺中市,西屯區,0,0,0,,,,50,,,,,,,,,,,,,,,42,,,,,B03,,,6,,1,,,42,,1,22,,B03,120.636535,24.161038,3
2023,2,25,20,25,臺中市,西屯區,0,0,0,8,,,50,,,,,,,,,,,,,,,26,,,,,C03,,,1,,2,,,26,,1,22,,C03,120.659663,24.175691,3
2023,2,25,20,27,臺中市,西屯區,0,1,0,8,3,5,50,4,1,1,5,4,5,7,2,1,10,5,5,2,17,43,3,10,1,1,B03,7,5,1,8,2,15,,43,43,1,22,8,B03,120.626206,24.184983,2
2023,2,25,20,30,臺中市,大雅區,0,0,0,8,,,50,,,,,,,,,,,,,,,23,,,,,C03,,,1,,2,,,23,,1,21,,C03,120.649223,24.216178,3
2023,2,25,20,33,臺中市,大甲區,0,0,0,8,,,50,,,,,,,,,,,,,,,23,,,,,B03,,,1,,2,,,23,,1,4,,B03,120.626349,24.345401,3
2023,2,25,20,35,臺中市,潭子區,0,1,0,8,3,5,60,14,12,1,5,4,5,7,4,4,1,4,4,1,13,23,2,9,1,1,C03,7,9,1,10,2,11,,23,23,1,22,9,C03,120.690644,24.228708,2
2023,2,25,20,49,臺中市,北屯區,0,1,0,8,3,5,50,14,9,1,5,4,5,7,1,1,5,4,5,2,16,26,3,10,1,1,B03,7,11,1,8,2,4,,26,26,1,22,8,B03,120.690377,24.176862,2
2023,2,25,20,57,臺中市,東區,0,0,0,8,,,50,,,,,,,,,,,,,,,6,,,,,B03,,,1,,2,,,6,,1,22,,B03,120.693452,24.133073,3
2023,2,25,20,57,臺中市,東區,0,0,0,,,,50,,,,,,,,,,,,,,,23,,,,,B03,,,1,,2,,,23,,1,21,,B03,120.70392,24.135932,3
2023,2,25,21,2,臺中市,西屯區,0,0,0,8,,,50,,,,,,,,,,,,,,,6,,,,,B03,,,1,,1,,,6,,1,22,,B03,120.646454,24.164454,3
2023,2,25,21,4,臺中市,清水區,0,0,0,8,,,50,,,,,,,,,,,,,,,10,,,,,B03,,,1,,2,,,10,,1,21,,B03,120.566079,24.279804,3
2023,2,25,21,9,臺中市,烏日區,0,0,0,,,,50,,,,,,,,,,,,,,,8,,,,,B03,,,1,,2,,,8,,1,21,,B03,120.616844,24.116186,3
2023,2,25,21,16,臺中市,大里區,0,0,0,8,,,30,,,,,,,,,,,,,,,5,,,,,C03,,,1,,2,,,5,,2,5,,C03,120.694655,24.118423,3
2023,2,25,21,18,臺中市,西屯區,0,0,0,8,,,50,,,,,,,,,,,,,,,23,,,,,B03,,,1,,1,,,23,,1,22,,B03,120.647546,24.159335,3
2023,2,25,21,19,臺中市,西屯區,0,2,0,8,3,5,50,14,9,1,5,4,5,7,4,4,7,5,5,2,13,23,2,9,3,4,C02,7,9,6,18,2,11,,23,23,1,22,8,C02,120.660225,24.17219,2
2023,2,25,21,20,臺中市,北區,0,0,0,8,,,50,,,,,,,,,,,,,,,12,,,,,B12,,,1,,1,,,12,,1,4,,B12,120.674141,24.159078,3
2023,2,25,21,27,臺中市,西屯區,0,2,0,8,1,5,50,3,1,1,5,4,5,7,4,4,1,4,5,2,16,6,3,10,3,4,B03,7,6,1,8,2,2,,6,6,1,22,8,B03,120.638268,24.169539,2
2023,2,25,21,28,臺中市,東區,0,0,0,8,3,5,50,4,1,1,5,4,5,7,4,4,10,5,5,2,17,23,3,10,1,1,B03,7,10,1,8,2,2,,23,2,1,22,8,B03,120.703912,24.134076,3
2023,2,25,21,29,臺中市,南區,0,0,0,8,3,5,50,14,9,1,5,4,5,7,4,4,9,5,5,2,14,12,3,10,1,1,B12,7,2,1,8,2,3,,12,12,1,5,8,B12,120.660384,24.115027,3
2023,2,25,21,41,臺中市,南屯區,0,1,0,8,3,5,50,14,9,1,5,4,5,7,1,1,5,4,5,2,16,6,2,9,1,1,C03,7,5,1,10,2,12,,6,6,1,5,1,C03,120.647819,24.146813,2
2023,2,25,21,46,臺中市,南屯區,0,2,0,8,3,5,50,4,2,1,5,4,5,7,1,1,5,5,5,2,13,23,2,9,1,1,C03,7,9,3,18,2,11,,23,23,1,22,8,C03,120.653304,24.127427,2
2023,2,25,21,50,臺中市,西屯區,0,2,0,8,3,5,40,3,1,1,5,4,5,7,4,4,5,4,4,2,16,8,2,9,1,1,C03,7,5,1,10,2,14,,8,8,1,22,8,C03,120.658226,24.158811,2
2023,2,25,22,0,臺中市,西區,0,3,0,8,3,5,50,4,1,1,5,4,5,7,1,1,10,5,5,2,15,25,2,9,3,4,C03,7,9,1,10,2,11,,25,25,1,21,8,C03,120.666736,24.141067,2
2023,2,25,22,2,臺中市,西屯區,0,1,0,8,3,5,50,4,2,1,5,4,5,7,2,1,1,3,5,1,17,6,3,10,1,1,B12,7,6,1,8,2,2,,6,6,1,22,8,B12,120.640118,24.16578,2
2023,2,25,22,5,臺中市,北屯區,0,1,0,8,3,5,30,4,1,1,5,4,5,7,3,1,10,5,5,2,15,6,2,9,2,1,F01,7,9,8,20,2,16,,6,6,1,19,8,F01,120.696223,24.169974,2
2023,2,25,22,13,臺中市,西屯區,0,1,0,8,3,5,50,4,1,1,5,4,5,7,1,1,1,2,1,2,3,23,3,10,3,4,B03,7,5,1,8,2,4,,23,23,1,22,8,B03,120.622098,24.17966,2
2023,2,25,22,16,臺中市,大肚區,0,0,0,,,,30,,,,,,,,,,,,,,,12,,,,,B03,,,1,,1,,,12,,1,21,,B03,120.566303,24.12414,3
2023,2,25,22,17,臺中市,南屯區,0,0,0,8,3,5,50,14,7,1,5,4,5,7,1,1,5,5,4,2,11,6,,,,,B03,,,1,,1,,,6,,1,5,,B03,120.650589,24.153606,3
2023,2,25,22,22,臺中市,西區,0,0,0,8,,,50,,,,,,,,,,,,,,,6,,,,,B03,,,1,,1,,,6,,1,5,,B03,120.675763,24.138754,3
2023,2,25,22,22,臺中市,北區,0,0,0,8,,,50,,,,,,,,,,,,,,,9,,,,,B03,,,1,,1,,,9,,1,22,,B03,120.677303,24.151254,3
2023,2,25,22,25,臺中市,西區,0,0,0,8,,,50,,,,,,,,,,,,,,,6,,,,,B03,,,1,8,1,,,6,6,1,22,,B03,120.670487,24.146146,3
2023,2,25,22,28,臺中市,烏日區,0,0,0,8,,,30,,,,,,,,,,,,,,,19,,,,,B03,,,1,,2,,,19,,1,21,,B03,120.616684,24.113986,3
2023,2,25,22,30,臺中市,南區,0,0,0,,,,50,,,,,,,,,,,,,,,12,,,,,B12,,,1,,11,,,12,12,1,22,,B12,120.67074,24.119148,3
2023,2,25,22,40,臺中市,烏日區,0,0,0,8,,,25,,,,,,,,,,,,,,,7,,,,,B03,,,1,,2,,,7,,1,21,,B03,120.616684,24.113986,3
2023,2,25,22,42,臺中市,中區,0,0,0,8,,,50,,,,,,,,,,,,,,,23,,,,,B12,,,1,,1,,,23,,1,21,,B12,120.678023,24.145334,3
2023,2,25,22,48,臺中市,和平區,0,0,0,8,4,5,25,14,13,4,5,4,5,7,4,4,5,4,5,1,14,12,,,,,B12,,,1,,9,,,12,,1,21,,B12,120.8943,24.226983,3
2023,2,25,22,51,臺中市,西屯區,0,1,0,8,3,5,40,3,2,1,5,4,5,7,2,1,10,5,5,2,17,23,3,10,1,1,C03,7,6,1,10,2,11,,23,23,1,18,8,C03,120.615186,24.182866,2
2023,2,25,23,5,臺中市,西屯區,0,0,0,8,,,50,,,,,,,,,,,,,,,23,,,,,B01,,,1,,1,,,23,,1,21,,B01,120.657241,24.196835,3
2023,2,25,23,21,臺中市,南屯區,0,0,0,8,3,5,50,14,9,5,5,4,5,7,1,1,1,2,5,2,13,42,3,10,1,1,B03,7,9,1,8,2,1,,42,42,1,22,8,B03,120.624268,24.152274,3
2023,2,25,23,39,臺中市,東區,0,1,0,8,3,5,50,4,1,1,5,4,5,7,2,1,3,4,4,2,16,6,3,10,1,1,B03,7,6,1,8,2,2,,6,6,1,21,8,B03,120.694457,24.147985,2
2023,2,25,23,42,臺中市,神岡區,0,0,0,8,,,30,,,,,,,,,,,,,,,12,,,,,,,,,,,,,,,,,,,120.685635,24.24823,3
2023,2,26,0,0,臺中市,東區,0,1,0,8,3,5,50,5,1,1,5,4,5,7,2,1,5,5,5,2,12,7,2,9,1,1,C03,7,7,1,10,2,14,,7,7,1,19,8,C03,120.693452,24.133073,2
2023,2,26,0,12,臺中市,大里區,0,1,0,8,3,5,50,14,7,1,5,4,5,7,4,4,5,5,4,2,29,44,3,10,1,1,A41,7,9,1,1,9,1,,44,44,1,10,3,A41,120.686434,24.104003,2
2023,2,26,0,24,臺中市,豐原區,0,3,0,8,3,5,50,4,1,1,5,4,5,7,4,4,5,5,5,2,15,6,2,9,1,1,C03,7,9,1,10,2,12,,6,6,1,5,8,C03,120.719921,24.25234,2
2023,2,26,1,2,臺中市,北屯區,0,0,0,8,,,50,,,,,,,,,,,,,,,6,,,,,B03,,,1,,2,,,6,,1,21,,B03,120.708461,24.195206,3
2023,2,26,1,5,臺中市,中區,0,0,0,8,,,50,,,,,,,,,,,,,,,19,,,,,B03,,,1,,2,,,19,,1,5,,B03,120.683005,24.14112,3
2023,2,26,1,56,臺中市,南屯區,0,1,0,8,3,5,40,14,8,1,5,4,5,7,4,4,5,4,4,2,12,21,2,9,1,1,C03,7,9,1,10,8,11,,21,21,1,5,8,C03,120.618017,24.139597,2
2023,2,26,2,6,臺中市,北區,0,0,0,8,,,50,,,,,,,,,,,,,,,23,,,,,B03,,,,,,,,23,,1,22,,B03,120.668781,24.171557,3
2023,2,26,2,35,臺中市,南屯區,0,3,0,8,3,5,50,14,7,1,5,4,5,7,1,1,1,2,4,2,13,16,2,9,1,1,C03,7,9,1,10,2,11,,16,16,1,5,8,C03,120.651393,24.150876,2