年,月,日,時,分,縣市,區,死,受傷,2-30,天候,光線,道路類別,速限,道路型態,事故位置,路面鋪裝,路面狀態,路面缺陷,障礙物,視距,號誌種類,號誌動作,分向設施,快車道或一般車道間,快慢車道間,路面邊線,事故類型及型態,主要肇因,受傷程度,主要傷處,保護裝備,行動電話,當事者區分,車輛用途,當事者行動狀態,駕駛資格情形,駕駛執照種類,飲酒情形,車輛撞擊部位最初,車輛撞擊部位其他,肇事因素個別,肇事因素主要,肇事逃逸,職業,旅次目的,車種,GPS緯度,GPS經度,事故類別
2023,2,26,3,5,臺中市,烏日區,0,1,0,8,3,5,40,11,17,1,5,4,5,7,4,4,10,5,5,1,20,23,2,3,1,1,B03,7,9,1,8,2,5,,23,23,1,21,8,B03,120.616219,24.110055,2
2023,2,26,3,31,臺中市,西屯區,0,1,0,8,3,5,50,4,1,1,5,4,5,7,2,1,10,5,5,2,15,25,2,9,1,1,C03,7,9,1,10,2,12,14,25,25,1,22,8,C03,120.649741,24.163158,2
2023,2,26,4,25,臺中市,北區,0,1,0,8,3,5,50,3,1,1,5,4,5,7,1,1,10,5,5,2,15,25,3,10,1,1,C03,7,9,1,10,2,13,,25,25,1,22,8,C03,120.677369,24.15284,2
2023,2,26,5,14,臺中市,西屯區,0,1,0,8,3,5,70,4,1,1,5,4,5,7,1,1,10,5,5,2,17,7,3,10,1,1,B03,7,8,1,8,2,5,,7,7,1,21,8,B03,120.649761,24.162746,2
2023,2,26,5,58,臺中市,梧棲區,0,1,0,8,2,5,50,4,1,1,5,4,5,7,3,1,10,5,5,2,15,6,3,10,1,1,B03,7,9,1,8,2,5,,6,6,1,20,8,B03,120.542871,24.26038,2
2023,2,26,6,1,臺中市,大雅區,0,2,0,8,1,5,30,4,1,1,5,4,5,7,3,1,10,5,5,1,16,6,2,9,1,1,C03,7,9,1,10,2,14,,6,6,1,22,9,C03,120.662899,24.221573,2
2023,2,26,6,29,臺中市,潭子區,0,1,0,8,1,5,50,14,9,1,5,4,5,7,1,1,3,4,5,2,13,16,2,9,1,1,F01,7,9,8,20,11,16,,44,16,1,22,8,F01,120.68688,24.21028,2
2023,2,26,6,55,臺中市,北區,0,1,0,8,1,5,50,14,8,1,5,4,5,7,1,1,1,4,4,2,17,23,2,9,1,1,C03,7,9,1,10,2,14,,23,23,1,5,8,C03,120.6813,24.162955,2
2023,2,26,7,19,臺中市,太平區,0,1,0,8,1,5,50,3,1,1,5,4,5,7,4,4,10,5,5,2,16,6,2,9,1,1,C03,7,5,1,10,2,12,,6,6,1,9,7,C03,120.721849,24.150486,2
2023,2,26,7,23,臺中市,潭子區,0,1,0,8,1,5,60,4,1,1,5,4,5,7,3,1,10,5,5,2,17,6,3,10,1,1,B12,7,11,1,8,2,7,,6,6,1,22,8,B12,120.688841,24.21915,2
2023,2,26,7,30,臺中市,東勢區,0,0,0,8,,,50,,,,,,,,,,,,,,,23,,,,,C03,,,1,,2,,,23,,1,5,,C03,120.826323,24.260347,3
2023,2,26,7,32,臺中市,大雅區,0,0,0,8,,,50,,,,,,,,,,,,,,,5,,,,,B12,,,1,,2,,,5,,1,22,,B12,120.654755,24.234634,3
2023,2,26,7,46,臺中市,豐原區,0,2,0,8,1,5,50,3,1,1,5,4,5,7,1,1,10,5,5,2,17,6,2,9,3,4,C03,7,6,1,10,2,11,,6,6,1,22,8,C03,120.754465,24.274116,2
2023,2,26,7,49,臺中市,北屯區,0,1,0,8,1,5,50,3,1,1,5,4,5,7,2,1,10,5,5,2,17,26,3,10,3,4,C03,7,6,6,10,2,15,,26,26,1,21,8,C03,120.67686,24.192111,2
2023,2,26,7,57,臺中市,東區,0,1,0,8,1,5,50,3,1,1,5,4,5,7,1,1,10,5,5,2,13,23,2,9,1,1,C03,7,9,1,10,2,11,,23,23,1,22,8,C03,120.699351,24.146853,2
2023,2,26,8,0,臺中市,大里區,0,0,0,8,,,50,,,,,,,,,,,,,,,66,,,,,,,,,,,,,66,,1,,,,120.686028,24.119071,3
2023,2,26,8,3,臺中市,西屯區,0,1,0,8,1,5,50,14,9,1,5,4,5,7,4,4,5,4,5,2,18,43,2,9,1,4,C03,7,9,1,10,2,12,,43,43,1,22,8,C03,120.609693,24.19151,2
2023,2,26,8,3,臺中市,大甲區,0,0,0,,,,50,,,,,,,,,,,,,,,42,,,,,B03,,,1,,3,,,42,,1,20,,B03,120.62216,24.34392,3
2023,2,26,8,7,臺中市,北屯區,0,0,0,8,,,50,,,,,,,,,,,,,,,23,,,,,B03,,,1,,1,,,23,,1,5,,B03,120.7188,24.16314,3
2023,2,26,8,25,臺中市,西屯區,0,0,0,8,,,30,,,,,,,,,,,,,,,19,,,,,B03,,,1,,2,,,19,,1,4,,B03,120.64975,24.174877,3
2023,2,26,8,33,臺中市,東區,0,1,0,7,1,5,40,4,1,1,5,4,5,7,1,1,10,5,5,2,17,23,2,9,3,4,C03,7,9,1,10,2,15,,23,23,1,5,8,C03,120.687648,24.140166,2
2023,2,26,8,40,臺中市,北屯區,0,2,0,8,1,8,50,5,1,1,5,4,5,7,4,4,10,5,5,2,15,6,2,9,1,1,C03,7,9,1,10,2,14,,6,6,1,5,8,C03,120.71949,24.177785,2
2023,2,26,8,43,臺中市,南屯區,0,2,0,7,1,5,40,4,1,1,5,4,5,7,2,1,5,5,4,2,16,23,2,8,1,1,C03,7,9,1,10,2,12,,23,23,1,4,8,C03,120.612558,24.13844,2
2023,2,26,8,47,臺中市,大雅區,0,0,0,8,,,30,,,,,,,,,,,,,,,6,,,,,B03,,,1,,2,,,6,,1,21,,B03,120.646627,24.224405,3
2023,2,26,8,56,臺中市,西屯區,0,0,0,8,,,30,,,,,,,,,,,,,,,23,,,,,C03,,,1,,2,,,23,,1,4,,C03,120.639477,24.181317,3
2023,2,26,9,0,臺中市,沙鹿區,0,1,0,8,1,5,30,4,1,1,5,4,5,3,4,4,10,5,5,2,15,6,2,8,1,1,C03,7,9,1,10,2,12,,6,6,1,5,8,C03,120.568657,24.230554,2
2023,2,26,9,13,臺中市,太平區,0,0,0,8,,,50,,,,,,,,,,,,,,,16,,,,,B03,,,1,,2,,,16,,1,18,,B03,120.710896,24.151066,3
2023,2,26,9,14,臺中市,大里區,0,0,0,8,,,80,,,,,,,,,,,,,,,43,,,,,B03,,,1,,2,,,43,43,1,5,,B03,120.688613,24.095245,3
2023,2,26,9,20,臺中市,太平區,0,1,0,8,1,5,30,14,9,1,5,4,5,7,4,4,10,5,5,2,17,16,2,8,1,1,C03,7,9,1,10,2,11,,16,16,1,22,8,C03,120.727603,24.147935,2
2023,2,26,9,26,臺中市,西區,0,0,0,8,,,50,,,,,,,,,,,,,,,18,,,,,B03,,,1,,2,,,18,,1,5,,B03,120.676555,24.137535,3
2023,2,26,9,27,臺中市,北區,0,0,0,,,,50,,,,,,,,,,,,,,,25,,,,,C03,,,1,,1,,,25,,1,5,,C03,120.685456,24.163099,3
2023,2,26,9,28,臺中市,大肚區,0,0,0,8,,,50,,,,,,,,,,,,,,,40,,,,,B12,,,1,,9,,,40,,1,21,,B12,120.543986,24.151382,3
2023,2,26,9,30,臺中市,烏日區,0,0,0,8,1,5,50,14,9,1,5,4,5,7,4,4,9,5,5,2,14,12,,,,,B03,,,1,,2,,,12,,1,22,,B03,120.601013,24.109382,3
2023,2,26,9,45,臺中市,沙鹿區,0,1,0,8,1,5,40,5,1,1,5,4,5,7,2,1,10,5,5,2,16,6,3,10,1,1,B03,7,6,1,8,2,2,,6,6,1,3,5,B03,120.569563,24.237414,2
2023,2,26,9,48,臺中市,北區,0,1,0,8,1,5,50,3,1,1,5,4,5,7,2,1,10,5,5,2,16,6,3,10,1,1,C03,7,5,1,10,2,12,,6,6,1,22,9,C03,120.688411,24.151722,2
2023,2,26,9,50,臺中市,南區,0,0,0,7,1,5,30,13,9,1,5,4,5,7,4,4,10,5,5,2,25,42,3,10,3,4,B12,7,13,1,8,2,3,,42,42,1,21,8,B12,120.66713,24.11792,3
2023,2,26,9,50,臺中市,梧棲區,0,1,0,8,1,5,30,4,1,1,5,4,5,7,4,4,10,5,5,2,16,6,2,9,3,4,C03,7,5,1,10,2,11,,6,6,1,22,8,C03,120.529927,24.2578,2
2023,2,26,10,0,臺中市,沙鹿區,0,0,0,8,,,50,,,,,,,,,,,,,,,16,,,,,B03,,,1,,2,,,16,,1,9,,B03,120.570905,24.242564,3
2023,2,26,10,4,臺中市,沙鹿區,0,0,0,8,,,40,,,,,,,,,,,,,,,23,,,,,B03,,,1,,2,,,23,,1,9,,B03,120.560528,24.240948,3
2023,2,26,10,12,臺中市,南屯區,0,0,0,8,,,50,,,,,,,,,,,,,,,23,,,,,B03,,,1,,2,,,23,,1,22,,B03,120.626472,24.151822,3
2023,2,26,10,15,臺中市,南屯區,0,0,0,,,,50,,,,,,,,,,,,,,,23,,,,,B03,,,1,,1,,,23,,1,4,,B03,120.636584,24.14303,3
2023,2,26,10,18,臺中市,西屯區,0,0,0,8,,,40,,,,,,,,,,,,,,,7,,,,,B03,,,1,,1,,,7,,1,22,,B03,120.633903,24.173207,3
2023,2,26,10,34,臺中市,北屯區,0,0,0,8,,,50,,,,,,,,,,,,,,,6,,,,,C03,,,1,,1,,,6,6,1,5,,C03,120.68627,24.185439,3
2023,2,26,10,38,臺中市,大里區,0,0,0,8,,,50,,,,,,,,,,,,,,,23,,,,,B03,,,1,,2,,,23,23,1,12,,B03,120.709808,24.086467,3
2023,2,26,10,38,臺中市,烏日區,0,2,0,8,1,5,50,4,1,1,5,4,5,7,1,1,5,4,5,1,16,8,2,8,1,1,C03,7,5,1,10,2,14,12,8,8,1,21,8,C03,120.625741,24.110485,2
2023,2,26,10,52,臺中市,西屯區,0,1,0,8,1,5,50,4,1,1,5,4,5,7,1,1,9,4,4,2,12,26,3,10,1,1,C03,7,7,1,10,2,14,,26,7,1,12,8,C03,120.656871,24.200923,2
2023,2,26,10,55,臺中市,外埔區,0,0,0,8,,,50,,,,,,,,,,,,,,,12,,,,,B03,,,1,,1,,,12,,1,21,,B03,120.634202,24.342453,3
2023,2,26,10,59,臺中市,大里區,0,1,0,8,1,5,50,14,9,1,5,4,5,7,4,4,5,5,5,2,17,40,3,10,1,1,B03,7,13,1,8,2,4,,40,40,1,5,8,B03,120.684276,24.111943,2
2023,2,26,10,59,臺中市,豐原區,0,1,0,8,1,5,50,14,7,1,5,4,5,7,4,4,5,4,4,2,17,8,2,9,1,1,C03,7,5,1,10,2,14,,8,8,1,22,8,C03,120.706433,24.252231,2
2023,2,26,11,0,臺中市,大雅區,0,0,0,8,,,50,,,,,,,,,,,,,,,23,,,,,F01,,,8,,2,,,23,,1,20,,F01,120.623278,24.230014,3
2023,2,26,11,3,臺中市,梧棲區,0,0,0,,,,50,,,,,,,,,,,,,,,12,,,,,B03,,,1,,1,,,12,,1,4,,B03,120.534143,24.256233,3
2023,2,26,11,10,臺中市,潭子區,0,0,0,8,,,50,,,,,,,,,,,,,,,19,,,,,B03,,,1,,2,,,19,,1,22,,B03,120.710863,24.213233,3
2023,2,26,11,10,臺中市,大里區,0,0,0,8,,,60,,,,,,,,,,,,,,,16,,,,,B03,,,1,,2,,,16,,1,12,,B03,120.687554,24.086311,3
2023,2,26,11,14,臺中市,北屯區,0,0,0,8,,,50,,,,,,,,,,,,,,,42,,,,,B03,,,1,8,1,,,42,42,1,21,,B03,120.70415,24.16469,3
2023,2,26,11,15,臺中市,北屯區,0,2,0,8,1,5,50,3,1,1,5,4,5,7,4,4,1,4,4,2,13,7,3,10,1,1,B03,7,8,1,8,2,3,,7,7,1,5,8,B03,120.666108,24.182119,2
2023,2,26,11,15,臺中市,外埔區,0,1,0,8,1,5,30,3,1,1,5,4,5,7,4,4,10,5,5,2,16,6,3,10,1,1,B03,7,5,1,8,2,8,,6,6,1,22,8,B03,120.659853,24.325585,2
2023,2,26,11,15,臺中市,大甲區,0,0,0,8,,,50,,,,,,,,,,,,,,,17,,,,,B03,,,1,,2,,,17,,1,22,,B03,120.622343,24.345913,3
2023,2,26,11,17,臺中市,大雅區,0,3,0,8,1,5,50,4,1,1,5,4,5,7,3,1,5,5,5,1,15,6,2,5,1,1,C03,7,9,1,10,2,14,,6,6,1,21,8,C03,120.652485,24.226912,2
2023,2,26,11,17,臺中市,北屯區,0,1,0,8,1,5,50,14,9,1,5,4,5,7,4,4,5,2,5,2,16,19,3,10,1,1,B03,7,1,1,8,2,8,,19,19,1,5,8,B03,120.716459,24.175264,2
2023,2,26,11,19,臺中市,北屯區,0,0,0,8,,,80,,,,,,,,,,,,,,,7,,,,,B03,,,1,,1,,,7,,1,5,,B03,120.722584,24.189796,3
2023,2,26,11,20,臺中市,大甲區,0,0,0,8,1,5,50,14,9,1,5,4,5,7,4,4,5,4,5,1,16,26,,,,,B03,,,1,,1,,,26,26,1,22,,B03,120.627682,24.348128,3
2023,2,26,11,21,臺中市,太平區,0,0,0,8,,,30,,,,,,,,,,,,,,,43,,,,,B03,,,1,,2,,,43,,1,22,,B03,120.728635,24.154699,3
2023,2,26,11,25,臺中市,霧峰區,0,0,0,8,,,60,,,,,,,,,,,,,,,6,,,,,B03,,,1,,2,,,6,,1,4,,B03,120.694732,24.032988,3
2023,2,26,11,25,臺中市,沙鹿區,0,1,0,8,1,5,50,14,9,1,5,4,5,7,4,4,5,5,5,1,17,19,3,10,1,1,B03,7,1,1,8,2,4,,19,19,1,3,5,B03,120.566606,24.203364,2
2023,2,26,11,28,臺中市,潭子區,0,0,0,8,,,50,,,,,,,,,,,,,,,23,,,,,B03,,,1,,2,,,23,,1,22,,B03,120.673734,24.208284,3
2023,2,26,11,28,臺中市,西區,0,2,0,8,1,5,50,4,1,1,5,4,5,7,4,4,10,5,5,2,15,6,3,10,3,4,B03,7,9,1,8,2,5,,6,6,1,21,8,B03,120.666524,24.139274,2
2023,2,26,11,33,臺中市,龍井區,0,0,0,8,,,30,,,,,,,,,,,,,,,23,,,,,C03,,,1,,2,,,23,,1,12,,C03,120.54905,24.195245,3
2023,2,26,11,37,臺中市,神岡區,0,0,0,8,,,30,,,,,,,,,,,,,,,6,,,,,B03,,,1,,1,,,6,,1,22,,B03,120.671852,24.254381,3
2023,2,26,11,38,臺中市,西區,0,1,0,8,1,5,50,5,1,1,5,4,5,7,1,1,10,5,5,2,13,23,2,9,1,1,C03,7,9,1,10,2,11,,23,23,1,22,9,C03,120.67253,24.131787,2
2023,2,26,11,40,臺中市,南屯區,0,0,0,8,,,50,,,,,,,,,,,,,,,16,,,,,B03,,,1,,1,,,16,16,1,4,,B03,120.62156,24.150804,3
2023,2,26,11,40,臺中市,沙鹿區,0,2,0,8,1,5,40,3,8,1,5,4,5,7,1,1,1,4,4,1,13,16,2,9,1,1,C03,7,9,1,10,2,11,,16,16,1,18,9,C03,120.600782,24.249885,2
2023,2,26,11,43,臺中市,大里區,0,1,0,8,1,5,50,4,2,1,5,4,5,7,1,1,10,5,5,1,12,23,3,10,1,1,B03,7,1,1,8,2,5,,23,23,1,5,8,B03,120.703335,24.111335,2
2023,2,26,11,43,臺中市,大里區,0,1,0,8,1,5,50,4,1,1,5,4,5,7,2,1,5,3,4,1,16,7,3,10,1,1,B03,7,8,1,8,2,2,,7,7,1,5,8,B03,120.688271,24.094395,2
2023,2,26,11,45,臺中市,西屯區,0,0,0,8,,,40,,,,,,,,,,,,,,,7,,,,,C03,,,1,,1,,,7,,1,4,,C03,120.649622,24.162824,3
2023,2,26,11,50,臺中市,沙鹿區,0,1,0,8,1,5,30,3,1,1,5,4,5,6,4,4,10,5,5,2,16,6,3,10,1,1,B02,7,6,1,8,2,8,,6,6,1,5,8,B02,120.560488,24.235244,2
2023,2,26,11,51,臺中市,潭子區,0,0,0,8,,,30,,,,,,,,,,,,,,,17,,,,,B03,,,1,,2,,,17,17,1,22,,B03,120.723095,24.199132,3
2023,2,26,11,54,臺中市,西屯區,0,1,0,8,1,5,40,4,1,1,5,4,5,7,1,1,10,5,5,2,12,9,3,10,1,1,B03,7,6,1,8,2,5,,9,9,1,22,8,B03,120.646128,24.164316,2
2023,2,26,11,54,臺中市,大里區,0,0,0,8,,,50,,,,,,,,,,,,,,,16,,,,,B03,,,1,,2,,,16,,1,5,,B03,120.688616,24.101841,3
2023,2,26,11,57,臺中市,南區,0,1,0,8,1,5,50,14,7,1,5,4,5,7,4,4,1,4,4,2,13,23,2,9,1,1,C03,7,9,1,10,2,11,,23,23,1,22,8,C03,120.669847,24.116559,2
2023,2,26,11,58,臺中市,南區,0,1,0,8,1,5,50,3,1,1,5,4,5,7,4,4,10,5,5,2,3,23,2,9,3,4,C03,7,9,1,10,2,12,,23,23,1,5,8,C03,120.696983,24.138885,2
2023,2,26,11,59,臺中市,后里區,0,0,0,8,1,2,60,3,4,1,5,4,5,7,1,1,1,3,4,1,13,16,3,10,1,1,B03,7,9,1,8,1,1,,16,16,1,22,9,B03,120.723645,24.298012,3
2023,2,26,12,1,臺中市,北屯區,0,0,0,8,,,50,,,,,,,,,,,,,,,23,,,,,B03,,,1,,1,,,23,,1,22,,B03,120.717818,24.175453,3
2023,2,26,12,3,臺中市,西屯區,0,1,0,8,1,5,50,3,1,1,5,4,5,7,4,4,9,4,1,2,13,23,2,9,1,1,C03,7,9,1,10,2,11,,23,23,1,12,8,C03,120.615227,24.182786,2
2023,2,26,12,10,臺中市,清水區,0,0,0,,,,50,,,,,,,,,,,,,,,12,,,,,B03,,,1,,2,,,12,,1,5,,B03,120.572341,24.261323,3
2023,2,26,12,12,臺中市,東勢區,0,0,0,8,,,30,,,,,,,,,,,,,,,12,,,,,B03,,,1,,1,,,12,,1,5,,B03,120.83655,24.250295,3
2023,2,26,12,15,臺中市,東區,0,0,0,7,1,5,50,14,7,1,5,4,5,7,2,1,5,5,4,2,13,42,3,10,1,1,B03,7,15,6,8,2,1,,42,42,1,21,8,B03,120.692645,24.148487,3
2023,2,26,12,15,臺中市,清水區,0,1,0,8,1,5,50,3,1,1,5,4,5,7,1,1,1,4,4,1,13,23,2,1,1,1,C01,7,9,1,9,2,11,,23,23,1,22,8,C01,120.546151,24.299723,2
2023,2,26,12,17,臺中市,大甲區,0,0,0,8,,,50,,,,,,,,,,,,,,,23,,,,,B03,,,1,,1,,,23,,1,22,,B03,120.61628,24.349826,3
2023,2,26,12,20,臺中市,大里區,0,0,0,8,,,50,,,,,,,,,,,,,,,17,,,,,B03,,,1,,2,,,44,67,1,12,,B03,120.695773,24.096526,3
2023,2,26,12,24,臺中市,北屯區,0,1,0,8,1,5,50,4,1,1,5,4,5,7,1,1,10,5,5,2,15,25,2,9,3,4,C03,7,9,1,10,2,12,,25,25,1,21,8,C03,120.687654,24.185541,2
2023,2,26,12,34,臺中市,南屯區,0,1,0,8,1,5,50,4,1,1,5,4,5,7,1,1,5,5,5,2,12,6,3,10,3,4,B03,7,6,1,8,2,2,,6,6,1,22,8,B03,120.654366,24.1402,2
2023,2,26,12,47,臺中市,西屯區,0,1,0,8,1,5,50,5,1,1,5,4,5,7,2,1,10,5,5,2,16,8,3,10,3,4,B03,7,5,1,8,2,2,,8,42,1,22,8,B03,120.66377,24.164483,2
2023,2,26,12,49,臺中市,西屯區,0,0,0,8,,,50,,,,,,,,,,,,,,,12,,,,,B12,,,1,,1,,,12,,1,4,,B12,120.657894,24.167419,3
2023,2,26,13,3,臺中市,東勢區,0,1,0,8,1,5,30,14,9,1,5,4,5,7,4,4,10,5,5,1,17,42,2,9,3,4,C03,7,9,1,10,2,11,,42,42,1,21,8,C03,120.829608,24.268357,2
2023,2,26,13,11,臺中市,西屯區,0,0,0,8,,,1,,,,,,,,,,,,,,,23,,,,,B03,,,1,,1,,,23,,1,22,,B03,120.651742,24.158411,3
2023,2,26,13,15,臺中市,大雅區,0,0,0,8,,,50,,,,,,,,,,,,,,,7,,,,,B03,,,1,,2,,,7,,1,21,,B03,120.648785,24.217638,3
2023,2,26,13,15,臺中市,西屯區,0,1,0,8,1,5,30,4,1,1,5,4,5,7,4,4,9,4,4,2,16,6,2,9,1,1,C03,7,5,1,10,2,11,,6,6,1,12,8,C03,120.662961,24.168078,2
2023,2,26,13,17,臺中市,清水區,0,0,0,8,,,50,,,,,,,,,,,,,,,23,,,,,B03,,,1,,2,,,23,,1,21,,B03,120.563091,24.263853,3
2023,2,26,13,22,臺中市,南屯區,0,2,0,8,1,5,50,14,9,1,5,4,3,6,4,4,5,5,5,2,16,19,3,10,1,4,B03,7,1,1,8,2,1,,19,19,1,22,8,B03,120.651249,24.136018,2
2023,2,26,13,22,臺中市,北屯區,0,0,0,8,,,50,,,,,,,,,,,,,,,42,,,,,B03,,,1,,1,,,42,,1,5,,B03,120.718151,24.159717,3
2023,2,26,13,22,臺中市,西屯區,0,1,0,8,1,5,30,11,9,1,5,4,5,7,4,4,10,5,5,2,18,43,2,9,3,4,C03,7,6,1,10,2,12,,43,43,1,22,8,C03,120.633013,24.173371,2
2023,2,26,13,25,臺中市,北屯區,0,0,0,8,,,50,,,,,,,,,,,,,,,16,,,,,C03,,,1,,1,,,16,,1,5,,C03,120.734569,24.176929,3
2023,2,26,13,27,臺中市,大里區,0,0,0,8,,,50,,,,,,,,,,,,,,,23,,,,,B03,,,1,,2,,,23,,1,5,,B03,120.68356,24.103915,3
2023,2,26,13,27,臺中市,豐原區,0,1,0,8,1,5,30,14,7,1,5,4,5,7,1,1,8,3,4,1,12,16,2,8,3,4,C03,7,9,1,10,2,12,14,16,16,1,22,5,C03,120.728658,24.2444,2
2023,2,26,13,28,臺中市,西區,0,0,0,8,,,50,,,,,,,,,,,,,,,23,,,,,B12,,,1,,1,,,23,,1,5,,B12,120.665645,24.137953,3
2023,2,26,13,29,臺中市,北屯區,0,1,0,8,1,5,50,3,1,1,5,4,5,7,2,1,10,5,5,2,16,43,3,10,1,1,B03,7,15,1,8,2,2,,43,43,1,21,8,B03,120.733555,24.17584,2
2023,2,26,13,30,臺中市,清水區,0,1,0,8,1,5,50,14,7,1,5,4,5,7,4,4,5,5,4,2,14,12,3,10,1,1,B03,7,2,1,8,2,3,,12,12,1,22,8,B03,120.576887,24.268682,2
2023,2,26,13,31,臺中市,東區,0,1,0,8,1,5,50,4,1,1,5,4,5,7,1,1,10,5,5,2,16,23,3,10,1,1,C03,7,15,1,10,2,12,,23,23,1,22,8,C03,120.694457,24.147985,2
2023,2,26,13,32,臺中市,大甲區,0,0,0,8,,,30,,,,,,,,,,,,,,,17,,,,,B12,,,1,,1,,,17,,1,22,,B12,120.619653,24.344352,3
2023,2,26,13,35,臺中市,大甲區,0,1,0,8,1,5,50,5,1,1,5,4,5,7,1,1,10,5,5,2,16,27,3,10,1,1,B03,7,6,1,8,2,2,,27,27,1,22,9,B03,120.618289,24.339092,2
2023,2,26,13,40,臺中市,西屯區,0,0,0,8,,,30,,,,,,,,,,,,,,,12,,,,,B03,,,1,,1,,,12,,1,4,,B03,120.645729,24.18187,3
2023,2,26,13,41,臺中市,東區,0,0,0,7,1,5,50,4,1,1,5,4,5,7,4,4,5,5,5,2,16,23,3,10,1,1,C03,7,6,1,10,2,14,,23,23,1,21,8,C03,120.703592,24.140392,3
2023,2,26,13,41,臺中市,南區,0,2,0,8,1,5,50,4,1,1,5,4,5,7,4,4,10,5,5,2,15,6,3,10,3,4,B03,7,9,1,8,2,1,,6,6,1,5,8,B03,120.673995,24.129733,2
2023,2,26,13,41,臺中市,太平區,0,0,0,8,,,50,,,,,,,,,,,,,,,23,,,,,C03,,,1,,2,,,23,,1,21,,C03,120.716187,24.133508,3
2023,2,26,13,43,臺中市,中區,0,2,0,8,1,5,50,4,1,1,5,4,5,7,2,1,10,5,5,2,13,23,2,9,1,1,C03,7,9,1,10,2,11,,23,23,1,10,9,C03,120.680254,24.143131,2
2023,2,26,13,45,臺中市,后里區,0,0,0,8,1,5,50,14,13,1,5,4,3,7,4,4,1,5,5,2,12,18,,,,,B03,,,1,,2,,,18,,1,22,,B03,120.700655,24.323493,3
2023,2,26,13,53,臺中市,西區,0,2,0,8,1,5,50,4,1,1,5,4,5,7,4,4,10,5,5,2,17,6,2,9,1,1,C03,7,9,1,10,2,11,,6,6,1,21,8,C03,120.660137,24.149509,2
2023,2,26,14,5,臺中市,西屯區,0,0,0,8,,,30,,,,,,,,,,,,,,,18,,,,,B03,,,1,,2,,,18,,1,22,,B03,120.617298,24.177209,3
2023,2,26,14,5,臺中市,西屯區,0,1,0,8,1,5,50,4,1,1,5,4,5,7,4,4,9,4,4,2,11,6,3,10,1,1,B03,7,5,1,8,2,6,,6,6,1,12,8,B03,120.646531,24.171436,2
2023,2,26,14,10,臺中市,大里區,0,2,0,8,1,5,50,14,9,1,5,4,5,7,4,4,5,4,5,1,12,23,2,9,1,1,C03,7,9,1,10,2,11,,23,23,1,5,8,C03,120.689961,24.112116,2
2023,2,26,14,11,臺中市,西屯區,0,0,0,8,,,50,,,,,,,,,,,,,,,42,,,,,B03,,,1,,1,,,42,,1,22,,B03,120.633206,24.173141,3
2023,2,26,14,16,臺中市,北屯區,0,0,0,8,,,80,,,,,,,,,,,,,,,42,,,,,B03,,,1,8,2,,,42,42,1,21,,B03,120.681629,24.20098,3
2023,2,26,14,18,臺中市,西屯區,0,0,0,8,,,50,,,,,,,,,,,,,,,26,,,,,B03,,,1,,2,,,26,26,1,4,,B03,120.64961,24.16289,3
2023,2,26,14,20,臺中市,北屯區,0,1,0,8,1,5,50,14,9,1,5,4,5,7,4,4,5,4,5,2,2,23,3,10,1,1,B02,7,9,1,8,2,2,,23,23,1,22,8,B02,120.735274,24.17749,2
2023,2,26,14,22,臺中市,南屯區,0,2,0,8,1,5,50,3,1,1,5,4,5,7,1,1,10,5,5,2,16,26,3,10,1,1,B03,7,8,1,8,2,5,,26,26,1,5,8,B03,120.622324,24.140301,2
2023,2,26,14,22,臺中市,豐原區,0,2,0,8,1,5,50,4,1,1,5,4,5,7,2,1,10,5,5,2,13,23,3,10,1,1,B03,7,9,1,8,2,6,,44,23,1,22,8,B03,120.715656,24.251551,2
2023,2,26,14,26,臺中市,西區,0,0,0,8,,,50,,,,,,,,,,,,,,,23,,,,,B03,,,1,,2,,,44,23,1,21,,B03,120.683029,24.13798,3
2023,2,26,14,27,臺中市,豐原區,0,0,0,8,,,50,,,,,,,,,,,,,,,26,,,,,B03,,,1,,2,,,26,,1,22,,B03,120.71557,24.248726,3
2023,2,26,14,32,臺中市,東勢區,0,1,0,8,1,5,50,14,9,1,5,4,5,7,4,4,5,5,5,1,2,23,3,10,1,1,C04,7,9,1,10,2,11,,23,23,1,21,8,C04,120.831349,24.248797,2
2023,2,26,14,33,臺中市,龍井區,0,1,0,8,1,5,50,3,22,1,5,4,5,7,4,4,10,5,5,2,17,42,2,9,1,1,C03,7,1,2,18,2,12,,42,42,1,15,8,C03,120.523425,24.199593,2
2023,2,26,14,36,臺中市,霧峰區,0,0,0,8,,,60,,,,,,,,,,,,,,,26,,,,,A11,,,1,,2,,,17,44,1,10,,A11,120.693629,24.049201,3
2023,2,26,14,37,臺中市,南屯區,0,1,0,8,1,5,50,4,2,1,5,4,5,7,2,1,10,5,5,2,13,23,2,8,1,1,C03,7,9,1,10,2,11,,23,23,1,22,8,C03,120.646802,24.146809,2
2023,2,26,14,42,臺中市,西區,0,0,0,8,,,50,,,,,,,,,,,,,,,19,,,,,B03,,,1,,1,,,19,,1,21,,B03,120.67256,24.151589,3
2023,2,26,14,43,臺中市,新社區,0,0,0,8,,,30,,,,,,,,,,,,,,,12,,,,,B02,,,1,,2,,,12,,1,9,,B02,120.829323,24.156565,3