年,月,日,時,分,縣市,區,死,受傷,2-30,天候,光線,道路類別,速限,道路型態,事故位置,路面鋪裝,路面狀態,路面缺陷,障礙物,視距,號誌種類,號誌動作,分向設施,快車道或一般車道間,快慢車道間,路面邊線,事故類型及型態,主要肇因,受傷程度,主要傷處,保護裝備,行動電話,當事者區分,車輛用途,當事者行動狀態,駕駛資格情形,駕駛執照種類,飲酒情形,車輛撞擊部位最初,車輛撞擊部位其他,肇事因素個別,肇事因素主要,肇事逃逸,職業,旅次目的,車種,GPS緯度,GPS經度,事故類別
2023,2,26,20,47,臺中市,西區,0,1,0,8,3,5,50,14,7,1,5,4,5,7,4,4,5,4,4,2,12,7,3,10,1,1,B03,7,8,1,8,2,2,,7,7,1,22,9,B03,120.671251,24.136993,2
2023,2,26,21,0,臺中市,潭子區,0,1,0,8,3,5,60,4,1,1,5,4,5,7,2,1,1,2,5,2,16,26,2,9,1,1,C03,7,9,1,10,2,14,,26,26,1,22,8,C03,120.703395,24.200697,2
2023,2,26,21,5,臺中市,太平區,0,0,0,8,,,50,,,,,,,,,,,,,,,67,,,,,,,,,,,,,67,,1,,,,120.715748,24.116426,3
2023,2,26,21,15,臺中市,東區,0,0,0,8,3,5,50,14,9,1,5,4,4,7,4,4,5,4,5,2,24,23,3,10,1,1,B02,7,1,1,8,2,2,,23,23,1,5,8,B02,120.688671,24.13668,3
2023,2,26,21,19,臺中市,西屯區,0,1,0,8,3,5,50,3,2,1,5,4,5,7,4,4,1,3,5,1,17,6,3,10,1,1,B03,7,6,1,8,2,2,,6,6,1,22,8,B03,120.654682,24.167983,2
2023,2,26,21,22,臺中市,南屯區,0,1,0,8,3,5,50,4,1,1,5,4,5,7,1,1,10,5,5,2,15,25,2,9,1,1,C03,7,9,1,10,2,11,,25,25,1,5,8,C03,120.653109,24.133304,2
2023,2,26,21,24,臺中市,梧棲區,0,0,0,8,,,30,,,,,,,,,,,,,,,6,,,,,C03,,,1,,2,,,6,,1,9,,C03,120.557683,24.241388,3
2023,2,26,21,25,臺中市,南屯區,0,0,0,8,1,5,50,14,9,1,5,4,5,7,1,1,1,2,5,2,12,26,,,,,B03,,,1,,2,,,26,26,1,5,,B03,120.637724,24.142453,3
2023,2,26,21,28,臺中市,北屯區,0,1,0,8,3,5,50,3,1,1,5,4,5,7,4,4,10,5,5,2,16,42,3,10,1,1,B03,7,15,1,8,2,2,,42,42,1,21,8,B03,120.676497,24.177238,2
2023,2,26,21,30,臺中市,清水區,0,0,0,8,,,50,,,,,,,,,,,,,,,25,,,,,B03,,,1,,2,,,25,,1,21,,B03,120.561153,24.267324,3
2023,2,26,21,32,臺中市,南區,0,1,0,8,3,5,40,14,8,1,5,4,5,7,4,4,1,4,4,2,13,16,2,1,1,1,C03,7,9,1,10,2,11,,16,16,1,21,8,C03,120.661623,24.121698,2
2023,2,26,21,35,臺中市,西屯區,0,2,0,8,3,5,50,3,1,1,5,4,5,7,4,4,10,5,5,2,16,6,3,10,3,4,C03,7,6,1,10,1,12,,6,6,1,22,8,C03,120.654781,24.168283,2
2023,2,26,21,39,臺中市,西屯區,0,0,0,8,,,50,,,,,,,,,,,,,,,23,,,,,B03,,,1,,2,,,23,,1,22,,B03,120.658838,24.194718,3
2023,2,26,21,47,臺中市,西區,0,0,0,8,,,30,,,,,,,,,,,,,,,12,,,,,B03,,,1,,9,,,12,,1,4,,B03,120.656923,24.154261,3
2023,2,26,21,47,臺中市,北屯區,0,2,0,8,3,5,40,5,1,1,5,4,5,7,1,1,10,5,5,2,16,25,3,10,1,1,B03,7,6,1,8,2,2,,25,25,1,3,8,B03,120.686737,24.201327,2
2023,2,26,21,50,臺中市,大里區,0,1,0,8,3,5,50,14,9,1,5,4,5,7,4,4,1,4,5,1,27,44,2,8,1,1,C03,7,9,1,10,2,14,,44,44,1,18,8,C03,120.682827,24.099609,2
2023,2,26,22,5,臺中市,沙鹿區,0,0,0,8,,,60,,,,,,,,,,,,,,,42,,,,,B03,,,1,,2,,,42,,1,22,,B03,120.579966,24.220025,4
2023,2,26,22,13,臺中市,梧棲區,0,1,0,8,3,5,70,3,1,1,5,4,5,7,1,1,10,5,5,1,16,25,2,9,1,1,F03,7,5,8,20,2,16,,25,25,1,5,8,F03,120.547108,24.233111,2
2023,2,26,22,14,臺中市,大雅區,0,1,0,8,3,5,50,14,13,1,5,4,5,7,1,1,5,5,5,1,18,23,2,9,1,1,C02,7,9,1,9,2,14,,23,23,1,22,8,C02,120.645205,24.225544,2
2023,2,26,22,20,臺中市,西屯區,0,3,0,8,3,5,50,3,1,1,5,4,5,7,4,4,10,5,5,2,16,6,2,9,1,1,C03,7,5,1,10,2,14,,6,6,1,22,8,C03,120.644283,24.166354,2
2023,2,26,22,30,臺中市,梧棲區,0,2,0,8,3,5,50,14,9,1,5,4,5,7,4,4,9,4,5,1,10,3,2,9,1,1,C03,7,9,1,10,8,11,,3,3,1,9,8,C03,120.527435,24.24051,2
2023,2,26,22,37,臺中市,沙鹿區,0,1,0,7,3,5,50,14,9,1,5,4,5,7,4,4,8,3,5,1,17,19,2,9,3,4,C03,7,1,1,10,2,11,,19,19,1,22,8,C03,120.569633,24.228922,2
2023,2,26,22,41,臺中市,西屯區,0,2,0,8,3,5,50,4,2,1,5,4,5,7,4,4,8,3,5,1,17,6,2,9,1,1,C03,7,9,1,10,2,11,,6,6,1,22,8,C03,120.667025,24.177365,2
2023,2,26,22,45,臺中市,南區,0,2,0,8,3,5,50,14,8,1,5,4,5,7,4,4,5,5,4,2,16,6,2,9,1,1,C03,7,5,1,10,2,11,,6,6,1,3,8,C03,120.663764,24.113637,2
2023,2,26,22,46,臺中市,西區,0,1,0,8,3,5,50,4,4,1,5,4,5,7,1,1,1,2,4,2,12,26,3,10,1,1,C03,7,8,1,10,2,12,,26,26,1,22,1,C03,120.670501,24.144625,2
2023,2,26,22,46,臺中市,豐原區,0,0,0,8,,,50,,,,,,,,,,,,,,,16,,,,,C03,,,1,,2,,,16,,1,22,,C03,120.719527,24.251945,3
2023,2,26,22,55,臺中市,潭子區,0,2,0,8,3,5,60,14,9,1,5,4,5,7,2,1,3,4,5,1,12,16,2,9,1,1,C03,7,9,1,10,2,11,,16,16,1,22,8,C03,120.704063,24.203002,2
2023,2,26,22,55,臺中市,南屯區,0,1,0,8,3,5,50,4,9,1,5,4,5,7,1,1,1,4,5,2,12,23,2,9,1,1,C03,7,6,1,10,2,14,,23,23,1,18,8,C03,120.646808,24.148836,2
2023,2,26,23,8,臺中市,西區,0,1,0,8,3,5,50,4,1,1,5,4,5,7,2,1,10,5,5,2,17,26,2,8,1,1,C03,7,5,1,4,2,11,,26,26,1,18,7,C03,120.672769,24.135858,2
2023,2,26,23,18,臺中市,西屯區,0,1,0,8,3,5,50,4,2,1,5,4,5,7,2,1,8,3,4,1,9,23,3,10,1,1,C03,7,9,1,10,2,15,,23,23,1,22,8,C03,120.632645,24.182622,2
2023,2,26,23,24,臺中市,北屯區,0,0,0,8,,,50,,,,,,,,,,,,,,,12,,,,,B03,,,1,,2,,,12,,1,21,,B03,120.672729,24.182234,3
2023,2,26,23,34,臺中市,西屯區,0,1,0,8,3,5,50,3,1,1,5,4,5,7,4,4,10,5,5,2,17,42,2,9,1,1,C03,7,9,1,10,1,12,,42,42,1,21,8,C03,120.639123,24.169538,2
2023,2,26,23,56,臺中市,大里區,0,0,0,8,,,30,,,,,,,,,,,,,,,23,,,,,B03,,,1,,2,,,23,,1,22,,B03,120.69295,24.09262,3
2023,2,27,0,4,臺中市,大雅區,0,1,0,8,3,5,50,3,7,1,5,4,5,7,1,1,1,4,5,1,13,23,2,1,1,1,B03,7,9,1,8,2,1,,23,23,1,22,8,B03,120.642355,24.229159,2
2023,2,27,0,34,臺中市,西屯區,0,1,0,8,3,5,50,14,9,1,5,4,5,7,4,4,5,5,5,2,17,9,3,10,1,1,B03,7,6,1,8,2,5,,9,9,1,21,8,B03,120.62997,24.18349,2
2023,2,27,0,47,臺中市,北屯區,0,2,0,8,3,5,50,4,1,1,5,4,5,7,3,1,10,5,5,2,15,6,3,10,1,1,B03,7,9,1,8,2,5,,6,6,1,21,8,B03,120.68428,24.180175,2
2023,2,27,0,51,臺中市,豐原區,0,1,0,8,3,5,50,14,13,1,5,4,5,7,4,4,5,5,5,1,17,43,2,9,3,4,B03,7,9,1,8,2,8,,43,42,1,21,8,B03,120.720658,24.267963,2
2023,2,27,1,0,臺中市,南屯區,0,0,0,8,,,50,,,,,,,,,,,,,,,6,,,,,B03,,,1,,2,,,6,,1,22,,B03,120.638314,24.133759,3
2023,2,27,1,9,臺中市,西屯區,0,3,0,8,3,5,50,4,2,1,5,4,5,7,2,1,8,3,5,1,17,25,2,9,1,1,B03,7,5,1,8,2,1,,25,25,1,22,8,B03,120.661434,24.171213,2
2023,2,27,1,49,臺中市,大雅區,0,0,0,8,,,50,,,,,,,,,,,,,,,23,,,,,B03,,,1,,11,,,23,,1,21,,B03,120.651519,24.227987,3
2023,2,27,3,11,臺中市,大里區,0,0,0,8,,,50,,,,,,,,,,,,,,,23,,,,,B03,,,1,,2,,,23,,1,22,,B03,120.696831,24.105081,3
2023,2,27,3,50,臺中市,大里區,1,0,0,8,3,5,50,3,2,1,5,4,5,7,4,4,5,4,4,2,13,26,1,1,2,1,F01,7,5,8,20,2,16,,26,26,1,22,9,F01,120.671913,24.11484,1
2023,2,27,4,7,臺中市,神岡區,0,0,0,8,,,50,,,,,,,,,,,,,,,23,,,,,B03,,,1,,2,,,23,,1,22,,B03,120.701798,24.262698,3
2023,2,27,4,34,臺中市,南屯區,0,1,0,8,2,5,50,4,1,1,5,4,5,7,3,1,10,5,5,2,15,6,3,10,1,1,B03,7,9,1,4,2,15,,6,6,1,5,8,B03,120.638314,24.133759,2
2023,2,27,5,18,臺中市,北區,0,0,0,8,,,50,,,,,,,,,,,,,,,6,,,,,B03,,,1,,1,,,6,,1,5,,B03,120.692954,24.157211,3
2023,2,27,6,35,臺中市,潭子區,0,0,0,8,,,60,,,,,,,,,,,,,,,7,,,,,B03,,,1,,2,,,7,,1,22,,B03,120.696555,24.201,3
2023,2,27,6,36,臺中市,潭子區,0,1,0,8,1,5,50,4,1,1,5,4,5,7,1,1,5,4,5,1,17,8,3,10,1,1,B03,7,5,1,8,2,8,,8,8,1,22,8,B03,120.722619,24.204066,2
2023,2,27,6,45,臺中市,沙鹿區,0,1,0,8,1,5,30,4,1,1,5,4,5,7,4,4,10,5,5,2,14,12,3,10,1,1,B03,7,2,1,8,2,3,,12,12,1,10,5,B03,120.563277,24.238727,2
2023,2,27,6,50,臺中市,和平區,0,1,0,8,1,5,30,11,9,1,5,4,5,7,4,4,8,4,5,1,11,4,3,10,1,1,B03,7,9,1,3,2,2,,4,4,1,22,6,B03,121.011658,24.202492,2
2023,2,27,7,0,臺中市,龍井區,0,1,0,8,1,5,40,3,1,1,5,4,5,7,4,4,10,5,5,2,17,6,2,9,3,4,C03,7,5,1,10,2,11,,6,6,1,4,1,C03,120.539055,24.193308,2
2023,2,27,7,0,臺中市,清水區,0,0,0,8,,,50,,,,,,,,,,,,,,,17,,,,,B12,,,1,,2,,,17,,1,22,,B12,120.553882,24.274968,3
2023,2,27,7,10,臺中市,大里區,0,1,0,8,1,5,50,3,1,1,5,4,5,7,4,4,10,5,5,2,18,22,2,9,1,1,C03,7,9,1,10,2,14,,22,22,1,12,1,C03,120.680954,24.112825,2
2023,2,27,7,17,臺中市,東勢區,0,1,0,8,1,5,30,14,9,1,5,4,5,7,4,4,10,5,5,2,9,12,3,10,3,4,B03,7,2,1,8,2,3,,12,12,1,21,8,B03,120.83115,24.244068,2
2023,2,27,7,36,臺中市,霧峰區,0,0,0,8,,,30,,,,,,,,,,,,,,,12,,,,,B03,,,1,,2,,,12,,1,22,,B03,120.666298,24.038868,3
2023,2,27,7,55,臺中市,北屯區,0,0,0,8,,,50,,,,,,,,,,,,,,,25,,,,,B03,,,1,,1,,,25,,1,22,,B03,120.671006,24.19933,3
2023,2,27,7,56,臺中市,南屯區,0,2,0,8,1,5,50,4,1,1,5,4,5,7,1,1,5,5,5,2,16,19,2,9,1,1,C03,7,1,1,10,2,14,,19,19,1,22,8,C03,120.6357,24.148511,2
2023,2,27,7,57,臺中市,南區,0,2,0,8,1,5,50,14,7,1,5,4,5,7,2,1,10,5,5,2,13,16,2,9,1,1,C03,7,9,1,10,2,11,,16,16,1,21,8,C03,120.684177,24.120223,2
2023,2,27,8,0,臺中市,大甲區,0,1,0,8,1,5,50,4,1,1,5,4,5,7,1,1,10,5,5,2,16,8,2,9,1,1,C03,7,5,1,10,2,13,,8,8,1,18,8,C03,120.62762,24.35117,2
2023,2,27,8,9,臺中市,北屯區,0,2,0,8,1,5,30,4,1,1,5,4,5,7,4,4,10,5,5,2,15,4,2,9,1,1,C03,7,9,1,10,2,14,,4,4,1,22,8,C03,120.693586,24.164913,2
2023,2,27,8,12,臺中市,南屯區,0,0,0,8,,,40,,,,,,,,,,,,,,,19,,,,,B12,,,6,,1,,,19,,1,4,,B12,120.628129,24.119283,3
2023,2,27,8,18,臺中市,豐原區,0,1,0,8,1,5,50,3,1,1,5,4,5,7,3,1,4,3,4,2,17,14,2,9,1,1,C03,7,9,1,10,2,14,,14,14,1,22,8,C03,120.714154,24.252917,2
2023,2,27,8,20,臺中市,潭子區,0,0,0,8,,,60,,,,,,,,,,,,,,,23,,,,,B03,,,1,,2,,,23,,1,22,,B03,120.70392,24.202416,3
2023,2,27,8,23,臺中市,西區,0,0,0,8,,,60,,,,,,,,,,,,,,,26,,,,,B02,,,1,,1,,,26,,1,22,,B02,120.659687,24.157317,3
2023,2,27,8,32,臺中市,太平區,0,0,0,8,,,30,,,,,,,,,,,,,,,12,,,,,B03,,,1,,2,,,12,,1,21,,B03,120.717146,24.152792,3
2023,2,27,8,35,臺中市,東區,0,1,0,8,1,5,30,4,1,1,5,4,5,7,4,4,10,5,5,2,16,23,3,10,1,1,C03,7,9,1,10,2,11,,23,23,1,22,8,C03,120.703323,24.142609,2
2023,2,27,8,38,臺中市,大雅區,0,0,0,8,,,50,,,,,,,,,,,,,,,23,,,,,C03,,,1,,2,,,23,,1,21,,C03,120.65403,24.232736,3
2023,2,27,8,47,臺中市,沙鹿區,0,2,0,8,1,5,50,3,1,1,5,4,5,7,4,4,10,5,5,2,17,42,2,9,1,1,C03,7,21,1,10,2,14,,42,42,1,21,8,C03,120.560201,24.238334,2
2023,2,27,8,51,臺中市,東區,0,0,0,8,,,50,,,,,,,,,,,,,,,23,,,,,B02,,,1,8,2,,,23,23,1,5,,B02,120.697531,24.135191,3
2023,2,27,8,59,臺中市,西區,0,0,0,8,,,30,,,,,,,,,,,,,,,23,,,,,B03,,,1,,2,,,23,,1,4,,B03,120.672163,24.146977,3
2023,2,27,9,3,臺中市,東勢區,0,0,0,8,,,25,,,,,,,,,,,,,,,12,,,,,B03,,,1,,1,,,12,,1,5,,B03,120.867514,24.285052,3
2023,2,27,9,5,臺中市,大里區,0,1,0,8,1,5,50,4,2,1,5,4,5,7,1,1,9,4,4,2,14,12,3,10,1,1,B03,7,2,1,8,2,3,,12,12,1,12,8,B03,120.694518,24.082354,2
2023,2,27,9,10,臺中市,大雅區,0,1,0,8,1,5,30,4,2,1,5,4,5,7,3,1,10,5,5,1,16,6,3,10,1,1,C03,7,9,1,10,2,12,,6,6,1,21,8,C03,120.66724,24.239525,2
2023,2,27,9,10,臺中市,太平區,0,2,0,8,1,5,40,3,1,1,5,4,5,7,3,1,10,5,5,2,13,16,2,3,1,1,C04,7,9,1,10,2,11,,16,16,1,9,8,C04,120.730003,24.110059,2
2023,2,27,9,11,臺中市,大甲區,0,0,0,8,,,60,,,,,,,,,,,,,,,42,,,,,B03,,,1,,1,,,42,,1,2,,B03,120.62113,24.35612,3
2023,2,27,9,16,臺中市,石岡區,0,0,0,8,,,40,,,,,,,,,,,,,,,23,,,,,B12,,,1,,2,,,23,23,1,5,,B12,120.775976,24.274315,3
2023,2,27,9,17,臺中市,大雅區,0,1,0,8,1,5,50,4,1,1,5,4,5,7,1,1,9,4,5,1,17,23,3,10,1,1,B03,7,9,1,8,2,1,,23,23,1,22,9,B03,120.656432,24.220792,2
2023,2,27,9,18,臺中市,大里區,0,0,0,8,1,5,50,14,9,1,5,4,5,7,4,4,5,4,5,1,16,19,,,,,B03,,,1,,2,,,19,,1,22,,B03,120.689778,24.112269,3
2023,2,27,9,19,臺中市,北區,0,2,0,8,1,5,50,3,1,1,5,4,5,7,4,4,1,5,5,2,18,23,2,3,1,1,C03,7,9,1,10,2,12,,23,23,1,21,8,C03,120.677778,24.157232,2
2023,2,27,9,19,臺中市,南屯區,0,0,0,8,,,50,,,,,,,,,,,,,,,23,,,,,B03,,,1,,1,,,23,,1,22,,B03,120.653152,24.129386,3
2023,2,27,9,22,臺中市,西區,0,2,0,8,1,5,50,3,1,1,5,4,5,7,4,4,10,5,5,2,16,8,2,7,1,1,C03,7,5,1,10,2,11,,8,8,1,5,9,C03,120.670736,24.141122,2
2023,2,27,9,25,臺中市,南區,0,0,0,,,,50,,,,,,,,,,,,,,,23,,,,,B03,,,1,,2,,,23,,1,5,,B03,120.669891,24.114975,3
2023,2,27,9,25,臺中市,梧棲區,0,0,0,8,,,30,,,,,,,,,,,,,,,23,,,,,B03,,,1,,9,,,44,23,1,22,,B03,120.532264,24.2711,3
2023,2,27,9,30,臺中市,梧棲區,0,0,0,8,,,30,,,,,,,,,,,,,,,12,,,,,B03,,,1,,2,,,12,,1,22,,B03,120.557501,24.241249,3
2023,2,27,9,30,臺中市,清水區,0,0,0,8,,,50,,,,,,,,,,,,,,,12,,,,,B03,,,1,,2,,,12,12,1,22,,B03,120.557384,24.26244,3
2023,2,27,9,30,臺中市,神岡區,0,0,0,8,,,50,,,,,,,,,,,,,,,26,,,,,B12,,,6,,3,,,26,,1,21,,B12,120.695872,24.248307,3
2023,2,27,9,31,臺中市,后里區,0,1,0,8,1,5,50,14,9,1,5,4,5,7,4,4,9,5,5,1,17,23,2,9,1,1,C03,7,9,1,10,2,11,,23,23,1,21,8,C03,120.730993,24.307985,2
2023,2,27,9,34,臺中市,北屯區,0,1,0,8,1,5,50,3,2,1,5,4,5,7,2,1,10,5,5,2,13,26,2,9,1,1,C03,7,9,1,10,2,14,11,13,26,1,5,8,C03,120.72335,24.162138,2
2023,2,27,9,35,臺中市,沙鹿區,0,0,0,8,,,30,,,,,,,,,,,,,,,5,,,,,B03,,,1,,2,,,5,,1,9,,B03,120.594322,24.218411,3
2023,2,27,9,35,臺中市,大甲區,0,0,0,8,1,5,50,5,1,1,5,4,5,7,4,4,9,4,5,1,13,16,,,,,B01,,,1,,1,,,16,16,1,22,,B01,120.623484,24.344087,3
2023,2,27,9,35,臺中市,大甲區,0,3,0,8,1,5,50,4,1,1,5,4,5,7,4,4,10,5,5,2,15,6,2,9,1,1,C03,7,9,1,10,2,12,,6,6,1,21,8,C03,120.61973,24.34636,2
2023,2,27,9,49,臺中市,后里區,0,0,0,8,,,30,,,,,,,,,,,,,,,42,,,,,F02,,,8,,2,,,42,,1,22,,F02,120.73563,24.299368,3
2023,2,27,9,55,臺中市,南屯區,0,0,0,,,,50,,,,,,,,,,,,,,,23,,,,,B03,,,1,,1,,,23,,1,22,,B03,120.649939,24.132252,3
2023,2,27,10,3,臺中市,東區,0,1,0,8,1,5,50,4,1,1,5,4,5,7,1,1,10,5,5,2,2,15,3,10,1,1,B03,7,5,1,8,2,4,,15,15,1,21,8,B03,120.694456,24.149744,2
2023,2,27,10,3,臺中市,北屯區,0,0,0,8,,,50,,,,,,,,,,,,,,,12,,,,,B03,,,1,,1,,,12,,1,22,,B03,120.726959,24.186043,3
2023,2,27,10,7,臺中市,東區,0,1,0,8,1,5,40,15,22,4,5,4,5,7,4,4,10,5,5,2,9,42,3,10,1,1,C03,7,9,1,10,2,11,,42,42,1,22,8,C03,120.689298,24.140058,2
2023,2,27,10,11,臺中市,南區,0,2,0,8,1,5,40,14,8,1,5,4,5,7,4,4,5,5,4,2,17,4,2,7,3,4,C03,7,15,1,10,2,11,,4,4,1,5,8,C03,120.666418,24.114056,2
2023,2,27,10,20,臺中市,北屯區,0,1,0,8,1,5,50,14,9,1,5,4,5,7,4,4,1,4,5,2,18,23,2,9,1,1,C03,7,9,1,10,2,12,,23,23,1,18,8,C03,120.691923,24.201233,2
2023,2,27,10,20,臺中市,北屯區,0,0,0,8,,,80,,,,,,,,,,,,,,,16,,,,,B03,,,1,8,2,,,16,16,1,21,,B03,120.720935,24.175719,3
2023,2,27,10,21,臺中市,東區,0,2,0,8,1,5,50,14,7,1,5,4,5,7,4,4,5,5,4,2,17,26,3,10,1,1,B03,7,11,1,8,2,3,,26,26,1,5,8,B03,120.705071,24.137202,2
2023,2,27,10,24,臺中市,后里區,0,0,0,,,,50,,,,,,,,,,,,,,,12,,,,,B12,,,1,,1,,,12,,1,22,,B12,120.717615,24.303752,3
2023,2,27,10,25,臺中市,大里區,0,0,0,8,,,80,,,,,,,,,,,,,,,23,,,,,B03,,,1,,2,,,23,,1,5,,B03,120.690046,24.065531,3
2023,2,27,10,30,臺中市,西屯區,0,0,0,,,,40,,,,,,,,,,,,,,,23,,,,,B03,,,1,,1,,,23,,1,22,,B03,120.643643,24.165818,3
2023,2,27,10,30,臺中市,清水區,0,0,0,8,,,50,,,,,,,,,,,,,,,23,,,,,B12,,,1,,2,,,23,,1,22,,B12,120.575385,24.278613,3
2023,2,27,10,30,臺中市,豐原區,0,2,0,8,1,5,60,14,9,1,5,4,5,7,1,1,1,3,5,1,16,10,2,9,3,4,C03,7,11,1,10,2,12,,10,10,1,22,5,C03,120.757166,24.275196,2
2023,2,27,10,31,臺中市,南屯區,0,0,0,8,,,50,,,,,,,,,,,,,,,23,,,,,B03,,,1,,1,,,23,,1,22,,B03,120.646897,24.132002,3
2023,2,27,10,34,臺中市,后里區,0,1,0,8,1,5,50,14,9,1,5,4,5,7,4,4,5,5,5,1,11,23,2,9,1,1,C03,7,9,1,10,2,11,,23,23,1,21,8,C03,120.72629,24.309105,2
2023,2,27,10,39,臺中市,西屯區,0,0,0,8,,,50,,,,,,,,,,,,,,,2,,,,,B03,,,1,,2,,,2,2,1,22,,B03,120.654341,24.194344,3
2023,2,27,10,50,臺中市,西區,0,0,0,8,,,50,,,,,,,,,,,,,,,42,,,,,B03,,,1,,1,,,42,,1,21,,B03,120.654969,24.151395,3
2023,2,27,10,50,臺中市,南區,0,0,0,8,,,50,,,,,,,,,,,,,,,23,,,,,B03,,,1,,2,,,23,,1,22,,B03,120.669871,24.121661,3
2023,2,27,10,50,臺中市,西屯區,0,0,0,8,,,50,,,,,,,,,,,,,,,23,,,,,A41,,,1,,2,,,23,,1,22,,A41,120.643593,24.165381,3
2023,2,27,10,51,臺中市,大里區,0,2,0,8,1,5,50,3,1,1,5,4,5,7,4,4,5,5,4,2,16,6,2,8,1,1,C03,7,5,1,10,2,12,,6,6,1,22,9,C03,120.683718,24.112604,2
2023,2,27,10,52,臺中市,霧峰區,0,0,0,8,,,40,,,,,,,,,,,,,,,23,,,,,B12,,,1,,2,,,23,,1,22,,B12,120.662785,24.072636,3
2023,2,27,10,54,臺中市,北區,0,0,0,8,,,50,,,,,,,,,,,,,,,17,,,,,B01,,,1,,11,,,17,,2,22,,B01,120.69393,24.161498,3
2023,2,27,10,57,臺中市,北區,0,2,0,8,1,5,50,4,1,1,5,4,5,7,2,1,1,4,5,2,16,25,2,2,1,1,B03,7,9,1,8,2,1,,25,25,1,22,8,B03,120.663022,24.16153,2
2023,2,27,10,57,臺中市,南區,0,0,0,8,,,50,,,,,,,,,,,,,,,23,,,,,B03,,,1,8,2,,,23,23,1,5,,B03,120.675648,24.126351,3
2023,2,27,10,57,臺中市,龍井區,0,1,0,8,1,5,40,4,1,1,5,4,5,7,2,1,1,5,5,2,16,6,2,9,1,1,C03,7,9,1,10,2,14,,23,6,1,5,1,C03,120.592998,24.18277,2
2023,2,27,10,58,臺中市,南屯區,0,0,0,,,,50,,,,,,,,,,,,,,,12,,,,,B03,,,1,,2,,,12,,1,22,,B03,120.647572,24.143343,3
2023,2,27,10,59,臺中市,大甲區,0,0,0,8,,,30,,,,,,,,,,,,,,,12,,,,,B03,,,1,,1,,,12,,1,22,,B03,120.614407,24.363069,3
2023,2,27,11,5,臺中市,大里區,0,0,0,8,,,50,,,,,,,,,,,,,,,23,,,,,B03,,,1,,2,,,23,,1,9,,B03,120.696487,24.096229,3
2023,2,27,11,12,臺中市,中區,0,0,0,8,,,50,,,,,,,,,,,,,,,23,,,,,C03,,,1,,2,,,23,,1,21,,C03,120.676938,24.144553,4
2023,2,27,11,12,臺中市,大甲區,0,0,0,,,,30,,,,,,,,,,,,,,,43,,,,,B03,,,1,,1,,,43,43,1,22,,B03,120.625644,24.343467,3
2023,2,27,11,14,臺中市,太平區,0,0,0,8,,,50,,,,,,,,,,,,,,,25,,,,,C03,,,1,,2,,,25,,1,22,,C03,120.727839,24.154355,3
2023,2,27,11,16,臺中市,南區,0,1,0,8,1,5,50,4,2,1,5,4,5,7,1,1,1,4,5,2,12,7,2,9,1,1,C03,7,7,1,10,2,14,,7,7,1,5,8,C03,120.658317,24.117659,2
2023,2,27,11,18,臺中市,大雅區,0,1,0,8,1,5,30,14,9,1,5,4,5,7,1,1,10,5,5,2,12,19,2,9,1,1,C03,7,1,1,10,2,15,,19,19,1,22,8,C03,120.64763,24.220496,2
2023,2,27,11,20,臺中市,烏日區,0,0,0,8,1,5,50,14,9,1,5,4,5,7,4,4,9,5,5,2,14,26,,,,,B03,,,1,,2,,,26,,1,22,,B03,120.614175,24.108672,3
2023,2,27,11,21,臺中市,東勢區,0,0,0,8,,,30,,,,,,,,,,,,,,,23,,,,,B12,,,1,,2,,,23,,1,21,,B12,120.856568,24.193412,3
2023,2,27,11,24,臺中市,太平區,0,2,0,8,1,5,50,4,1,1,5,4,5,7,4,4,10,5,5,2,15,6,2,9,1,1,C03,7,9,4,8,2,11,,6,6,1,20,8,C03,120.72005,24.127518,2
2023,2,27,11,25,臺中市,西屯區,0,1,0,8,1,5,50,3,1,1,5,4,5,7,1,1,10,5,5,2,16,4,2,9,1,1,C03,7,5,1,10,2,12,,4,4,1,4,8,C03,120.638449,24.161307,2
2023,2,27,11,25,臺中市,霧峰區,0,0,0,8,,,50,,,,,,,,,,,,,,,12,,,,,B03,,,1,,2,,,12,,1,12,,B03,120.695709,24.013088,3
2023,2,27,11,26,臺中市,西屯區,0,1,0,8,1,5,30,4,1,1,5,4,5,7,3,1,10,5,5,2,18,42,2,8,1,1,C02,7,6,1,9,2,12,,42,42,1,22,8,C02,120.648817,24.191967,2
2023,2,27,11,28,臺中市,西屯區,0,1,0,8,1,5,50,3,1,1,5,4,5,7,4,4,1,4,5,2,12,9,3,10,1,1,B03,7,6,1,8,2,5,,9,9,1,22,8,B03,120.635263,24.172635,2
2023,2,27,11,30,臺中市,大雅區,0,0,0,8,,,50,,,,,,,,,,,,,,,12,,,,,B03,,,1,,2,,,12,,1,23,,B03,120.667599,24.214146,3
2023,2,27,11,32,臺中市,西區,0,0,0,8,,,40,,,,,,,,,,,,,,,42,,,,,B01,,,1,,1,,,42,,1,10,,B01,120.674046,24.142737,3
2023,2,27,11,32,臺中市,南屯區,0,2,0,8,1,5,40,3,1,1,5,4,5,7,4,4,5,5,4,2,16,6,2,8,1,1,C03,7,9,1,10,2,11,,23,6,1,4,8,C03,120.634741,24.15522,2