年,月,日,時,分,縣市,區,死,受傷,2-30,天候,光線,道路類別,速限,道路型態,事故位置,路面鋪裝,路面狀態,路面缺陷,障礙物,視距,號誌種類,號誌動作,分向設施,快車道或一般車道間,快慢車道間,路面邊線,事故類型及型態,主要肇因,受傷程度,主要傷處,保護裝備,行動電話,當事者區分,車輛用途,當事者行動狀態,駕駛資格情形,駕駛執照種類,飲酒情形,車輛撞擊部位最初,車輛撞擊部位其他,肇事因素個別,肇事因素主要,肇事逃逸,職業,旅次目的,車種,GPS緯度,GPS經度,事故類別
2023,2,27,11,32,臺中市,西屯區,0,0,0,8,,,50,,,,,,,,,,,,,,,16,,,,,A02,,,1,,1,,,16,,1,22,,A02,120.641087,24.168005,3
2023,2,27,11,33,臺中市,北屯區,0,1,0,8,1,5,30,11,9,1,5,4,5,7,4,4,10,5,5,1,18,43,2,9,1,1,C03,7,9,1,10,2,14,11,43,43,1,5,8,C03,120.781933,24.17378,2
2023,2,27,11,38,臺中市,北屯區,0,2,0,8,1,5,50,14,9,1,5,4,5,7,4,4,1,2,5,2,13,23,2,9,1,1,C03,7,9,1,10,2,11,12,23,23,1,5,8,C03,120.67996,24.17302,2
2023,2,27,11,45,臺中市,烏日區,0,0,0,8,,,50,,,,,,,,,,,,,,,23,,,,,B03,,,1,,2,,,23,,1,21,,B03,120.648541,24.093281,3
2023,2,27,11,46,臺中市,南屯區,0,1,0,8,1,5,50,14,9,1,5,4,5,7,1,1,5,4,5,2,18,43,2,9,3,4,C03,7,9,1,10,2,14,,43,43,1,22,8,C03,120.634505,24.136361,2
2023,2,27,11,46,臺中市,梧棲區,0,1,0,8,1,5,30,4,1,1,5,4,5,7,3,1,10,5,5,2,15,6,2,9,3,4,C03,7,9,1,10,2,11,,6,6,1,22,8,C03,120.55022,24.249146,2
2023,2,27,11,49,臺中市,南屯區,0,0,0,,,,50,,,,,,,,,,,,,,,7,,,,,B03,,,1,,1,,,7,,1,22,,B03,120.635789,24.143066,3
2023,2,27,11,49,臺中市,西屯區,0,1,0,8,1,5,50,3,1,1,5,4,5,7,4,4,10,5,5,2,16,7,3,10,1,1,B03,7,8,1,8,2,6,,7,7,1,22,8,B03,120.638548,24.181668,2
2023,2,27,11,57,臺中市,西屯區,0,1,0,8,1,5,30,3,1,1,5,4,5,7,4,4,10,5,5,2,16,6,3,10,3,4,B03,7,5,1,8,2,8,,6,6,1,22,8,B03,120.662268,24.163831,2
2023,2,27,11,59,臺中市,南屯區,0,2,0,8,1,5,50,4,1,1,5,4,5,7,4,4,5,5,4,2,16,23,2,8,1,1,C03,7,9,1,10,2,11,,23,23,1,22,8,C03,120.643036,24.136029,2
2023,2,27,12,0,臺中市,沙鹿區,0,0,0,8,,,50,,,,,,,,,,,,,,,16,,,,,C03,,,1,,2,,,16,,1,4,,C03,120.566488,24.235569,3
2023,2,27,12,0,臺中市,外埔區,0,1,0,8,1,5,50,14,9,1,5,4,5,7,4,4,9,5,5,1,13,16,2,8,1,1,C03,7,9,2,18,2,11,,16,16,1,22,8,C03,120.628691,24.334068,2
2023,2,27,12,0,臺中市,神岡區,0,2,0,8,1,5,60,15,9,1,5,4,5,7,1,1,1,4,5,1,17,25,2,7,1,1,C03,7,9,1,10,2,12,,25,25,1,22,8,C03,120.68246,24.246093,2
2023,2,27,12,3,臺中市,大甲區,0,0,0,8,,,50,,,,,,,,,,,,,,,2,,,,,B03,,,1,,1,,,2,,1,22,,B03,120.623506,24.344103,3
2023,2,27,12,11,臺中市,大里區,0,0,0,8,,,50,,,,,,,,,,,,,,,23,,,,,C03,,,4,,1,,,23,,1,21,,C03,120.697786,24.089895,3
2023,2,27,12,12,臺中市,北屯區,0,0,0,8,,,50,,,,,,,,,,,,,,,16,,,,,C03,,,1,,1,,,16,,1,22,,C03,120.683406,24.170992,3
2023,2,27,12,13,臺中市,新社區,0,0,0,8,,,50,,,,,,,,,,,,,,,26,,,,,B02,,,1,,2,,,26,,1,5,,B02,120.795817,24.210659,3
2023,2,27,12,14,臺中市,沙鹿區,0,1,0,8,1,5,50,4,1,1,5,4,5,7,4,4,10,5,5,2,15,6,2,9,1,1,C03,7,9,1,10,2,12,,6,6,1,21,8,C03,120.564173,24.242818,2
2023,2,27,12,15,臺中市,北屯區,0,3,0,8,1,5,50,4,1,1,5,4,5,7,1,1,10,5,5,2,15,25,2,7,3,4,B03,7,9,1,8,2,1,,25,25,1,21,8,B03,120.690626,24.200846,2
2023,2,27,12,16,臺中市,烏日區,0,2,0,8,1,5,60,14,9,1,5,4,5,7,4,4,1,4,5,2,13,16,2,9,1,1,C03,7,9,1,10,2,11,,16,16,1,4,8,C03,120.599642,24.110249,2
2023,2,27,12,17,臺中市,南屯區,0,0,0,8,,,50,,,,,,,,,,,,,,,23,,,,,B03,,,1,,9,,,23,,1,22,,B03,120.608604,24.14501,3
2023,2,27,12,22,臺中市,西屯區,0,0,0,8,,,50,,,,,,,,,,,,,,,7,,,,,B03,,,1,,1,,,7,,1,22,,B03,120.636632,24.171218,3
2023,2,27,12,26,臺中市,北屯區,0,1,0,8,1,5,50,14,9,1,5,4,5,7,4,4,5,5,5,2,16,18,2,9,1,1,C03,7,3,1,10,1,14,,18,18,1,21,8,C03,120.679501,24.180798,2
2023,2,27,12,26,臺中市,梧棲區,0,3,0,8,1,5,40,3,1,1,5,4,5,7,4,4,10,5,5,2,17,23,2,9,3,4,C03,7,6,1,10,2,14,,23,23,1,22,8,C03,120.539946,24.257945,2
2023,2,27,12,29,臺中市,大甲區,0,1,0,8,1,5,30,14,9,1,5,4,5,7,4,4,10,5,5,1,26,23,2,1,1,1,B03,7,9,1,8,7,5,,23,23,1,22,9,B03,120.63519,24.370156,2
2023,2,27,12,30,臺中市,西屯區,0,0,0,,,,50,,,,,,,,,,,,,,,23,,,,,C03,,,1,,1,,,23,,1,22,,C03,120.642478,24.169551,3
2023,2,27,12,30,臺中市,后里區,0,1,0,8,1,5,50,4,1,1,5,4,5,7,1,1,10,5,5,2,15,25,3,10,1,1,B03,7,1,1,8,2,1,,25,25,1,9,8,B03,120.709387,24.311002,2
2023,2,27,12,31,臺中市,豐原區,0,0,0,8,,,50,,,,,,,,,,,,,,,12,,,,,B03,,,1,,2,,,12,,1,22,,B03,120.719408,24.252708,3
2023,2,27,12,42,臺中市,潭子區,0,3,0,8,1,5,50,14,9,1,5,4,5,7,4,4,5,5,4,1,16,8,2,8,1,1,C03,7,5,3,18,2,11,,8,8,1,22,8,C03,120.717294,24.204101,2
2023,2,27,12,45,臺中市,烏日區,0,0,0,8,,,50,,,,,,,,,,,,,,,23,,,,,B03,,,1,,2,,,23,,1,21,,B03,120.625269,24.106247,3
2023,2,27,12,45,臺中市,豐原區,0,1,0,8,1,5,30,3,1,1,5,4,5,7,4,4,10,5,5,2,15,6,2,9,1,1,C03,7,9,1,10,2,11,,6,6,1,22,8,C03,120.7269,24.255083,2
2023,2,27,12,50,臺中市,西屯區,0,0,0,8,,,30,,,,,,,,,,,,,,,23,,,,,B03,,,1,,1,,,23,,1,12,,B03,120.650855,24.209277,3
2023,2,27,12,50,臺中市,豐原區,0,0,0,8,3,5,40,11,9,1,5,4,5,7,4,4,10,5,5,2,16,23,3,10,3,4,B12,7,5,1,8,1,8,,23,23,1,21,9,B12,120.720108,24.242863,3
2023,2,27,12,54,臺中市,西屯區,0,0,0,8,,,40,,,,,,,,,,,,,,,16,,,,,C03,,,1,,1,,,16,,1,22,,C03,120.645304,24.164764,3
2023,2,27,12,55,臺中市,霧峰區,0,1,0,8,1,5,50,3,1,1,5,4,5,7,4,4,9,5,5,1,16,6,3,10,1,1,B03,7,6,1,8,2,8,,6,6,1,22,8,B03,120.701661,24.067536,2
2023,2,27,13,8,臺中市,西屯區,0,0,0,8,,,40,,,,,,,,,,,,,,,16,,,,,C03,,,1,,1,,,16,,1,22,,C03,120.643643,24.165818,3
2023,2,27,13,12,臺中市,西屯區,0,0,0,8,,,50,,,,,,,,,,,,,,,23,,,,,B03,,,1,,1,,,23,23,1,22,,B03,120.63515,24.172351,3
2023,2,27,13,20,臺中市,西區,0,0,0,8,,,40,,,,,,,,,,,,,,,23,,,,,C03,,,1,,2,,,23,,1,4,,C03,120.657511,24.153835,3
2023,2,27,13,20,臺中市,太平區,0,1,0,8,1,5,50,4,18,1,5,4,5,7,2,1,10,5,5,2,3,15,3,10,1,1,B03,7,5,4,10,2,8,,15,15,1,21,8,B03,120.720816,24.13055,2
2023,2,27,13,20,臺中市,烏日區,0,0,0,8,,,50,,,,,,,,,,,,,,,23,,,,,B03,,,1,,2,,,23,23,1,10,,B03,120.604496,24.107388,3
2023,2,27,13,26,臺中市,南屯區,0,0,0,,,,50,,,,,,,,,,,,,,,23,,,,,B03,,,1,,1,,,23,23,1,4,,B03,120.624029,24.151884,3
2023,2,27,13,30,臺中市,太平區,0,1,0,8,1,5,40,14,9,1,5,4,5,7,4,4,5,4,5,1,17,23,2,9,1,1,C02,7,9,1,9,2,11,,23,23,1,22,5,C02,120.774541,24.103061,2
2023,2,27,13,35,臺中市,梧棲區,0,0,0,8,,,30,,,,,,,,,,,,,,,6,,,,,B03,,,1,,1,,,6,,1,2,,B03,120.54403,24.246259,3
2023,2,27,13,37,臺中市,太平區,0,2,0,8,1,5,50,4,1,1,5,4,5,7,2,1,10,5,5,2,16,6,3,10,1,1,B03,7,6,1,8,2,5,,6,6,1,5,6,B03,120.72333,24.14944,2
2023,2,27,13,37,臺中市,烏日區,0,0,0,8,,,50,,,,,,,,,,,,,,,12,,,,,B03,,,1,,2,,,12,,1,21,,B03,120.608972,24.10554,3
2023,2,27,13,40,臺中市,龍井區,0,0,0,8,,,40,,,,,,,,,,,,,,,23,,,,,B03,,,1,,2,,,23,,1,22,,B03,120.587233,24.185421,3
2023,2,27,13,50,臺中市,大雅區,0,0,0,8,,,30,,,,,,,,,,,,,,,12,,,,,B03,,,1,,2,,,12,,1,22,,B03,120.65276,24.2198,3
2023,2,27,13,57,臺中市,北屯區,0,0,0,8,,,50,,,,,,,,,,,,,,,16,,,,,B03,,,1,,2,,,16,,1,5,,B03,120.782266,24.174935,3
2023,2,27,13,58,臺中市,北屯區,0,0,0,8,,,50,,,,,,,,,,,,,,,42,,,,,B03,,,1,,1,,,42,,1,22,,B03,120.727232,24.179746,3
2023,2,27,14,3,臺中市,南屯區,0,0,0,8,,,40,,,,,,,,,,,,,,,12,,,,,B03,,,1,,2,,,12,,1,22,,B03,120.642864,24.133714,3
2023,2,27,14,4,臺中市,西屯區,0,1,0,8,1,5,50,14,7,1,5,4,5,7,4,4,1,4,4,2,13,23,3,10,3,4,B03,7,7,1,8,1,5,,23,23,1,22,8,B03,120.626551,24.181396,2
2023,2,27,14,4,臺中市,烏日區,0,2,0,8,1,5,30,11,9,1,5,4,5,7,4,4,10,5,5,2,11,5,2,8,1,1,C03,7,9,3,18,2,14,,5,5,1,5,8,C03,120.606078,24.119335,2
2023,2,27,14,4,臺中市,大安區,0,2,0,8,1,5,50,14,9,1,5,4,5,7,4,4,9,5,5,1,16,19,2,8,1,1,C03,7,1,1,10,2,14,,19,19,1,22,9,C03,120.591022,24.383384,2
2023,2,27,14,5,臺中市,大雅區,0,1,0,8,1,5,30,11,9,1,5,4,5,7,4,4,10,5,5,1,11,5,3,10,1,1,B03,7,9,1,8,2,4,,5,5,1,22,8,B03,120.665829,24.207048,2
2023,2,27,14,16,臺中市,北區,0,0,0,8,1,5,50,4,7,1,5,4,5,7,1,1,8,3,4,2,13,23,,,,,B02,,,1,,1,,,23,,1,22,,B02,120.676716,24.159072,3
2023,2,27,14,18,臺中市,北屯區,0,0,0,8,,,40,,,,,,,,,,,,,,,23,,,,,B12,,,1,,2,,,23,,1,22,,B12,120.719033,24.16338,3
2023,2,27,14,19,臺中市,西區,0,3,0,8,1,5,50,4,2,1,5,4,5,7,1,1,1,4,3,2,16,26,2,9,1,1,C03,7,11,2,18,11,12,,26,26,2,22,8,C03,120.671879,24.149002,2
2023,2,27,14,23,臺中市,大里區,0,0,0,8,,,30,,,,,,,,,,,,,,,6,,,,,B03,,,1,,2,,,6,6,1,11,,B03,120.682483,24.096113,3
2023,2,27,14,24,臺中市,北屯區,0,0,0,8,,,50,,,,,,,,,,,,,,,23,,,,,B03,,,1,,2,,,23,,1,22,,B03,120.710719,24.18224,3
2023,2,27,14,25,臺中市,霧峰區,0,1,0,8,1,5,50,4,1,1,5,4,5,7,1,1,10,5,5,2,16,6,3,10,1,1,B12,7,5,1,8,2,6,,6,6,1,12,8,B12,120.698548,24.063253,2
2023,2,27,14,27,臺中市,西區,0,2,0,8,1,5,40,3,7,1,5,4,5,7,2,1,1,2,4,2,13,23,2,8,1,1,C03,7,9,1,10,2,11,,23,23,1,18,8,C03,120.663855,24.140035,2
2023,2,27,14,30,臺中市,大肚區,0,0,0,8,,,30,,,,,,,,,,,,,,,23,,,,,A12,,,1,,2,,,23,,1,21,,A12,120.575602,24.162193,3
2023,2,27,14,35,臺中市,北區,0,1,0,8,1,5,50,4,2,1,5,4,5,7,1,1,5,5,5,2,14,12,3,10,1,1,B03,7,2,1,8,2,3,,12,12,1,22,8,B03,120.68367,24.161579,2
2023,2,27,14,35,臺中市,北區,0,0,0,,,,50,,,,,,,,,,,,,,,23,,,,,B12,,,1,,1,,,23,,1,21,,B12,120.686678,24.166907,3
2023,2,27,14,36,臺中市,南區,0,1,0,8,1,5,50,4,2,1,5,4,5,7,2,1,2,4,5,2,13,23,2,8,3,4,C03,7,9,1,10,2,11,,23,23,1,5,8,C03,120.679296,24.12208,2
2023,2,27,14,37,臺中市,大肚區,0,0,0,,,,50,,,,,,,,,,,,,,,42,,,,,B03,,,1,,2,,,42,,1,20,,B03,120.54105,24.15201,3
2023,2,27,14,39,臺中市,東區,0,2,0,8,1,5,50,14,9,1,5,4,5,7,4,4,5,4,5,2,16,42,2,9,1,1,C03,7,15,1,10,2,12,,42,42,1,22,8,C03,120.689223,24.143485,2
2023,2,27,14,40,臺中市,東區,0,1,0,8,1,5,50,4,1,1,5,4,5,7,1,1,10,5,5,2,12,1,2,9,1,1,C03,7,4,1,10,2,14,,1,1,1,5,8,C03,120.695911,24.14274,2
2023,2,27,14,42,臺中市,清水區,0,3,0,8,1,5,50,5,1,1,5,4,5,7,1,1,10,5,5,2,12,17,2,9,1,1,C03,7,9,4,11,2,11,12,17,17,1,5,5,C03,120.595196,24.300263,2
2023,2,27,14,45,臺中市,西區,0,0,0,8,1,5,50,14,7,1,5,4,5,7,1,1,5,2,5,2,13,23,,,,,B03,,,1,,2,,,23,,1,4,,B03,120.675123,24.138351,3
2023,2,27,14,45,臺中市,西屯區,0,3,0,8,1,5,30,4,1,1,5,4,5,7,4,4,10,5,5,2,15,6,2,9,1,1,C03,7,9,1,10,2,14,,6,6,1,4,8,C03,120.654124,24.171904,2
2023,2,27,14,46,臺中市,北屯區,0,0,0,8,,,50,,,,,,,,,,,,,,,43,,,,,B03,,,5,,9,,,43,43,1,21,,B03,120.715765,24.18241,3
2023,2,27,14,47,臺中市,大甲區,0,0,0,,,,40,,,,,,,,,,,,,,,6,,,,,B12,,,1,,1,,,6,6,1,22,,B12,120.627746,24.347894,3
2023,2,27,14,48,臺中市,西屯區,0,1,0,8,1,8,40,14,7,1,5,4,5,7,4,4,9,5,4,2,12,19,3,10,1,1,B03,7,1,1,8,2,8,,19,19,1,22,8,B03,120.640191,24.161745,2
2023,2,27,14,51,臺中市,北屯區,0,1,0,8,1,5,50,3,2,1,5,4,5,7,2,1,5,5,5,2,17,8,2,8,3,4,F01,7,5,8,20,2,16,,8,8,1,21,8,F01,120.707837,24.180086,2
2023,2,27,14,51,臺中市,大甲區,0,1,0,8,1,5,50,3,1,1,5,4,5,7,1,1,10,5,5,2,16,1,2,8,1,1,C03,7,4,1,10,2,12,,1,1,1,9,8,C03,120.660632,24.384908,2
2023,2,27,14,55,臺中市,大里區,0,1,0,8,1,5,30,4,1,1,5,4,5,7,4,4,10,5,5,2,16,6,3,10,1,1,C03,7,9,1,10,2,12,,6,6,1,22,8,C03,120.71062,24.085688,2
2023,2,27,14,56,臺中市,潭子區,0,0,0,8,,,60,,,,,,,,,,,,,,,16,,,,,C03,,,1,,2,,,16,,1,22,,C03,120.705615,24.2164,3
2023,2,27,14,57,臺中市,西區,0,0,0,8,,,50,,,,,,,,,,,,,,,42,,,,,B03,,,1,,1,,,42,,1,21,,B03,120.679894,24.139367,3
2023,2,27,15,3,臺中市,豐原區,0,1,0,8,1,5,50,4,1,1,5,4,5,7,1,1,10,5,5,2,15,25,2,9,3,1,F01,7,9,8,20,9,16,,25,25,1,14,8,F01,120.715049,24.25613,2
2023,2,27,15,9,臺中市,南屯區,0,0,0,8,,,40,,,,,,,,,,,,,,,18,,,,,B03,,,1,,2,,,18,,1,20,,B03,120.647172,24.132068,3
2023,2,27,15,10,臺中市,神岡區,0,0,0,8,,,50,,,,,,,,,,,,,,,16,,,,,B03,,,1,,2,,,16,,1,12,,B03,120.698029,24.248957,3
2023,2,27,15,15,臺中市,西屯區,0,0,0,8,,,50,,,,,,,,,,,,,,,8,,,,,C03,,,3,,2,,,8,,1,22,,C03,120.61146,24.186965,3
2023,2,27,15,15,臺中市,大里區,0,2,0,8,1,5,30,4,1,1,5,4,5,7,4,4,10,5,5,2,16,6,2,8,1,1,C03,7,9,1,10,2,12,,6,6,1,10,8,C03,120.70083,24.104995,2
2023,2,27,15,16,臺中市,北屯區,0,0,0,8,,,50,,,,,,,,,,,,,,,12,,,,,B02,,,1,,1,,,12,,1,21,,B02,120.68324,24.171881,3
2023,2,27,15,17,臺中市,太平區,0,1,0,8,1,5,50,5,1,1,5,4,5,7,1,1,10,5,5,2,16,8,2,9,4,5,F06,7,5,8,20,2,16,,8,8,1,22,5,F06,120.724564,24.149605,2
2023,2,27,15,18,臺中市,北屯區,0,0,0,8,,,50,,,,,,,,,,,,,,,1,,,,,B03,,,1,,2,,,1,,1,21,,B03,120.783545,24.176091,3
2023,2,27,15,20,臺中市,北區,0,0,0,8,,,50,,,,,,,,,,,,,,,26,,,,,B03,,,1,,2,,,44,26,1,22,,B03,120.68616,24.146227,3
2023,2,27,15,24,臺中市,太平區,0,1,0,8,1,5,50,3,9,1,5,4,5,7,4,4,5,4,5,2,17,19,3,10,1,1,B12,7,1,6,8,2,4,,19,19,1,21,8,B12,120.70426,24.155204,2
2023,2,27,15,29,臺中市,豐原區,0,0,0,8,,,30,,,,,,,,,,,,,,,12,,,,,B03,,,1,,2,,,12,,1,4,,B03,120.738213,24.2703,3
2023,2,27,15,32,臺中市,北區,0,0,0,8,1,5,50,4,1,1,5,4,5,7,1,1,10,5,5,2,12,23,,,,,B03,,,1,,2,,,23,,1,22,,B03,120.675976,24.151537,3
2023,2,27,15,32,臺中市,大里區,0,0,0,8,,,50,,,,,,,,,,,,,,,17,,,,,B03,,,1,,2,,,17,,1,5,,B03,120.68611,24.113423,3
2023,2,27,15,32,臺中市,豐原區,0,0,0,8,,,30,,,,,,,,,,,,,,,16,,,,,B03,,,1,,2,,,16,,1,22,,B03,120.721268,24.278174,3
2023,2,27,15,33,臺中市,霧峰區,0,0,0,8,1,5,30,4,1,1,5,4,5,7,3,1,10,5,5,2,17,6,3,10,1,1,B03,7,5,1,8,5,8,5,6,6,1,22,8,B03,120.670783,24.030366,3
2023,2,27,15,34,臺中市,霧峰區,0,1,0,8,1,5,50,3,1,1,5,4,5,7,1,1,10,5,5,2,17,42,2,9,3,4,C03,7,9,1,10,2,14,,42,42,1,21,5,C03,120.699197,24.068843,2
2023,2,27,15,35,臺中市,外埔區,0,2,0,8,1,5,50,4,1,1,5,4,5,7,4,4,10,5,5,2,16,6,2,9,2,1,F01,7,5,8,20,2,16,,6,6,1,22,8,F01,120.651963,24.330266,2
2023,2,27,15,37,臺中市,西屯區,0,1,0,8,1,5,40,3,1,1,5,4,5,7,4,4,10,5,5,2,16,6,3,10,1,1,B03,7,6,1,8,2,2,,6,6,1,22,8,B03,120.648257,24.173678,2
2023,2,27,15,40,臺中市,西區,0,0,0,8,1,5,50,4,2,1,5,4,5,7,4,4,5,2,5,2,12,23,,,,,B12,,,1,,1,,,23,,1,10,,B12,120.658812,24.142468,3
2023,2,27,15,40,臺中市,太平區,0,1,0,8,1,5,30,11,9,1,5,4,5,7,4,4,5,5,5,1,13,16,2,8,1,1,C03,7,9,3,18,2,11,,16,16,1,9,5,C03,120.80787,24.098273,2
2023,2,27,15,46,臺中市,北區,0,0,0,8,,,50,,,,,,,,,,,,,,,12,,,,,B03,,,1,,2,,,12,,1,22,,B03,120.687984,24.151685,3
2023,2,27,15,47,臺中市,大雅區,0,0,0,8,,,30,,,,,,,,,,,,,,,5,,,,,B03,,,1,,2,,,5,,1,22,,B03,120.668388,24.2031,3
2023,2,27,15,47,臺中市,西區,0,2,0,8,1,5,50,4,1,1,5,4,5,7,1,1,10,5,5,2,16,6,3,10,3,4,B12,7,6,1,8,2,6,,6,6,1,21,8,B12,120.657348,24.13381,2
2023,2,27,15,47,臺中市,東區,0,2,0,8,1,5,50,3,2,1,5,4,5,7,2,1,1,4,5,2,16,25,3,10,1,1,C03,7,6,1,10,2,13,,25,25,1,18,8,C03,120.686281,24.144579,2
2023,2,27,15,49,臺中市,西屯區,0,0,0,8,,,50,,,,,,,,,,,,,,,6,,,,,B03,,,1,,11,,,6,,1,22,,B03,120.626819,24.183026,3
2023,2,27,15,50,臺中市,南區,0,0,0,8,,,40,,,,,,,,,,,,,,,19,,,,,B03,,,1,,2,,,19,,1,22,,B03,120.670041,24.128876,3
2023,2,27,15,50,臺中市,沙鹿區,0,1,0,8,1,5,50,4,2,1,5,4,5,7,1,1,3,3,3,1,17,25,3,10,3,4,B03,7,9,1,8,2,2,,25,25,1,22,8,B03,120.571938,24.242416,2
2023,2,27,15,53,臺中市,北區,0,1,0,8,1,5,50,3,1,1,5,4,5,7,4,4,5,4,4,2,16,26,2,9,1,1,C03,7,5,4,11,2,12,,26,26,1,22,8,C03,120.676266,24.159207,2
2023,2,27,15,57,臺中市,北屯區,0,0,0,8,,,50,,,,,,,,,,,,,,,23,,,,,B03,,,1,,1,,,23,,1,21,,B03,120.720422,24.162927,3
2023,2,27,16,1,臺中市,西屯區,0,0,0,8,,,40,,,,,,,,,,,,,,,42,,,,,B03,,,1,,1,,,42,,1,22,,B03,120.641482,24.167788,3
2023,2,27,16,5,臺中市,北屯區,0,0,0,8,,,50,,,,,,,,,,,,,,,16,,,,,B03,,,1,,1,,,16,,1,21,,B03,120.664293,24.185648,3
2023,2,27,16,5,臺中市,大里區,0,1,0,8,1,5,50,14,8,1,5,4,5,7,4,4,9,4,5,1,12,23,3,10,1,1,C03,7,9,1,10,2,12,,23,23,1,8,8,C03,120.675022,24.106076,2
2023,2,27,16,8,臺中市,潭子區,0,0,0,8,,,50,,,,,,,,,,,,,,,23,,,,,C03,,,6,,9,,,23,,1,22,,C03,120.710836,24.214328,3
2023,2,27,16,11,臺中市,太平區,0,1,0,8,1,5,50,4,1,1,5,4,5,7,4,4,10,5,5,2,15,6,3,10,1,1,B03,7,9,1,8,2,6,,6,6,1,22,5,B03,120.728353,24.154888,2
2023,2,27,16,18,臺中市,西區,0,1,0,8,1,5,50,4,1,1,5,4,5,7,2,1,10,5,5,2,17,25,3,10,1,1,C03,7,15,3,18,2,14,,23,25,1,5,5,C03,120.668198,24.146717,2
2023,2,27,16,20,臺中市,神岡區,0,3,0,8,1,5,50,4,1,1,5,4,5,7,1,1,5,5,4,2,16,6,2,9,1,1,C03,7,5,1,9,2,11,,6,6,1,21,8,C03,120.661368,24.25886,2
2023,2,27,16,20,臺中市,豐原區,0,0,0,8,,,50,,,,,,,,,,,,,,,23,,,,,B03,,,1,,2,,,44,23,1,22,,B03,120.749422,24.26812,3
2023,2,27,16,22,臺中市,南屯區,0,0,0,,,,50,,,,,,,,,,,,,,,16,,,,,B03,,,1,,1,,,16,16,1,4,,B03,120.648393,24.133299,3
2023,2,27,16,24,臺中市,北屯區,0,0,0,8,,,50,,,,,,,,,,,,,,,7,,,,,A02,,,1,,2,,,7,,1,21,,A02,120.685494,24.173358,3
2023,2,27,16,27,臺中市,大里區,0,0,0,8,,,50,,,,,,,,,,,,,,,23,,,,,B03,,,1,,2,,,23,,1,5,,B03,120.69704,24.111168,3
2023,2,27,16,28,臺中市,沙鹿區,0,0,0,8,,,40,,,,,,,,,,,,,,,18,,,,,B01,,,1,,2,,,18,,1,22,,B01,120.575738,24.227118,3
2023,2,27,16,29,臺中市,西區,0,2,0,8,1,5,50,4,1,1,5,4,5,7,1,1,5,4,5,2,16,9,3,10,1,1,B03,7,6,1,8,2,5,,9,9,1,22,8,B03,120.665271,24.149036,2
2023,2,27,16,29,臺中市,西屯區,0,0,0,8,1,5,50,14,7,1,5,4,5,7,4,4,9,5,4,2,13,23,3,10,1,1,B03,7,9,1,8,2,1,,23,23,1,5,3,B03,120.634063,24.160118,3
2023,2,27,16,30,臺中市,西屯區,0,2,0,8,1,5,40,3,1,1,5,4,5,7,1,1,10,5,5,2,13,16,2,9,3,4,C03,7,9,1,9,2,11,,16,16,1,22,8,C03,120.64238,24.169413,2
2023,2,27,16,30,臺中市,外埔區,0,1,0,8,1,5,70,14,13,1,5,4,5,7,4,4,1,3,5,1,13,23,2,9,1,1,C03,7,4,1,10,2,11,,23,23,1,21,4,C03,120.650427,24.322333,2
2023,2,27,16,33,臺中市,西區,0,0,0,8,,,50,,,,,,,,,,,,,,,6,,,,,B03,,,1,,1,,,6,,1,4,,B03,120.66697,24.146408,3
2023,2,27,16,34,臺中市,西屯區,0,0,0,8,,,40,,,,,,,,,,,,,,,44,,,,,B03,,,1,,1,,,44,44,1,22,,B03,120.628402,24.162811,3
2023,2,27,16,35,臺中市,南屯區,0,0,0,8,,,50,,,,,,,,,,,,,,,23,,,,,B02,,,3,,1,,,23,,1,22,,B02,120.623241,24.137107,3
2023,2,27,16,40,臺中市,西屯區,0,0,0,8,,,50,,,,,,,,,,,,,,,43,,,,,B03,,,1,,11,,,43,,1,22,,B03,120.629001,24.163876,3
2023,2,27,16,41,臺中市,龍井區,0,0,0,8,,,50,,,,,,,,,,,,,,,18,,,,,B03,,,1,,2,,,18,,1,9,,B03,120.524797,24.21173,3
2023,2,27,16,42,臺中市,北屯區,0,0,0,8,,,80,,,,,,,,,,,,,,,23,,,,,B03,,,1,,2,,,23,,1,21,,B03,120.718699,24.161601,3
2023,2,27,16,46,臺中市,西屯區,0,0,0,8,,,50,,,,,,,,,,,,,,,42,,,,,B02,,,1,,2,,,42,,1,22,,B02,120.619048,24.181532,3
2023,2,27,16,51,臺中市,中區,0,0,0,8,,,50,,,,,,,,,,,,,,,23,,,,,B03,,,1,,2,,,23,,1,21,,B03,120.685695,24.143194,4
2023,2,27,16,51,臺中市,北區,0,2,0,8,1,5,50,14,8,1,5,4,5,7,4,4,1,4,4,2,12,23,2,8,1,1,C03,7,9,1,10,2,12,,23,23,1,22,8,C03,120.688565,24.146538,2
2023,2,27,16,53,臺中市,西屯區,0,0,0,8,2,5,50,14,9,1,5,4,5,7,4,4,1,4,5,2,12,7,3,10,1,1,B03,7,8,1,8,1,2,,7,7,1,4,7,B03,120.637501,24.170733,3
2023,2,27,16,58,臺中市,西屯區,0,0,0,8,,,40,,,,,,,,,,,,,,,23,,,,,B02,,,1,,1,,,23,,1,22,,B02,120.65024,24.162701,3
2023,2,27,16,59,臺中市,北區,0,0,0,,,,50,,,,,,,,,,,,,,,26,,,,,B03,,,1,,2,,,26,,1,21,,B03,120.681029,24.157933,3